count	term
2738	밥
2419	깨소금
1723	매실액
962	참치액
812	생강가루
812	간마늘
731	채
472	기름
465	조리용스푼
456	고추
426	쌀뜨물
415	김가루
378	버섯
371	생강술
369	숟가락
357	슈가파우더
352	육수
319	소스볼
311	다진대파
307	다진양파
301	대패삼겹살
298	멸치다시마육수
293	요리젓가락
293	김치국물
289	볶음팬
283	토마토소스
282	플레이팅접시
270	견과류
268	파마산치즈가루
253	마늘쫑
251	양상추
249	연겨자
243	진미채
240	요리당
236	참치액젓
234	소세지
230	허브솔트
223	아몬드가루
222	완성접시
199	스푼
197	조리주걱
194	빨간 파프리카
191	다진 양파
186	다진 대파
179	키친타올
179	청피망
177	떡
172	빨강파프리카
170	비엔나소세지
168	쯔유
168	면기
167	노랑파프리카
165	매실액기스
164	노란 파프리카
162	요리집게
160	찬밥
160	유리볼
159	다시마육수
156	돼지고기 앞다리살
153	땡초
151	대접
151	초코칩
137	페페론치노
133	와사비
133	순대
132	삶은계란
132	스테이크소스
130	집된장
129	식용류
129	간 마늘
124	봄동
122	바닐라익스트랙
119	빨강 파프리카
117	김밥김
117	홍피망
117	코코아가루
116	무순
115	김칫국물
114	어린잎채소
112	고운소금
108	매운고추
106	생강청
106	멸치가루
104	돼지고기앞다리살
103	딸기잼
101	노랑 파프리카
96	핫소스
96	땅콩버터
96	꼬막
96	머스터드
95	멸치 다시마 육수
92	새우살
92	빨간파프리카
91	전분물
90	찬기
90	녹인버터
89	연두
89	시나몬가루
87	궁중팬
87	양파중
85	사이다
84	갈은깨
84	아몬드슬라이스
84	머스터드소스
83	양파 작은것
83	다진당근
82	다시육수
82	만두피
81	배즙
81	다시마물
81	갈색설탕
81	멸치다시육수
80	카레
80	참나물
80	양파 작은거
77	돼지고기 목살
77	니트릴장갑
76	뚝배기
75	바닐라 익스트랙
75	김밥용김
74	밀가루박력분
73	내열용기
73	핫케이크가루
72	호
72	다크초콜릿
71	노란파프리카
70	명란
70	조림간장
70	감자중
69	코인육수
69	다진청양고추
69	허니머스타드
69	드라이이스트
69	쫄면
68	접시볼
68	공기밥
68	찹쌀풀
68	쌀뜬물
67	머스타드소스
67	겨자
67	다진 청양고추
67	라면스프
67	옥수수통조림
66	돈가스소스
66	파마산 치즈가루
65	곤약
65	면수
65	꽁치통조림
65	멸치 육수용
64	송송 썬 대파
63	냉면육수
62	완성그릇
62	양파즙
62	돼지고기목살
62	김밥용 김
61	볶은참깨
61	소고기국거리
61	대파 10cm
61	청양고춧가루
61	소불고기
60	고추장 듬뿍
60	돼지등뼈
60	미역줄기
60	파뿌리
59	나무도마
59	원당
58	새싹채소
58	현미밥
58	스텐볼
58	블랙올리브
58	녹말물
57	가는소금
57	쌀밥
57	스위트콘
57	다시마 멸치육수
57	아몬드 가루
57	돼지고기 안심
56	바닐라에센스
56	술
56	슬라이스아몬드
56	해바라기유
56	메이플시럽
56	콩가루
56	쭈꾸미
56	썬파
55	딸기쨈
55	후춧가루 소량
54	커피가루
54	두유
54	커피
53	중멸치
53	스트링치즈
52	새우가루
52	요리용나이프
52	요거트
52	다시팩
52	짜장가루
52	허니머스터드
52	다진 당근
51	옥수수캔
51	참치통조림
50	영양부추
50	매실원액
50	돼지등갈비
50	김치 국물
50	양파소
50	녹차가루
50	아가베시럽
50	피클링스파이스
49	요리주걱
49	통삼겹살
49	배춧잎
49	따뜻한 물
49	고추장 크게
49	삶은 계란
48	케챱
48	쑥
47	감자칼
47	돼지고기 찌개용
46	다진쪽파
46	감자 중간크기
46	고운 소금
46	남은치킨
45	대패 삼겹살
45	아몬드 슬라이스
45	홍파프리카
45	고운고추가루
45	닭육수
44	통조림햄
44	감자 작은거
44	요리용스푼
44	바게트빵
44	주황 파프리카
44	다시마 육수
44	누룽지
43	청양고추가루
43	고추참치
43	해물믹스
43	우동사리
43	콘옥수수
42	비엔나 소세지
42	돈까스
42	볶은 참깨
42	스파게티소스
42	배추잎
42	계핏가루
42	납작어묵
42	무말랭이
41	소고기 국거리
41	채망
41	쌈무
41	탄산수
40	햇반
40	모차렐라치즈
40	세발나물
40	흰설탕
40	비정제황설탕
40	토마토케찹
40	슈거파우더
40	베트남고추
39	콜라
39	양파 중간크기
39	간생강
38	매실엑기스
38	파프리카 빨강
38	체다슬라이스치즈
38	다진홍고추
38	체망
38	고형카레
38	인스턴트드라이이스트
38	야채
38	구운소금
38	적채
37	소고기 불고기용
37	현미유
37	얼갈이
37	샐러드채소
37	돼지앞다리살
37	송송썬파
37	어간장
37	매운고춧가루
37	소금 간맞추기
37	표고버섯가루
37	만능간장
36	뉴슈가
36	감자 중
36	주황파프리카
36	실온 무염버터
36	참기름 1바퀴
36	국멸치
36	김장김치
36	참치 액
35	파프리카 노랑
35	국그릇
35	슈가 파우더
35	팥앙금
35	씨겨자
35	즉석밥
35	돼지고기 등심
35	간양파
35	럼주
35	돼지고기안심
34	미니새송이버섯
34	묵은김치
34	소고기불고기
34	치즈가루
34	밀가루 박력분
34	식힘망
34	칼국수
33	볶은소금
33	송송 썬 쪽파
33	황태포
33	양파대
33	녹인 버터
33	소금 소량
33	사과즙
33	돼지고기등심
33	불린쌀
33	부순 깨
33	불린 쌀
32	참외
32	스텐트레이
32	포크
32	돌나물
32	후추 소량
32	다시물
32	오레오
32	다진 쪽파
32	들깻가루
32	아몬드파우더
32	송송 썬 파
32	돼지고기 잡채용
32	젓가락
32	토마토 소스
32	소고기양지
32	고추냉이
32	깻잎 1묶음
32	밀가루중력분
32	인삼
32	고구마줄기
31	후추 톡
31	감자 큰거
31	쥬키니호박
31	맛술 미림
31	박력쌀가루
31	오이피클
31	다진김치
31	양파 중
31	깻잎순
30	후추 2번
30	다시마 5cm x 5cm
30	두부 300g
30	허브소금
30	노
30	만
30	참치 액젓
30	바닐라빈
30	소고기 불고기감
30	백앙금
30	닭 볶음탕용
30	멸치다시마 육수
30	파슬리가루 생략가능
30	슬라이스 아몬드
30	허브가루
30	감자 작은것
30	대파뿌리
30	애느타리버섯
30	시판된장
30	핫케익가루
30	홍청양고추
30	지리멸치
30	쌈채소
29	훈제연어
29	조리용젓가락
29	채 썬 양파
29	구운김
29	새싹
29	보리새우
29	다시마멸치육수
29	매운 고춧가루
29	양파 큰거
29	부순깨
29	고운 고추가루
28	실리콘주걱
28	돈가스 소스
28	미니파프리카
28	실곤약
28	바닐라오일
28	돼지고기 불고기용
28	다시마우린물
28	비엔나
28	피자소스
28	생와사비
28	고추씨
27	깐메추리알
27	치킨너겟
27	소고기 국거리용
27	원형접시
27	양파 소
27	계란물
27	차가운 버터
27	불고기
27	청양고추 생략가능
27	대파 송송
27	빵
27	둥근호박
27	MSG
27	국물멸치
27	우스타소스
27	콜라비
27	간 생강
26	불닭소스
26	식용유 넉넉하게
26	돼지 앞다리살
26	전골냄비
26	어린잎
26	자색양파
26	연두순
26	돼지고기 불고기
26	반건조오징어
26	인스턴트커피
26	쌀엿
26	바질페스토
25	면보
25	토마토스파게티소스
25	당근 소량
25	미숫가루
25	땅콩분태
25	인스턴트 커피
25	체더치즈
25	레드페퍼
25	부순 참깨
25	새우젓국물
25	가는 소금
25	다진피클
25	양파 작은 것
25	골뱅이국물
25	간 양파
25	오징어실채
25	밀가루강력분
25	잡채용 돼지고기
25	쌀국수
24	코인 육수
24	소고기등심
24	홀그레인머스터드
24	참치 150g
24	밥 1그릇
24	차가운 물
24	누텔라
24	잼
24	밥주걱
24	포도씨오일
24	인스턴트 드라이이스트
24	굵은고추가루
24	판젤라틴
24	물전분
24	미더덕
24	주키니호박
23	반찬통
23	주방필러
23	다진 홍고추
23	찐고구마
23	감자소
23	식물성 오일
23	부침유
23	요리솔
23	메밀국수
23	미니단호박
23	등심
23	다진고추
23	사골국물
23	인스턴트 드라이 이스트
23	불닭볶음면
23	골뱅이통조림
23	흰밥
23	납작당면
23	베이글
23	자른미역
23	레몬청
23	소금 기호에맞게
23	소고기 양지
23	돼지고기 삼겹살
22	달걀물
22	스리라차소스
22	아기 간장
22	대파 초록부분
22	죽염
22	오븐팬
22	육수팩
22	말차가루
22	애플민트
22	집고추장
22	통깨 팍팍
22	꽃빵
22	한천가루
22	김밥 김
22	케쳡
22	마른표고버섯
22	신라면
22	소고기 등심
22	채소
22	치킨
22	사골곰탕
22	천연조미료
21	채썬 양배추
21	매셔
21	감자 큰것
21	조리용가위
21	파프리카노랑
21	샌드위치햄
21	땅콩가루
21	베이비채소
21	바닐라향
21	맛타리버섯
21	코코넛가루
21	청양고추 선택
21	실온 버터
21	훈제오리고기
21	들기름참기름
21	초코펜
21	우리밀 중력분
21	볶음참깨
21	잡채
21	청량초
21	썬 대파
21	오리훈제
21	매실진액
20	인덱스도마
20	비정제 황설탕
20	김자반
20	밥새우
20	깻가루
20	양파 큰것
20	청홍고추
20	감자대
20	다진 피클
20	바닐라엑스트렉
20	마른홍고추
20	케챂
20	스프링클
20	올리고당물엿
20	청양홍고추
20	다진 쇠고기
20	허니머스터드소스
20	조랭이떡
20	풋마늘
20	수박
20	LA갈비
20	멸치다싯물
19	비름나물
19	초록 파프리카
19	냉동만
19	다진 김치
19	참치캔 150g
19	갈은 깨
19	종이컵
19	무쌈
19	코코아 가루
19	채썬양파
19	블랙 올리브
19	양파껍질
19	따뜻한물
19	홀토마토
19	실고추
19	쟁
19	실온 달걀
19	후추가루 소량
19	맛술미림
19	흰후추
19	과일
19	우거지
19	대파잎
19	와인
19	양파 1/
19	천연조미료육수
18	두부면
18	파프리카빨강
18	매운 고추
18	다진마늘 듬뿍
18	플레인요구르트
18	리챔
18	돼지고기앞다리
18	매운 고추가루
18	관자
18	플레이팅도마
18	밥 2그릇
18	냉면 육수
18	화이트초콜릿
18	멸치다시백
18	바질잎
18	참기름들기름
18	다시마 우린물
18	돼지 등갈비
18	저염 간장
18	멸치다시다
18	레몬주스
18	양파청
18	페페로치노
18	수삼
18	곶감
18	치킨파우더
18	채 썬 파
18	북어포
18	물엿올리고당
18	호박잎
17	자일로스설탕
17	감자 작은 것
17	아보카도오일
17	초장
17	후추 3번
17	스팸 작은거
17	샤브샤브용 소고기
17	조선호박
17	깻잎 2묶음
17	탈지분유
17	두부 1모
17	채썬 양파
17	염장미역줄기
17	생강술 맛술
17	판어묵
17	소금 데칠때
17	매실 진액
17	명엽채
17	비정제 설탕
17	허니머스타드소스
17	볶음깨
17	육수다시팩
17	홍합살
16	캐첩
16	파스타접시
16	대파 다진 것
16	홍고추 생략가능
16	수저
16	후랑크소시지
16	허브맛솔트
16	대파 1뼘
16	감자전분가루
16	플레인 요구르트
16	크레미
16	후리가케
16	돈가스
16	대파 썰어서
16	닭안심살
16	요구르트
16	조각다시마
16	소고기 불고깃감
16	마시멜로우
16	양파 다진것
16	참기름 2바퀴
16	발사믹소스
16	밀가루풀
16	된장 듬뿍
16	다시마 10* 10
16	식용색소
16	물녹말
16	우렁이
15	간 깨
15	스팸 200g
15	컵
15	동전육수
15	떡볶이
15	슬라이스 체다치즈
15	매실즙
15	꽁치캔
15	돼지고기삼겹살
15	핫케이크 가루
15	샤인머스켓
15	다지기
15	자른 다시마
15	쌀조청
15	시나몬 가루
15	통조림옥수수
15	콩나물 300g
15	오만둥이
15	드라이 이스트
15	떡사리
15	청오이
15	소금 기호에 맞게 가감
15	마른김
15	다진쇠고기
15	카스테라
15	달래 1묶음
15	건새우가루
15	얼음물
15	묵은지김치
15	짜파게티
15	다진마늘 크게
15	열무김치국물
15	잣가루
15	새우젓 국물
14	도토리가루
14	알육수
14	스텐믹싱볼
14	물 200ml
14	각종채소
14	튀김팬
14	양배추잎
14	호떡믹스
14	자숙새우
14	참치캔 100g
14	스팸 햄
14	비닐백
14	럼
14	볶은통깨
14	꼬지
14	다진 땅콩
14	고춧가루 듬뿍
14	후랑크소세지
14	올리고당 2바퀴
14	빨간고추
14	참치 통조림
14	소고기샤브샤브
14	식물성오일
14	청양고추 기호에맞게
14	닭볶음용
14	냉장고속야채
14	콩나물 크게
14	다진고기
14	미니 새송이버섯
14	김치통
14	물 1소주잔
14	김치 1국그릇
14	튀김유
14	플레이팅볼
14	슬라이스체다치즈
14	쥐똥고추
14	썰은 대파
14	아이스크림
14	돌미나리
14	면
14	방풍나물
14	동그랑땡
14	절임용 소금
14	고등어통조림
14	소고기사태
14	멸치 다시 육수
14	짜장라면
14	단호박가루
14	다시백
14	볶은 소금
14	돼지고기 불고기감
14	소주 1/2병
13	스테비아
13	조리용집게
13	전자저울
13	감자 중간사이즈
13	미림맛술
13	섬초
13	마른 청양고추
13	모짜렐라치즈 원하는
13	닭가슴살 2덩어리
13	동태포
13	스팸 작은것
13	돼지고기 갈은것
13	참기름 1방울
13	골뱅이캔
13	레몬쥬스
13	물 1머그컵
13	대파초록부분
13	멀티팬
13	설탕 1/
13	오레오쿠키
13	건과일
13	홍고추 선택
13	김발
13	다크 초콜릿
13	빵칼
13	두부 찌개용
13	찐감자
13	다시마 육수용
13	나무젓가락
13	오븐장갑
13	굴비
13	올리고당설탕
13	후리카케
13	해바라기씨유
13	볶음소금
13	대파 or쪽파
13	송송 썬 청양고추
13	밴댕이
13	대파 다진것
13	밀가루 중력분
13	비빔면
13	시판 된장
13	메이플 시럽
13	연어통조림
13	미니절구
13	크림소스
13	일회용장갑
13	감자中
13	고춧기름
13	돼지고기 뒷다리살
13	당근 작은것
13	소고기 샤브샤브용
13	B.P
13	깻잎 3묶음
12	토마토파스타소스
12	위생랩
12	나무스푼
12	위생비닐
12	국거리소고기
12	국간장조선간장
12	푸실리
12	스프볼
12	바닐라설탕
12	청양 고춧가루
12	통조림 햄
12	무 중간크기
12	다진 호두
12	레몬제스트
12	찐 고구마
12	양파小
12	옥수수 통조림
12	쥬키니 호박
12	피넛버터
12	파 잘게 썬
12	베이킹파우다
12	땅콩잼
12	분당
12	흑후추가루
12	후추 10바퀴
12	식은밥
12	썬 파
12	통조림 옥수수
12	어린잎 채소
12	된장 크게
12	표고소금
12	소고기 사태
12	작은양파
12	구운 김
12	실온버터
12	떡갈비
12	발사믹크림
12	제티
12	인절미
12	종지
12	우동
12	샐러드 채소
12	소고기불고기용
12	다시마 5cm
12	돼지고기뒷다리살
12	감자 작은크기
12	그라나파다노치즈
12	오렌지주스
12	다시마 5* 5
12	조개
12	나무주걱
12	김치 잘게 썬
12	당근 생략가능
12	파 다진것
12	땅콩소스
12	콘 옥수수
12	고구마 중간크기
12	자투리채소
12	들기름 or참기름
12	짤주머니
12	볶음 소금
12	중화면
12	혼다시
12	깍두기 국물
12	각종야채
12	에스프레소
12	양념간장
12	월계수잎 생략가능
12	볶음용 멸치
12	가스오부시
12	단배추
12	계란지단
11	소불고기감
11	통깨 솔
11	새우젖
11	차가운물
11	두부 부침용
11	호밀빵
11	설탕A
11	밥공기
11	계란후라이
11	블루베리잼
11	아기간장
11	스팸 작은 사이즈
11	대패삼겹
11	후랑크 소세지
11	​간장
11	대파 뿌리
11	익은 배추김치
11	표고버섯 가루
11	쫄면사리
11	아몬드분말
11	빨간색 파프리카
11	다이제
11	쑥가루
11	팥배기
11	두부 150g
11	각얼음
11	달걀후라이
11	박력 쌀가루
11	시판 토마토소스
11	송송 썬 김치
11	마일드스팸
11	두부 작은거
11	다진호두
11	납작 오뎅
11	일반 고춧가루
11	양푼
11	허브
11	찬버터
11	참기름 선택
11	너겟
11	단감
11	후추 4번
11	양파 小
11	매실 액
11	골뱅이 통조림
11	매실 액기스
11	자숙문어
11	생강 마늘크기
11	강력쌀가루
11	갈은 돼지고기
11	골드키위
11	마른 표고버섯
11	익은배추김치
11	우렁
11	전기밥솥
11	후추 1번
11	베이크드빈
11	월남고추
11	휘핑기
11	네모어묵
11	다시육수 팩
11	다시마 5*5cm
11	마늘 슬라이스
11	불고기감
11	해물육수
11	깐 도라지
11	유채나물
11	양파 작은 거
11	왕새우
11	국시장국
11	황기
11	엿기름
10	콩나물 200g
10	비닐팩
10	물 1+
10	납작 어묵
10	순두부 350g
10	참치 작은캔
10	묵은지 김치
10	설탕B
10	에그팬
10	닭다리살 정육
10	토치
10	머스타드 소스
10	생면
10	참치캔 작은거
10	소고기 부채살
10	통들깨
10	닭가슴살 1덩어리
10	레몬식초
10	치아바타
10	모차렐라 치즈
10	통아몬드
10	홍 파프리카
10	멸치 다시육수
10	찬 밥
10	감식초
10	파슬리 생략가능
10	청양고추 취향껏
10	통깨 소량
10	녹인 무염버터
10	홀그레인 머스터드
10	만개한알
10	다진 풋고추
10	다시마 10x10cm
10	로메인상추
10	치킨텐더
10	배음료
10	양파 작은크기
10	김치 1그릇
10	고형 카레
10	우리밀중력분
10	곤이
10	바닐라익스트랙 2~3방울
10	흰 대파
10	국수소면
10	발사믹글레이즈
10	볶음김치
10	양파 100g
10	감자小
10	파마산 치즈 가루
10	후추 5번
10	바닐라 익스트렉
10	갈은 양파
10	소면 500원 동전크기
10	원형볼
10	김밥용 햄
10	달걀지단
10	노랑
10	구운 계란
10	햄버거빵
10	작은 양파
10	참치진국
10	참기름 or들기름
10	요리유
10	닭볶음용 닭
10	팔
10	돼지고기사태
10	샐러드
10	양파中
10	집 된장
10	무청
10	국거리 소고기
10	소주 1잔
10	홍시
10	백년초가루
10	무 작은거
10	배추우거지
10	파인애플통조림
10	굵은소금천일염
10	멥쌀가루
10	비지
10	김밥용 단무지
10	버섯가루
10	돼지껍데기
9	캐찹
9	사각접시
9	슬라이스 마늘
9	멸치다시마물
9	유리용기
9	팽이버섯 1묶음
9	시판토마토소스
9	고운 들깨가루
9	토마토 스파게티 소스
9	채 썬 당근
9	김밥햄
9	흰쌀밥
9	채썬 무
9	대파 다진거
9	소고기 홍두깨살
9	고구마 큰거
9	요리용젓가락
9	양파 작은사이즈
9	설탕 B
9	분홍소시지
9	마스카포네 치즈
9	호두분태
9	참기름 2방울
9	식은 밥
9	고구마중
9	실온 계란
9	큰무
9	작은 무
9	쇠고기다시다
9	머스터드 소스
9	전기포트
9	초코시럽
9	밧드
9	양상치
9	굵은 고추가루
9	배추김치 1/4등분
9	슈레드치즈
9	양파 생략가능
9	가츠오부시
9	불닭볶음면소스
9	스팸 작은캔
9	깨순
9	다진 청고추
9	양파 큰 것
9	김자
9	발효 버터
9	파마산가루
9	미니 단호박
9	깻잎 4묶음
9	코코아분말
9	다진부추
9	백련초가루
9	호밀식빵
9	닭가슴살캔
9	물 2머그컵
9	황태머리
9	깨가루
9	크린베리
9	국수장국
9	오미자청
9	홍게간장
9	라임즙
9	카카오닙스
9	소고기 안심
9	요리엿
9	체다 슬라이스치즈
9	다시마 손바닥크기
9	냉동해물
9	호밀가루
9	다시마 5x5cm
9	멸치 멸치볶음
9	파프리카파우더
9	사각오뎅
9	마늘 1술
9	파프리카 파우더
9	채썬 대파
9	다시마 우린 물
9	들기름 2술
9	고구마 작은거
9	가쓰오부시장국
9	마른 홍고추
9	소고기 장조림용
9	조갯살
9	소금간
9	자른 미역
9	생밤
9	베이크드빈스
9	샐러드야채
9	씨리얼
9	고춧잎
9	맵쌀
8	찐계란
8	주방나이프
8	무즙
8	소금 선택
8	깻순
8	쪽파 송송
8	연와사비
8	멸치다시마티백
8	크래미맛살
8	무청시래기
8	빨강
8	요리 당
8	단단한 두부
8	깐 메추리알
8	생강맛술
8	비타민채소
8	쪽파 or대파
8	모둠어묵
8	머쉬마루 버섯
8	샐러드 야채
8	살치살
8	굵은멸치
8	체다 슬라이스 치즈
8	설탕 A
8	그라인드후추
8	박력밀가루
8	민트잎
8	양파 작
8	도시락 김
8	채썬 당근
8	그래놀라
8	햄프씨드
8	치킨육수
8	물 600ml
8	양파 반개
8	오이맛고추
8	대파 고명용
8	노란색 파프리카
8	다진땅콩
8	당근 작은거
8	꽃새우
8	완숙 토마토
8	굵은후춧가루
8	포두부
8	수제소시지
8	무가당 코코아가루
8	b.p
8	훈제닭가슴살
8	찐 단호박
8	대파 썬 것
8	오징어다리
8	바닐라아이스크림
8	노추
8	해물
8	바닐라 오일
8	송송썬대파
8	사과주스
8	빨강피망
8	다진 단무지
8	파래김
8	멸치국물
8	자반고등어
8	바닐라 에센스
8	작은 감자
8	다진 견과류
8	큰 감자
8	다시마 물
8	채끝살
8	김치묵은지
8	야채탈수기
8	생강 가루
8	표고가루
8	찬우유
8	멸치다시물
8	코코아
8	무 5cm
8	노랑피망
8	사각 오뎅
8	감자 작은 거
8	고춧가루 1/
8	유정란
8	참치캔 작은것
8	크렌베리
8	다진 파슬리
8	후추 생략가능
8	참타리버섯
8	오리엔탈드레싱
8	맛술소주
8	당근소
8	완두배기
8	갈은돼지고기
8	손 두부
8	올리브유 식용유
8	아보카도 오일
8	레몬즙 생략가능
8	레몬껍질
8	핫케이크 믹스
8	인스턴드라이이스트
8	설탕 생략가능
8	물미역
8	무 한토막
8	오이채
8	아기치즈
8	마스카포네치즈
8	젓갈
8	소금 1/
8	김밥용햄
8	파 뿌리
8	당면사리
8	캡사이신
8	제누와즈
8	대파 15cm
8	콩나물 150g
8	대파 20cm
8	사과잼
8	건지개
8	감자大
8	갈비
8	닭한마리
8	낫또
8	마스코바도 설탕
8	로즈메리
8	돼지고기 전지
8	간장 1+
8	작은감자
8	무중
8	흰대파
8	천도복숭아
8	마늘 2술
8	우엉조림
8	데친 단배추
8	잘익은 김치
8	참소스
8	골뱅이 국물
8	마늘간것
8	짜장분말
8	다시용멸치
8	콩
8	소금 1+
8	슬라이스마늘
8	3배 식초
8	당근중
8	등뼈
8	조미술
7	설탕 1+
7	찐단호박
7	감자 대
7	으깬통깨
7	가시오이
7	전자레인지용기
7	프랑크소세지
7	쯔유간장
7	허니 머스터드
7	알새우
7	당근 1/3등분
7	양파 중간 사이즈
7	설탕 1/3컵
7	냉동 새우살
7	달걀프라이
7	통조림 참치
7	꿀호떡
7	아기 치즈
7	후추 선택
7	후추 넉넉하게
7	무가당코코아가루
7	참기름 1~2방울
7	배추 잎
7	생강채
7	잡곡밥
7	다시마국물
7	따뜻한 밥
7	산딸기
7	식용유 2바퀴
7	스팸햄
7	양상추 2잎
7	다크커버춰초콜릿
7	순두부 400g
7	파슬리가루 선택
7	채썬당근
7	해산물
7	전란
7	다시마 10cm
7	쇠고기 불고기용
7	닭가슴살 120g
7	손두부
7	소고기불고기감
7	참치캔 1개
7	견과류 생략가능
7	쪽파대파
7	소고기안심
7	감자 中
7	훈제 닭가슴살
7	대파쪽파
7	콩나물 1봉지
7	튀김용기름
7	김밥용단무지
7	잘 익은 김치
7	골뱅이 통조림 국물
7	당근 5cm
7	시판용 된장
7	딸기가루
7	명란젓갈
7	작은대파
7	판 젤라틴
7	건식 찹쌀가루
7	오징어중
7	초콜릿칩
7	생강술맛술
7	또띠야
7	링귀니
7	파르메산치즈가루
7	김치만두
7	거름망
7	계란 후라이
7	고구마 중간 사이즈
7	멸치다시마국물
7	노르웨이 고등어
7	홀 토마토
7	다진 고추
7	대파 파란부분
7	당근 작은 것
7	베트남 고추
7	파프리카 색깔별로
7	대파 2뼘
7	굵은소금 절임용
7	주방솔
7	스팸 작은 거
7	크로와상
7	양파 대
7	크루통
7	초록 피망
7	표고버섯 생략가능
7	다시마 10*10cm
7	라면 스프
7	분홍 소세지
7	짜장소스
7	볶음 멸치
7	미니 파프리카
7	유리믹싱볼
7	크러쉬드레드페퍼
7	참기름 1술
7	파프리카 노란색
7	미림 맛술
7	김 김밥용
7	다진마늘 생략가능
7	치자
7	마늘쫑 1묶음
7	바닐라
7	가시 오이
7	두반장소스
7	다시마간장
7	양조간장진간장
7	사과청
7	당근 중간크기
7	대파 잘게 썬
7	잉글리쉬머핀
7	감자 큰 것
7	다진 파프리카
7	꼬막살
7	훈제연어 슬라이스
7	아몬드 파우더
7	숙주 크게
7	만능맛간장
7	중하
7	파인애플 통조림
7	꼬마새송이버섯
7	삶은 우거지
7	치킨무
7	버터 생략가능
7	매실효소
7	시판스파게티소스
7	소주 2잔
7	깔루아
7	공심채
7	식용색소빨강
7	물육수
7	표고버섯기둥
7	소고기 샤브용
7	허브맛소금
7	식힘틀
7	김치 1밥그릇
7	곰취
7	채썬무
7	간장 200ml
7	고기만두
7	건다시마 작은크기
7	고구마 중
7	잘익은김치
7	저염간장
7	다시마 가로세로 5cm
7	자른다시마
7	멸치 다시마육수
7	닭고기살
7	앙금
7	다시국물
7	통 삼겹살
7	토마토소스 1병
7	어묵꼬치
7	디종머스터드
7	꿀 기호에 맞게 가감
7	인스턴트사골곰탕
7	들깨가루 듬뿍
7	덧밀가루
7	양파 중간사이즈
7	흰앙금
7	잘익은 배추김치
7	튀김용 기름
7	갈은양파
7	백설스위트리자일로스설탕
7	마른오징어
7	육수물
7	저염 명란젓
7	무뼈닭발
7	고추가루 듬뿍
7	알
7	간장소스
7	송송썬 파
7	날콩가루
7	양배추 3잎
7	황태채 크게
7	맑은 멸치액젓
7	유아식기
7	자른 건미역
7	볶은콩가루
7	육수 멸치
7	생강즙 이나 가루
7	부산어묵
7	다시마가루
6	밥 1공기
6	감자 큰 거
6	치킨 너겟
6	청양고추 다진것
6	필러
6	삽겹살
6	박력분 1컵
6	두부 한모
6	참치캔 200g
6	참치 작은거
6	다진 호박
6	토종닭
6	차가운 우유
6	멸치다시다육수
6	스테비아 설탕
6	들기름 참기름
6	설탕올리고당
6	샤브용 소고기
6	스크래퍼
6	모양틀
6	식용유 충분히
6	얼그레이티백
6	청크초콜릿
6	설탕 크게
6	대파 큰것
6	양파 다진 것
6	대파 생략가능
6	저염 명란
6	무가당 코코아파우더
6	밀가루 강력분
6	깐새우
6	한천분말
6	알룰로스 올리고당
6	식용유 1바퀴
6	명태알
6	데치는 소금
6	홍두깨살
6	스리라차 소스
6	또띠아 8인치
6	찜용 콩나물
6	얼그레이 찻잎
6	오레오과자
6	다크초콜렛
6	으깬 통깨
6	스테이크 소스
6	통식빵
6	휘퍼
6	통밀식빵
6	하루견과
6	요리밀대
6	팽이버섯 작은
6	자색 양파
6	구운계란
6	미림 or청주
6	브라질너트
6	홀토마토캔
6	후춧가루 생략가능
6	발사믹 글레이즈
6	물 100ml
6	모둠해물
6	우동면사리
6	견과류 아몬드
6	양파 다진거
6	쌀떡볶이떡
6	슬라이드치즈
6	분말한천
6	식용유 + 참기름
6	감자 2개
6	멸치육수팩
6	바게트 빵
6	깐밤
6	알배추 잎
6	미니밤호박
6	갈아만든배
6	당근 생략 가능
6	카스텔라
6	햄통조림
6	칼국수 생면
6	튀김오일
6	양파 50g
6	사천 고추
6	깻잎 생략가능
6	구운 아몬드
6	한우등심
6	판 어묵
6	우리밀 강력분
6	반찬접시
6	포도씨유 식용유
6	슬라이스 생강
6	우리밀
6	피클링 스파이스
6	다싯물
6	파프리카 빨간색
6	핫바
6	채소육수
6	커버춰초콜릿
6	녹차
6	꿀 이나 올리고당
6	감자 중간 사이즈
6	양수냄비
6	바닐라오일 3~4방울
6	매실청 생략가능
6	콩나물 1대접
6	홀스래디쉬
6	무 3cm
6	콩국물
6	마시멜로
6	당귀
6	소금죽염
6	청파프리카
6	식용유 소량
6	청주나 소주
6	화이트 커버춰 초콜릿
6	둥근 애호박
6	마요네즈 듬뿍
6	김 가루
6	돼지고기갈은것
6	바닐라익스트랙 2방울
6	작은 대파
6	차가운버터
6	김치 1대접
6	풋마늘대
6	양파 간 것
6	색소
6	맛간장양조간장
6	도시락김
6	파기름
6	후추 기호에맞게
6	새꼬막
6	설탕 기호에 맞게 가감
6	정향
6	꼬마 새송이버섯
6	바지락조개
6	요리초
6	물 2+
6	두부 200g
6	딸기시럽
6	콩나물 한봉지
6	남은족발
6	쇠고기 안심
6	소고기우둔살
6	돼지고기 제육볶음용
6	오징어젓갈
6	오렌지쥬스
6	단호박 가루
6	절임 소금
6	소보로
6	물 5머그컵
6	볶음용 닭
6	고추장 수북히
6	다시육수팩
6	월남쌈
6	꽁치 통조림
6	다시마 멸치 육수
6	파스타면 500원 동전크기
6	공기밥 1그릇
6	둥근 호박
6	두부 1/
6	콩나물 250g
6	파인애플 슬라이스
6	적파프리카
6	쨈
6	슈레드 치즈
6	배추속
6	반건조 오징어
6	스파게티면 500원 동전크기
6	소고기차돌박이
6	건크렌베리
6	쌍화탕 1병
6	골뱅이 400g
6	다진마늘 1/
6	깐 밤
6	솔트
6	소금 1/3~
6	유부초밥
6	아롱사태
6	고춧가루 선택
6	설탕 1소주잔
6	연
6	북어대가리
6	닭 1마리
6	식초 세척용
6	매운건고추
6	맛술 1술
6	냉면
6	청주맛술
6	올리고당 쌀엿
6	적앙금
6	매운 고추장
6	다시 육수팩
6	콩나물 100g
6	무 작은것
6	닭 1kg
6	반죽기
6	후르츠칵테일
6	제빵매트
6	전분물 농도에맞게
6	식용유포도씨유
6	식소다
6	생강가루 생략가능
6	수육용 삼겹살
6	포항초
6	바질 페스토
6	장조림
6	쇠고기 국거리
6	양파大
6	수제비
6	3층치즈
6	겨울초
6	훈제파프리카가루
6	고추잎
6	거피들깨가루
6	묵은 김치
6	간장 기호에 맞게 가감
6	냉동야채
6	부추 잘게 썬
6	소고기 스테이크용
6	다진 새우젓
6	마늘즙
6	후추 톡톡 5번
6	마더소스
6	삶은 고구마줄기
6	갈은사과
6	소고기홍두깨살
6	​물
6	미니소스볼
6	고사리나물
6	파프리카 생략가능
5	알롤로스
5	나무숟가락
5	스팸小
5	후랑크 소시지
5	완숙토마토
5	스텐세척볼
5	나무요리스푼
5	푸실리면
5	과도
5	통깨 넉넉하게
5	올리고당 1바퀴
5	다진홍청양고추
5	범일 고추장
5	속배추
5	닭가슴살통조림
5	묵칼
5	들기름 이나 참기름
5	다진 부추
5	김밥말이
5	참기름 1/
5	양파 소량
5	굴소스 1/
5	바나나우유
5	참치 100g
5	핫케익믹스
5	중간크기 감자
5	바닐라 아이스크림
5	유리밀폐용기
5	버터 10g
5	양배추 2잎
5	마른 김
5	썬 양파
5	베이비 채소
5	우삼겹살
5	진짬뽕
5	죠리퐁
5	대파다진거
5	겨자소스
5	통후추 가루
5	월계수입
5	다진야채
5	양손접시
5	대파 잎
5	과일쨈
5	고춧가루 생략가능
5	우유식빵
5	쇠고기등심
5	당근 6cm
5	닭가슴살 통조림
5	달래 1/2묶음
5	고춧가루 1+
5	소금물
5	토스트햄
5	갈은 소고기
5	김치잎
5	당근 2cm
5	이리
5	감자 250g
5	토스트식빵
5	돼지다짐육
5	안심
5	옥수수 캔
5	얼린 바나나
5	해물다시팩
5	해물 육수팩
5	굵은후추
5	깻잎 선택
5	햄베이컨
5	꿀 or시럽
5	파슬리가루 소량
5	대파 소량
5	송송썰은 파
5	다시마 5x 5
5	두부소
5	얼그레이
5	실온 우유
5	갈은소고기
5	다진 신김치
5	청
5	모둠 어묵
5	부추 1/2묶음
5	바닐라오일 3방울
5	커피믹스
5	돼지고기 갈은 것
5	알배추잎
5	소금 절임용
5	조미김가루
5	큰 양파
5	3층 치즈
5	화이트 초콜릿
5	구운 호두
5	얼음 물
5	바닐라오일 1~2방울
5	육수 팩
5	분홍소세지
5	시판용 토마토소스
5	굵은 후추
5	두부 350g
5	밀키스
5	레몬슬라이스
5	쌀떡볶이
5	물 2/3머그컵
5	시금치 1묶음
5	신김치 1국그릇
5	미니거품기
5	초당옥수수
5	흑미밥
5	당근 다진거
5	굵은 콩나물
5	녹차티백
5	발사믹드레싱
5	재래식 된장
5	후추 톡톡 3번
5	얇은 삼겹살
5	닭가슴살 3덩어리
5	유리컵
5	깨 소량
5	물엿 or올리고당
5	다진 아몬드
5	그라탕기
5	바닐라아이스크림 1스쿱
5	젤리
5	물 자작하게
5	고슬고슬한 밥
5	강력 쌀가루
5	오징어 다리
5	천사채
5	박력분 밀가루
5	채썬 파
5	바닐라에센스 2~3방울
5	참치캔 큰것
5	대파 10Cm
5	커피엑기스
5	스팸 슬라이스
5	미니새송이
5	통밀쿠키
5	어슷 썬 대파
5	2배사과식초
5	캐슈너트
5	각종 견과류
5	소고기부채살
5	오리엔탈소스
5	파슬리후레이크
5	다진피망
5	꽁치통조림국물
5	오이 채
5	당근 채썬거
5	느타리버섯 200g
5	쌈배추
5	깻잎 5묶음
5	수박껍질
5	튀김용식용유
5	볶은 땅콩
5	스테이크용 소고기
5	볶음 참깨
5	진미오징어채
5	무 200g
5	우유 200ml
5	시레기
5	양파 中
5	참치 작은것
5	끓인 물
5	유기원당
5	홍차티백
5	건강유
5	웍팬
5	참기름 기호에맞게
5	박력
5	파 송송
5	샌드위치용 햄
5	대야
5	돼지고기 불고깃감
5	돼지 뒷다리살
5	돼지고기목심
5	설탕 소량
5	참치캔 소
5	치킨스톡 파우더
5	요쿠르트
5	사골국
5	물 한컵
5	깍두기국물
5	시금치 무침
5	고구마 큰것
5	모짜렐라 피자치즈
5	작은 당근
5	잡채용 소고기
5	대파 작은것
5	삶은 꼬막
5	스트링 치즈
5	채썬대파
5	채썬 오이
5	생강매실 맛술
5	청 파프리카
5	다크 커버춰 초콜릿
5	부추 10가닥
5	티스푼
5	밀크초콜릿
5	비정제설탕
5	쏭쏭 썬 쪽파
5	다시마 4* 4
5	중새우
5	적포도주
5	bp
5	골뱅이캔 국물
5	순살 고등어
5	파프리카 주황
5	육수한알
5	자반김
5	다진 대 파
5	다진 햄
5	해파리
5	BP
5	볶은땅콩
5	주황색 파프리카
5	구운 소금
5	꼬시래기
5	부침용 기름
5	볶음용닭
5	위생봉투
5	우유 생략가능
5	소면 200g
5	무 10cm
5	치자단무지
5	초코렛
5	그린빈스
5	부침가루 듬뿍
5	버터오일
5	맛술 생략가능
5	통밀
5	버섯류
5	바게뜨
5	대구살
5	송송썬 대파
5	야채다짐
5	샬롯
5	양파간것
5	자른대파
5	각종견과류
5	롤치즈
5	저염 액젓
5	중국 당면
5	올리고당 물엿
5	트러플오일
5	이탈리안파슬리
5	다시멸치육수
5	돼지고기 사태
5	작은 스팸
5	돼지고기불고기
5	페페론치니
5	배추 2잎
5	사리곰탕라면
5	식용유 3바퀴
5	말린표고
5	코코넛 가루
5	동치미 무
5	송송썬김치
5	인스턴트 커피가루
5	양파 1개
5	불고기용 돼지고기
5	무우 중간크기
5	데운 우유
5	오징어 작은것
5	메츄리알
5	돼지고기 앞다리
5	건파슬리가루
5	허브맛 솔트
5	파채칼
5	돼지호박
5	매운 칠리 고추
5	샐러드접시
5	마늘 다지기
5	볶음탕용 닭
5	생강청 1술
5	구운 달걀
5	대파 초록 부분
5	돈나물
5	무 나박썬 것
5	새우중하
5	신김치묵은지
5	기름 넉넉하게
5	생강 마늘크기로
5	소고기 불고기
5	매실 엑기스
5	김칫 국물
5	​양파
5	간장 자작하게
5	키조개관자
5	갈릭파우더
5	샌드위치용햄
5	다시마 3*5cm
5	발사믹 드레싱
5	밀떡볶이
5	스탠믹싱볼
5	과메기
5	참기름 생략가능
5	모듬해물
5	시판 사골육수
5	다진마늘 1+
5	감태
5	닭 9호
5	쌀뜨물물
5	고기육수
5	노란색파프리카
5	황치즈가루
5	무가당 요거트
5	닭 한마리
5	고추장아찌
5	감자 소
5	꿀설탕
5	생김
5	건표고버섯 생략가능
5	당근 3cm
5	이태리파슬리
5	식물성기름
5	부추 크게
5	다시마맛간장
5	임연수
5	대파뿌리 생략가능
5	알타리
5	돼지고기등갈비
5	감
5	생크림요거트
5	고기 삶은 육수
5	머위
5	모듬전
5	골뱅이통조림 국물
5	말린호박
5	조리용필러
5	매실 원액
5	동죽 조개
5	초당 옥수수
5	다시마 작은거
5	고르곤졸라치즈
5	대게백간장
5	대파 어슷썬것
5	우렁살
5	하이라이스가루
5	파 1소주잔
5	소주 1소주잔
5	물 6머그컵
5	왕만두피
5	부순 통깨
5	절임용소금
5	닭모래집
5	스테이크시즈닝
5	레몬 슬라이스
5	감자 작은 사이즈
5	닭 육수
5	로제파스타소스
5	슈가
5	조개젓
5	알밤
5	돼지 등뼈
5	물 1/2머그컵
5	아마씨
5	펄슈가
5	고구마 줄기
5	아마씨유
5	물 2국그릇
5	삭힌고추
5	황태대가리
5	마늘 편
5	명이나물
4	가지 작은것
4	신김치 1밥그릇
4	물 1/2소주잔
4	냉장고속채소
4	편수냄비
4	큰감자
4	​식용유
4	스텐사각쟁
4	간장 1소주잔
4	후추 2~3번
4	스팸 작은 캔
4	숙주 250g
4	훈제 오리고기
4	으깬땅콩
4	계란 생략가능
4	가지 중간크기
4	분홍 소시지
4	참기름 3~4방울
4	다진 애호박
4	주방집게
4	무 1밥그릇
4	카카오가루
4	프랑크 소세지
4	과일잼
4	크래미 작은 사이즈
4	면두부
4	굵은소금 세척용
4	종합 어묵
4	양파 채썬것
4	두부 500g
4	고춧가루 크게
4	소고기 갈은것
4	후추 4~5번
4	참치통조림 150g
4	그라나파다노
4	잔파쪽파
4	간장 2+
4	당근 다진 것
4	소시지 바
4	감자 주먹만한것
4	닭가슴살 소세지
4	타공국자
4	잎채소
4	토마토퓨레
4	바닐라익스트랙 생략가능
4	자투리 식빵
4	오트밀가루
4	커피액기스
4	생 와사비
4	말차 가루
4	밥 200g
4	냉동새우살
4	토마토 생략가능
4	양파 40g
4	요플레
4	한우양지
4	당근 채썬것
4	무가당 생크림
4	김말이
4	차돌박이 슬라이스
4	라임주스
4	우리밀 통밀가루
4	새송이버섯 2꼭지
4	다시마 5X 5
4	다시마 손바닥 크기
4	청양고추 다진 것
4	옥수수통조림 195g
4	계란 프라이
4	밤호박
4	엑스트라버진 올리브오일
4	페투치네
4	감자큰것
4	초록파프리카
4	어린잎새싹
4	설탕꿀
4	파마산치즈가루 생략가능
4	가당 두유
4	까놀라유
4	콩나물 1봉
4	파프리카색깔별로
4	쇠고기 다짐육
4	브로콜리 줄기
4	위생팩
4	볶은 김치
4	시판스테이크소스
4	카카오파우더
4	귤청
4	설탕 10g
4	스팸 큰거
4	허니 머스타드
4	초간장
4	레몬 생략가능
4	다시마 4*4cm
4	내열접시
4	샌드위치 식빵
4	파 생략가능
4	밀가루 or부침가루
4	스팸 작은 것
4	꿀 선택
4	감자 중사이즈
4	다크 초코칩
4	얼그레이 티백
4	딸기우유
4	생강소스
4	숙주 1봉
4	다시마 10x 10
4	냉동 생새우
4	뮤즐리
4	유부피
4	치즈떡
4	당근 다진것
4	맛술 1소주잔
4	조각 다시마
4	버터밀크
4	데친 얼갈이
4	돼지고기 간거
4	파 다진거
4	팽이버섯 선택
4	시판유부초밥
4	미니오이
4	다시마 끓인물
4	다진마늘 2블럭
4	레드와인 1병
4	팝콘
4	감자 400g
4	식빵 테두리
4	냉동산딸기
4	도토리묵 400g
4	고형 치킨스톡
4	쌀떡볶이 떡
4	참기름 1+
4	샐러리 줄기
4	황 파프리카
4	양파 갈아서
4	밥 1주걱
4	양파 작은
4	찹쌀가루건식
4	오징어大
4	후르츠
4	참치통조림 100g
4	당면 500원 동전크기
4	감자 1개
4	중간 고춧가루
4	아기 된장
4	빨간 피망
4	키조개 관자
4	간깨
4	파 송송썸
4	스팸 작은 통
4	돼지앞다리살 슬라이스
4	김장 김치
4	당근小
4	양파 70g
4	소고기갈비살
4	돼지삼겹살
4	머위대
4	호두 분태
4	통감자
4	콩고물
4	베이킹파우더 1/2t
4	상추 5잎
4	우리밀강력분
4	우동 사리
4	소금 생략가능
4	옥수수콘 통조림
4	다진 브로콜리
4	빨간피망
4	소고기 구이용
4	식초 1비율
4	굴소스 1술
4	오징어소
4	후춧가루 2번
4	멜론
4	무대
4	무 작은
4	절단 닭
4	자른당면
4	볼어묵
4	약고추장
4	단무지 김밥용
4	파슬리 소량
4	돌자반
4	대패목살
4	후추 많이
4	시판용된장
4	유부초밥세트
4	골뱅이통조림국물
4	대파 잎부분
4	대추토마토
4	홍게 간장
4	참기름 소량
4	초밥소스
4	시판쌈장
4	달걀 2개
4	케이크틀
4	모짜렐라피자치즈
4	통조림햄 작은거
4	물만
4	흑임자가루
4	깨소금 소량
4	맛간장 양조간장
4	올방개묵
4	매실주
4	소고기척아이롤
4	누텔라잼
4	샐러리잎
4	돌김
4	김 고명용
4	스위트 콘
4	다시마 6x 6
4	오리
4	만능 소스
4	주방저울
4	재래식된장
4	군만
4	실온달걀
4	통단무지
4	자숙 새우
4	진미채오징어채
4	중국당면
4	샐러드용채소
4	배추 속
4	조선오이
4	홀그레인머스터드소스
4	뒤포리육수
4	다크커버춰 초콜릿
4	3분 카레
4	국간장 간맞추기
4	물 2그릇
4	돼지고기 오겹살
4	무생채
4	양파 선택
4	감자튀김
4	파프리카빨간색
4	돼지고기 목살 슬라이스
4	오징어 큰거
4	소금 후추
4	미림청주
4	마늘다진거
4	스파게티 소스
4	마늘햄
4	홍고추 고명
4	닭 볶음용
4	새우젓 기호에맞게
4	검은콩서리태
4	우렁이살
4	통그릴 비엔나
4	소금 밑간용
4	압력밥솥
4	삼겹살 수육용
4	곱창 김
4	생선
4	삶은 무청
4	통닭발
4	송송썬쪽파
4	튀김용 식용유
4	마른홍합
4	칠리파우더
4	감초
4	부추 소량
4	떡볶이소스
4	다진 실파
4	물미역 1묶음
4	유채
4	다시마 밑국물
4	큰 비엔나소세지
4	참치 기름
4	표고버섯가루 생략가능
4	세척볼
4	다시마 조
4	튀김가루 듬뿍
4	돼지고기 앞다릿살
4	감자 생략가능
4	고춧가루 1/2소주잔
4	후추 3~4번
4	참치캔 큰거
4	작은당근
4	​진간장
4	소주 1병
4	참치캔 85g
4	벌꿀
4	양파 슬라이스
4	슈레드 피자치즈
4	그린올리브
4	물 360ml
4	가당생크림
4	모듬어묵
4	소금 취향껏
4	돼지갈비양념
4	자투리야채
4	부추 500원 동전크기
4	파르메산치즈
4	송송 썬 실파
4	컬리플라워
4	닭 닭볶음탕용
4	돼지고기 채
4	다시 육수
4	플레인요플레
4	양파 잘게 썬
4	크러쉬드 레드페퍼
4	다시마채
4	대파 많이
4	할라페뇨
4	화이트 코팅 초콜릿
4	편 썬 마늘
4	차가운 생수
4	마늘 편썰기
4	살사소스
4	간장 생략가능
4	청양
4	채썬 채소
4	코코넛설탕
4	고춧가루 2+
4	다시마 5cmX5cm
4	다시용 멸치
4	아귀포
4	식초 1/
4	허브믹스
4	오징어 작은거
4	부추쪽파
4	홍새우
4	시판 초고추장
4	깻잎 6묶음
4	물 감자가잠길
4	천연가루
4	미니양배추
4	매운 카레가루
4	시판 냉면육수
4	간장 2술
4	조미유부
4	채썬 돼지고기
4	떡국떡 떡볶이떡
4	육수코인
4	봄동겉잎
4	닭 중간크기
4	밀가루떡
4	우박설탕
4	자
4	무소
4	청하
4	후추 20바퀴
4	스텐채
4	새우젓 크게
4	물 400ml
4	돼지갈비양념장
4	스프
4	두부 생략가능
4	소금중간굵은
4	가쓰오장국
4	일미
4	자른 김치
4	설탕 1비율
4	건더기스프
4	닭근위
4	고춧가루 수북히
4	쥐포채
4	홍가리비
4	콩물
4	버터 or식용유
4	오이장아찌
4	견과류 호
4	에리스리톨
4	맛밤
4	슈가파우더 생략가능
4	꿀 생략가능
4	카레용돼지고기
4	시판크림스파게티소스
4	고추가루 3술
4	진간장 3술
4	중 멸치
4	청주 or소주
4	물 4국그릇
4	양파 껍질째
4	양파 중간것
4	사과 작은것
4	표고버섯밑둥
4	다짐마늘
4	오븐용기
4	따뜻한 우유
4	다시마 간장
4	버터나이프
4	다진마늘 작은
4	부추 한줌
4	백 진미채
4	토마토 큰것
4	양파슬라이스
4	계란프라이
4	한된장
4	프로슈토
4	무우 1/2등분
4	꿀올리고당
4	양파기름
4	진간장 8g
4	파르마산 치즈가루
4	육수티백
4	토마토스파게티 소스
4	멸치다시마
4	인스턴트이스트
4	파래 1뭉치
4	오이절임용 소금
4	고추장 1술
4	조미료 취향껏
4	물 3컵
4	황파프리카
4	양파다진것
4	우스타 소스
4	미트볼
4	무가당 코코아
4	올리고당 이나 물엿
4	물 300ml
4	각종버섯
4	닭 500g
4	고운 천일염
4	두부 160g
4	볶음밥
4	데친 고구마줄기
4	홍 청양고추
4	참치기름
4	청양고추청
4	김치 1사발
4	덧가루
4	검은 통깨
4	토마토 슬라이스
4	전복내장
4	남은 치킨
4	코코넛 슬라이스
4	대파 작은거
4	샤브샤브용소고기
4	멸치 가루
4	멸치육수생수
4	시금치 크게
4	말린고추
4	돼지고기찌개용
4	소고기양지살
4	무 600g
4	대패
4	대패 목살
4	손질된 닭
4	저민 마늘
4	말린 곤드레나물
4	견과류 선택
4	마늘 듬뿍
4	비엔나햄
4	쟁반트레이
4	참드림 쌀
4	박대
4	대파 작은 것
4	슬라이스 파인애플
4	쇠고기 샤브샤브용
4	미역 불린것
4	치킨튀김가루
4	데리야키소스
4	얇은 어묵
4	계량스푼 기준입니다
4	건새우 생략가능
4	자색고구마
4	고등어 통조림
4	식물성 기름
4	대파 손가락 크기
4	맛술 이나 청주
4	영계
4	파프리카주황
4	파래 3뭉치
4	비타민
4	위생백
4	고춧씨
4	자른김치
4	멸치다시백 육수용
4	굵은 천일염
4	가루한천
4	다시마 4x4cm
4	청양 홍고추
4	찬 생수
4	김밥
4	매운굴소스
4	마늘쫑장아찌
4	la갈비
4	양미리
4	돼지감자
4	수세미
4	간마늘 10g
4	오징어진미채
4	마라소스
4	짜왕
4	갓김치국물
4	쌀뜨물 1대접
4	중닭
4	휘시소스
4	수육용삼겹살
4	게
4	감자중간크기
4	고추장 30g
4	후라이드치킨
4	간고기
4	동태전
4	찹쌀 풀
4	멍게
4	백선 느타리버섯
4	피꼬막
4	백다다기 오이
4	솔치
4	북어채 크게
4	크림파스타소스
4	썰은 흰대파
4	서리태콩
4	무 2cm
4	마늘 소량
4	파스타 소스
4	매실청올리고당
4	큰 술 - 밥숟가락 계량
4	들기름 1술
4	진간장 + 국간장
4	마시는요구르트
4	소갈비살
4	대파 흰뿌리
4	무청 시래기
3	송이
3	순살고등어
3	프라이팬뚜껑
3	잠봉햄
3	파프리카 초록
3	소금•후추
3	믈
3	치킨스톡 생략가능
3	원당 설탕
3	건지기채망
3	육수 or물
3	곤약면
3	팽이버섯 150g
3	맛간장진간장
3	대파 15Cm
3	히말라얀 소금
3	공기밥 2그릇
3	설탕 1/2소주잔
3	생수 1소주잔
3	대파 1개
3	버터 5T
3	코코아가루 2T
3	몽쉘
3	레몬즙 or식초
3	혼쯔유
3	파마산치즈가루 선택
3	부침가루밀가루
3	부추 썰어서
3	생강 간것
3	참기름 이나 들기름
3	기 버터
3	볶음탕용 닭한마리
3	닭국물
3	오이 생략가능
3	8인치 또띠아
3	소이카페두유
3	버터 선택
3	두배식초
3	통조림참치
3	계란 1개
3	우리 밀가루
3	쥬키니
3	대파흰뿌리
3	버터 크게
3	다진 오이피클
3	사각햄
3	피자치즈 생략가능
3	다진햄
3	버터 3T
3	다진 잣
3	브레드나이프
3	호두가루
3	무 4cm
3	버터 4T
3	바닐라익스트랙 3~4방울
3	또띠아 10인치
3	오이소
3	썰은 파
3	그릴 비엔나소시지
3	저염 맛간장
3	떡국떡 1국그릇
3	흰자 3개분
3	콩나물 500g
3	참치 캔 소
3	동전 육수
3	다진파프리카
3	떡볶이떡 300g
3	고추장 2+
3	분말 육수 1포
3	막대 오뎅
3	미니소시지
3	보코치니 치즈
3	연어슬라이스
3	무 간 것
3	찬 버터
3	모짜렐라치즈 기호에맞게
3	꿀 기호에맞게
3	초코청크
3	볶은 천일염
3	다진 스팸
3	몰티져스
3	치즈 생략가능
3	육수 다시팩
3	다이제스티브
3	참기름 2테이블스푼
3	박력분밀가루
3	느타리버섯 150g
3	햄 생략가능
3	한우 양지
3	물 800ml
3	믹스견과
3	샌드위치 햄
3	핫케잌가루
3	다크초코
3	물 1그릇
3	감자 300g
3	닭가슴살소세지
3	양파 주먹크기
3	청귤
3	한우 차돌박이
3	시판용토마토소스
3	스팸 1/2작은캔
3	쪽파 생략가능
3	핸드블렌더
3	단호박 큰 것
3	스팸 큰것
3	모듬 어묵
3	물 2소주잔
3	소고기 부위상관없음
3	생강술미림맛술
3	단호박 중간 사이즈
3	이탈리안 파슬리
3	파프리카 선택
3	따듯한 물
3	마늘 파우더
3	얇은 사각어묵
3	물엿 24g
3	굴소스 6~7g
3	바나나 중간크기
3	비정제원당
3	크러쉬드페퍼
3	썬 쪽파
3	김치 잘게 자른
3	각 얼음
3	다진단무지
3	버터 실온에 둔
3	실온 크림치즈
3	문어 다리
3	체더 슬라이스치즈
3	부추 100원 동전크기
3	슈가파우더 선택
3	밥 1인분 보다 적게
3	다시마 10cmx10cm
3	두부 큰거
3	치즈피자
3	부추 생략가능
3	통깨가루
3	아기접시
3	아몬드밀크
3	청크 초코칩
3	다진 피칸
3	설탕 5g
3	다진 빨강파프리카
3	다진 노랑파프리카
3	청양고추 선택사항
3	바닐라에센스 생략가능
3	삼색파프리카
3	유부초밥소스
3	넓적 어묵
3	레몬즙 2방울
3	가나슈
3	나초
3	전자렌지
3	핫초코
3	시금치 1단
3	고운소금 1/3~
3	한돈 앞다리살
3	알마늘
3	물 1대접
3	무 썰어서
3	포도씨유기름
3	대파 2손가락마디
3	쪽파 or부추
3	돼지 불고기용
3	순 후추
3	토마토 스파게티소스
3	숙주 200g
3	카놀라유 식용유
3	우동생면
3	새송이 2꼭지
3	굴소스 생략가능
3	꽃게액젓
3	참치캔 250g
3	우유 닭이 잠길
3	빼빼로
3	로투스
3	프레첼
3	한우 사태
3	당근라페
3	사각팬
3	마늘 편썬것
3	탄산수 1병
3	파스타소스
3	핫도그 번
3	비스킷
3	참기름 5g
3	잉글리시 머핀
3	썬 김치
3	천일염 데칠때
3	물파래
3	훗춧가루
3	휘핑한 생크림
3	오징어 소
3	청양고추 추가
3	초콜렛
3	옐로우 파프리카
3	대파 푸른부분
3	고추장 볼록하게
3	치킨살
3	쇠고기국거리
3	콩나물 1국그릇
3	새우액젓
3	감자 중간크기로
3	파스타볼
3	올리고당 or꿀
3	고구마소
3	후춧가루 기호에맞게
3	부침가루 or밀가루
3	크래미 맛살
3	채썬 생강
3	딸기잼 기호에맞게
3	진라면
3	양배추 양껏
3	대파 흰부분 15cm
3	황석어젓
3	작은 참치캔
3	오이 슬라이스
3	물 3머그컵
3	물멸치육수
3	바닐라오일 2방울
3	다진오이피클
3	돈카츠소스
3	버터 40g
3	마늘 다진마늘
3	홍게살
3	후추가루 2번
3	물 1/
3	맛술 소주
3	저민생강
3	요리주
3	습식찹쌀가루
3	돼지고기 등갈비
3	머핀틀
3	김가루 생략가능
3	물 180ml
3	중간닭
3	슈레드피자치즈
3	통조림 파인애플
3	슈거 파우더
3	우유 or물
3	크림
3	닭 살
3	토스트 식빵
3	청주 1소주잔
3	식빵틀
3	초코파이
3	양파절임간장
3	페퍼로치노
3	프라임 베이컨
3	참치캔 75g
3	현미가루
3	베이킹붓
3	김가루 1젓가락
3	매실청설탕
3	고구마 중간사이즈
3	슬라이드 치즈
3	미온수
3	돼지고기 삽겹살
3	진간장 2술
3	물엿 1술
3	맛술 2술
3	돼지고기 카레용
3	바닐라익스트랙트
3	바닐라슈가
3	식초 1+
3	이쁜접시
3	흰양파
3	봉어묵
3	우리밀박력분
3	밥 1대접
3	생강술맛술 미림
3	들깨가루 기호에맞게
3	스테이크용 연어
3	모짜렐라치즈 생략가능
3	두부 큰것
3	바닐린
3	오렌지술
3	검은통깨
3	요리에한수
3	참치캔 작은 것
3	부추 송송
3	실온계란
3	다시마밑국물
3	나무꼬지
3	장식용 딸기
3	마시는 요구르트
3	양파 갈은것
3	순두부 1봉지
3	전골팬
3	애호박 80g
3	핫 소스
3	쪽파 잘게 썬
3	대패삼겹살 크게
3	양파 중간
3	로즈마리 생략가능
3	딸기퓨레
3	닭가슴살 캔
3	손질한 멸치
3	나박썬 무
3	실고추 생략가능
3	브라우니믹스
3	소불고깃감
3	치킨스탁
3	슈가파우더분당
3	파프리카 노랑색
3	조청 쌀엿
3	닭가슴살캔 135g
3	참치캔 135g
3	마늘허브소금
3	멀티팟
3	사각어묵 4장
3	소면 100g
3	마요네즈 원하는
3	명란젓 알
3	데친 톳
3	닭볶음탕용 닭고기
3	미니 새송이
3	배합초
3	고명
3	소고기 척아이롤
3	대파 고명
3	크루아상
3	멸치다시국물
3	피자치즈 원하는
3	계란흰자 1개분
3	슬라이스 올리브
3	청량고추 취향것
3	표고버섯 큰거
3	​설탕
3	어린잎샐러드
3	냉동모듬해물
3	대저토마토
3	버터 소량
3	각종 채소
3	냉동 떡갈비
3	맛살크래미
3	믹스커피
3	페타치즈
3	참치 큰거
3	참깨가루
3	일반 고추가루
3	후춧가루 4번
3	과일즙
3	꽁치통조림 400g
3	바트
3	돼지고기 목심
3	홍당무
3	야채 당근
3	식용유 1/2소주잔
3	우드접시
3	양파큰거
3	양파 大
3	두부 290g
3	삶은꼬막
3	함초소금
3	대파 잎 부분
3	무 1토막
3	넙적당면
3	대파 1/
3	바닐라에센스 3~4방울
3	팽이버섯 생략가능
3	오징어 2마리
3	훈제오리 슬라이스
3	묵은지 국물
3	소고기육수
3	찬밥 1그릇
3	천일염굵은소금
3	마늘소금
3	물 1비율
3	파 다진 것
3	오뎅어묵
3	에멘탈치즈
3	동원참치 150g
3	카스테라 빵
3	대게살
3	콩나물 찜용
3	스위트콘 통조림
3	팥소
3	브로콜리 작은거
3	살구쨈
3	대파 20g
3	편썬 마늘
3	만두소
3	깡통 햄
3	배추김치묵은지
3	꽁치통조림 국물
3	자일로스 설탕
3	양파 큰 사이즈
3	당근 잘게 썬
3	미니 새송이 버섯
3	작은 새송이버섯
3	간장 1/
3	고춧가루 배불러
3	보쌈용 삼겹살
3	육수생수
3	콩나물 반봉지
3	포트메리온접시
3	시판 유부초밥
3	백설남해굴소스
3	매운 건고추
3	쌀뜨물 3국그릇
3	콩나물 삶은 물
3	닭가슴살 400g
3	올리고당 선택
3	따뜻한우유
3	양념불고기
3	감자칩
3	율무
3	데친 브로컬리
3	유기농 비정제 설탕
3	큰 무
3	다시마 3× 5
3	오렌지제스트
3	대파 10cm x
3	소금 오이절임용
3	매실액 생략가능
3	멸치다시육수팩
3	돼지갈비찜용
3	밥 1.5그릇
3	메실청
3	소고기 앞다리살
3	가을무
3	스탠볼
3	올리고당 1.5바퀴
3	치킨 튀김가루
3	버터 20g
3	조미 김가루
3	송송썬 김치
3	액상 생크림
3	​두부
3	쪽파 5가닥
3	통후추 간 것
3	묵은지 3잎
3	파 채썬것
3	설탕 1/3소주잔
3	녹차 가루
3	쪽파 작은거
3	곤드레나물
3	참치캔소
3	멸치액젓 1술
3	고춧가루 기호에맞게
3	당근등
3	참깨 생략가능
3	다시마 3*2cm
3	매실장아찌
3	황태육수
3	모둠 해물
3	포 두부
3	감자 중간것
3	대파다진것
3	깨소금참깨
3	참기름 마지막에
3	찰옥수수
3	양파 채썸
3	무 큰것
3	페퍼론치노 홀
3	라임쥬스
3	라조장
3	데친무청
3	크림 스파게티소스
3	부침가루 크게
3	물엿 올리고당
3	실치
3	청량고추 생략가능
3	물 3대접
3	맑은 국간장
3	오렌지필
3	쪽파 다진것
3	올리고당 기호에 맞게 가감
3	통깨 많이
3	시판 유부
3	몬테리잭 치즈
3	매운고추 청양고추
3	두부 선택
3	계란 4구
3	이탈리안시즈닝
3	막대과자
3	코팅용 초콜릿
3	고추참치 100g
3	통후추 20바퀴
3	고니
3	두반장 소스
3	감자수제비가루
3	스모크 햄
3	초코우유
3	시판 고추장
3	데침냄비
3	물 반컵
3	명란젓 3덩어리
3	올리브유 튀김용
3	베이킹파우터
3	양파청 매실청
3	아몬드 분말
3	절임소금
3	설탕자일로스
3	어슷썬 파
3	코코넛워터
3	식혜
3	물 잠길
3	감자 小
3	대파 썰은것
3	잣 선택
3	염장 미역줄기
3	천연 조미료
3	매운고추장
3	돼지뒷다리살
3	다이제과자
3	체다치즈 생략가능
3	토판염 천일염
3	바질오일
3	다진깨
3	작은무
3	태국고추
3	고추씨기름
3	중력분 밀가루
3	그라노파다노치즈
3	고등어캔
3	소고기채끝살
3	묵은 배추김치
3	생크림 생략가능
3	옥수수알
3	대파 손가락길이
3	생강 액
3	양파 110g
3	잉글리쉬 머핀
3	물 넉넉하게
3	열빙어
3	열무김치 국물
3	통생강
3	양파 간거
3	간장 2소주잔
3	바닐라가루
3	물 4대접
3	머그컵
3	다시마우린 물
3	자장가루
3	조개살
3	노추소스
3	매실액설탕
3	진간장 1술
3	전자레인지찜기
3	샐러드용 야채
3	표고버섯 3꼭지
3	스테인레스볼
3	레몬필
3	요구르트 2병
3	올리고당 2/
3	어슷썬대파
3	물 많이
3	생칼국수
3	비프스톡
3	오일 넉넉하게
3	백명란
3	묵은지 배추김치
3	산낙지
3	감자 700g
3	체다슬라이스 치즈
3	식빵 짜투리
3	바질 잎
3	검은깨 생략가능
3	청크초코
3	굵은 멸치
3	김치 2/3국그릇
3	블랜더
3	콘
3	시즈닝
3	멸치 국물용
3	송송썬청양고추
3	절임용 굵은소금
3	쇠고기양지머리
3	꼬마 전복
3	새우젓국
3	통조림 국물
3	소금 조절가능
3	파우더슈가
3	취청오이
3	가지 작은 것
3	육수멸치
3	명태껍질
3	갈아만든 배
3	쪽파 3가닥
3	조청설탕
3	납작 당면
3	무 작은 것
3	멸치중
3	계란 1구
3	느타리버섯 400g
3	분말 카레
3	아가베 시럽
3	포도주
3	새우살 생략가능
3	오미자 청
3	밀가루 풀
3	토마토 작은크기
3	참느타리버섯
3	소금 원하는
3	바지락 200g
3	햄버거 빵
3	미나리효소
3	백미 밥
3	건곤드레나물
3	훈제 연어
3	스팸 원하는
3	백설바삭한요리유
3	다시다요리수치킨스톡
3	중간 멸치
3	백설100%통참깨참기름
3	식용유올리브유
3	허브쏠트
3	깻잎순 1소쿠리
3	김치 잎
3	씻은김치
3	설탕 2+
3	대파 작은
3	고추씨 기름
3	국간장 1/
3	마늘 20g
3	미림 16g
3	된장 10g
3	커버춰 초콜릿
3	생강 or생강가루
3	참기름 듬뿍
3	청피망 작은것
3	생강 작은 것
3	시금치 데친 것
3	매운 건 고추
3	밀크 초콜렛
3	샌드위치용 식빵
3	참기름 + 식용유
3	돼지갈비 찜용
3	맛술 or청주
3	큰 멸치
3	견과
3	보리밥
3	동태살
3	멸치 중간크기
3	건식찹쌀가루
3	3분 짜장
3	가는 대파
3	소금 데칠 때
3	돼지고기갈은거
3	설탕물엿
3	감자전분 100%
3	멸치액젓까나리액젓
3	당근 있으면
3	양배추 썰어서
3	짜장라면 스프
3	저염액젓
3	배추 6잎
3	명태포
3	아가베시럽 or설탕
3	간 배
3	두부 작은것
3	큐민가루
3	물 1200ml
3	쌀가루박력분
3	다진 버섯
3	막창
3	바닐라익스트랙 3방울
3	얼린바나나
3	양겨자
3	은달래
3	참깨드레싱
3	채 썬 대파
3	우리통밀가루
3	파뿌리 생략가능
3	베트남건고추
3	햄 원하는
3	디포리 멸치
3	물 전분
3	부침기름
3	소고기 양지머리
3	밀크 초콜릿
3	무 700g
3	매운 홍고추
3	민들레
3	배주스
3	참기름 6g
3	썰은 쪽파
3	달걀 지단
3	그라나 파다노 치즈
3	다진청고추
3	녹차 티백
3	쌈다시마
3	다시마 5* 8
3	들참기름
3	포토벨로 버섯
3	깐도라지
3	설탕 1술
3	어슷썬 대파
3	수제맛간장
3	카레 고체카레
3	땅콩 분태
3	깻잎장아찌
3	생략가능
3	대파 송송 썬 것
3	깨 부순것
3	디종 머스터드
3	백숙용 닭
3	가래떡 10cm
3	보드카
3	다진잣
3	생크림우유
3	조청물엿
3	멸치다시마육수팩
3	블랙올리브 슬라이스
3	가쯔오부시
3	생강 엄지손가락만한
3	토막닭
3	표고버섯 1개
3	식용유튀김용
3	소고기 샤부샤부용
3	피클오이
3	불고깃감
3	발효액
3	땅콩쨈
3	감말랭이
3	감자 280g
3	다진샐러리
3	토마토 중간크기
3	소금 볶은것
3	멸치다시 육수
3	크기가 큰 양파
3	톳나물
3	식용유 튀김용
3	페퍼로니
3	푸드프로세서
3	팽이버섯 1덩어리
3	들기름 1테이블스푼
3	파프리카 빨강노랑
3	양지머리
3	연어 회
3	소금 깍아서
3	사각치즈
3	물엿조청
3	마른 목이버섯
3	백설요리유
3	순살 닭고기
3	햄 작은것
3	대파 5cm
3	msg
3	간 무
3	물 3소주잔
3	육젓
3	구이용 삼겹살
3	집간장국간장
3	토마토 중간사이즈
3	파인소프트
3	다시마 작은 것
3	매실액 1/2테이블스푼
3	양념 간장
3	죽염소금
3	생강 파우더
3	코셔 소금
3	두부 100g
3	부추 100g
3	정식품 진한 콩국물 검은콩
3	참기름 3방울
3	샌드위치식빵
3	가쓰오부시육수
3	겨자분
3	마른 오징어
3	멕시칸시즈닝
3	감자 수제비
3	볶은김치
3	홍
3	동죽조개
3	멸치간것
3	후추 톡톡 2번
3	송송 썬 홍고추
3	쑥갓 생략가능
3	모듬버섯
3	소고기볶음
3	허브 솔트
3	홍갓
3	액젓 까나리
3	김밥용 우엉
3	집 고추장
3	감자 500g
3	A1소스
3	손질한 냉이
3	귤 잼
3	부침가루 1밥그릇
3	양배추 1대접
3	물 1/2밥그릇
3	물 250ml
3	불린 건표고버섯
3	꼴뚜기
3	멸치다시마 끓인물
3	백설견과유
3	돼지고기 갈은거
3	삶은 무청시래기
3	느타리버섯 1덩어리
3	스팸 중간크기
3	매실 발효액
3	당면 100원 동전크기
3	치자가루
3	볶은 콩가루
3	라자냐
3	토마토 퓨레
3	대파파란부분
3	감자 큰사이즈
3	두
3	바지락 조개
3	감자 큰 사이즈
3	카레용 돼지고기
3	감자 먹고싶은
3	사과 중
3	붉은 피망
3	닭도리탕용 닭
3	짜장 가루
3	화이트크림
3	스파게티면 500원동전
3	애호박 1개
3	들기름 1바퀴
3	사각어묵 200g
3	찰밀가루
3	불린 표고
3	파김치 국물
3	진간장 24g
3	미림 24g
3	썰은 김치
3	스모크햄
3	만능양념장
3	키위드레싱
3	커피 가루
3	소금 or새우젓
3	물 7머그컵
3	고체 카레
3	감미료
3	불린 건고추
3	진간장 4g
3	우유 400ml
3	스지
3	중간 무
3	청초
3	된장 기호에 맞게 가감
3	해초
3	빙수팥
3	주방용가위
3	너구리 라면
3	지리 멸치
3	스리라차칠리소스
3	갈은배
3	한우사태
3	나물
3	생강즙 or생강가루
3	설탕 3g
3	부추 5~6cm
3	새송이버섯 큰것
3	위생비닐백
3	생강술맛술미림
3	냉이 크게
3	카이엔페퍼
3	조미료 취향껏 소량
3	생강 작은
3	쇠고기 양지머리
3	다진양배추
3	가문어
3	장조림용 소고기
3	고기삶은육수
3	가쓰오부시 육수
3	통후춧가루
3	인삼 가루
3	깻잎 1/2묶음
3	소다
3	너구리라면
3	멸치 작은
3	범일 진간장
3	간장고추장아찌
3	돼지고기 수육용
3	물 육수용
3	생강 슬라이스
3	대파 흰 뿌리
3	물 녹말
3	돼지고기 600g
3	시판 사골곰탕
3	고르곤졸라
3	당근 소
3	매콤한 굴소스
3	각종나물
3	타이거새우
3	갓
3	멸치액젓 게세마리표
3	데리야끼소스 시판용
3	매실식초
3	다진 고기
3	대파 썬것
3	물 400cc
3	올리고당 1술
3	가쓰오부시 장국
3	천연조미료해물육수
3	외간장
3	파인애플 링
3	파 기름
3	엄나무
3	김치 1/4등분
3	바닐라 엑스트렉
3	간 소금
3	구워먹는치즈
3	건 무말랭이
3	유자소스
3	쇠고기양지
3	갈은 배
3	미나리 크게
3	깻잎 순
3	탕수육
3	총알오징어
3	생태
3	자색고구마 가루
3	무짠지
3	밀가루 강+중
3	할라피뇨고추
3	훈제연어슬라이스
3	사리 당면
3	닭갈비
3	생강분
3	방아잎
3	초벌 부추
3	딸기크런치
3	야채육수
3	채 썬 오이
3	조림 간장
3	두부전
3	해감한 바지락
3	고구마大
3	옛날소시지
3	쪽파 크게
3	소고기 육회용
3	동죽
3	연두 청양초
3	말린버섯
3	비듬나물
3	표고버섯 밑동
3	메생이
3	소주 1/3병
3	흰색후추가루
3	소곱창
3	도루묵
3	떡국떡 1밥그릇
3	고구마 중 사이즈
3	나쵸
3	다진할라피뇨
3	사과양파즙
3	쿠키커터
3	새우젓육젓
3	고구마녹말
3	고메 크리스피 핫도그
3	새우튀김
3	태국 건고추
3	꼬치용막대
3	배추 겉잎
3	제육볶음
3	군밤
3	작은 토마토
3	간고등어 1손
3	절임물
3	양지살
3	홍고추 있으면
3	월개수잎
3	작은 오징어
3	유부주머니
3	둥근 어묵
3	참치진액
3	해선장
3	치킨스톡 취향껏
3	해감된 바지락
3	수제비반죽
3	백설안달루시아산올리브유
3	밥 당구공3개크기
3	바질 허브
3	당근 슬라이스
3	도다리
3	데친 깻잎순
3	아기소금
3	머위잎
3	석이버섯
3	다시마 사방 10cm
3	생강 맛술
3	편썬 생강
3	참조기
3	중국식만능소스
3	사과 중간크기
3	애고추
3	엄나무순
3	뚝딱 맛내기장
3	흰살생선
3	쪽파실파
3	썬쪽파
3	참치캔 기름
3	닭볶음탕용
3	쇠고기다짐육
3	큰양파
3	마요네즈 생략가능
3	부라타치즈
3	차가운생수
3	통계피
3	적양파 작은것
3	수비드 닭가슴살
3	홍고추 1개
3	육회용한우
2	올리브유오일
2	올리브유 넉넉하게
2	육회용 소고기
2	당근 1/
2	​ 국간장
2	고등어 큰것
2	감자큰거
2	매운 고추 선택
2	물엿 1+
2	송송썰은 대파
2	스텐냄비
2	대파 손가락 길이
2	후추 톡톡
2	비엔나소세지 작은거
2	진미채 크게
2	핫초코가루
2	휴대용가스버너
2	치아바타빵
2	작은오징어
2	갈은 통깨
2	샐러드볼
2	치즈분말
2	참치 85g
2	다진마늘 5g
2	통 새우
2	고구마 작은 것
2	곱창김
2	대파 흰부분 10cm
2	브로콜리 데친 것
2	생강파우더
2	감자 큰크기
2	으깬감자
2	캔참치 150g
2	머위나물
2	삼발이
2	​오이
2	순두부 작은
2	삼각김밥틀
2	맛술 1/2소주잔
2	냉동 대패삼겹살
2	유리계량컵
2	​ 고춧가루
2	죽봉어묵
2	공깃밥
2	오가피
2	잘 익은 아보카도
2	맛술 8g
2	맛술 1숟가락
2	방울토마토 선택
2	소면 100원동전
2	돼지고기 1그릇
2	오징어小
2	정육된 닭다리살
2	발사믹 소스
2	불고기용 고기
2	청양고추 취향에따라
2	얇게 썬 양파
2	야채짤순이
2	파슬리가루 없으면패스
2	가루육수 1포
2	​고추가루
2	표고버섯 작은것
2	생강가루 옵션
2	맛소금 가는소금
2	검정 통깨
2	숙주 1봉지
2	김치 잘게 다진
2	실온 달걀 노른자
2	유부 생략가능
2	통조림 골뱅이 400g
2	감자 220g
2	깨 간 것
2	감자과자
2	파 고명용
2	파스타면 500원동전
2	햄소시지
2	스파게티소스피자소스
2	새우젓 건더기만
2	통깨 참기름
2	다진양파중
2	대파 녹색부분
2	닭 5호
2	소고기 양지살
2	참치 캔 100g
2	물 국그릇 기준 2그릇
2	플레인 두유
2	짜지않은 치즈
2	소금 기호에 맞게
2	설탕 3T
2	채 썬 깻잎
2	견과류 믹스
2	실곤약 1봉지
2	작은두부
2	닭가슴살 1덩이
2	참치 135g
2	마른청양고추
2	사골육수 500g
2	감자 작
2	양파 옵션
2	실온 달걀 1개
2	화이트 초코칩
2	소스팬
2	후추 7번
2	손질한 새우
2	스팸 큰캔
2	노른자 3개분
2	블루베리쨈
2	루콜라
2	닭고기 정육
2	육수 재료가 잠길
2	닭 1200g
2	설탕 유기원당
2	설탕 2큰술
2	레몬즙식초
2	오리 훈제
2	부순 오레오
2	소금 1/2~
2	부추 50g
2	캔참치 작은거
2	초코칩 원하는
2	화이트 발사믹 레몬즙
2	냉동중화면
2	마늘 원하는
2	청주미림
2	물 생수
2	고구마 작은것
2	감자 180g
2	소금 1/2술
2	커피 액기스
2	부추 40g
2	숙주 150g
2	슈가파우더 소량
2	녹차파우더
2	올리브유포도씨유
2	블랙 코코아 파우더
2	배합초 식초
2	메밀소바
2	소시지비엔나
2	설렁탕
2	사각유부
2	등심 잡채용
2	바비큐소스
2	녹차 파우더
2	실온의 말랑한 버터
2	닭 600g
2	홀그레인
2	설탕 이나 꿀
2	토스터기
2	다진 베이컨
2	작은 고구마
2	피클 다진것
2	체리토마토
2	소고기 갈빗살
2	간마늘 1테이블스푼
2	시금치 100g
2	대저 토마토
2	꼬챙이
2	김가루 옵션
2	대파줄기
2	달걀 프라이
2	박력분 3T
2	베이킹파우더 1/3t
2	홍고추 청양
2	다진마늘 1숟가락
2	다이제 스티브
2	다크초콜릿커버춰
2	다진마늘편마늘
2	밀크초코
2	당근 색감을위해
2	바닐라 빈 페이스트
2	왕소금
2	참치 한캔
2	다진청피망
2	냉동 김말이
2	후춧가루 선택
2	호두땅콩분태
2	청양고추 총총 썰은거
2	물 60ml
2	설탕 취향껏
2	양배추 작은거
2	초코볼
2	견과류 땅콩
2	통팥조림
2	꼬마 새송이
2	참치 캔 200g
2	통깨 생략가능
2	오일 1바퀴
2	식도
2	버섯야채 육수
2	3분카레
2	크래미 140g
2	당근 小
2	순두부 1봉
2	치즈 선택
2	멸치다시 육수팩
2	달걀왕란
2	산적용꼬지
2	고구마대
2	밀가루 1/
2	당근 중
2	소고기 스테이크
2	데친 우거지
2	체다치즈 선택
2	당면 한줌
2	국간장연두
2	까르보나라소스
2	달래 500원 동전크기
2	양파 큰사이즈
2	​멸치다시마육수
2	치즈shredded cheese 잘게 자른
2	소금 중간굵은:천일염
2	가는고춧가루
2	주먹밥 가루
2	후춧가루 톡 3번
2	바지락 1봉
2	흑초
2	두부 작은크기
2	햄 5cm
2	케일잎
2	다진마늘 10g
2	게맛살 작은거
2	한우다짐육
2	치킨 파우더
2	타코시즈닝
2	파슬리가루 선택재료
2	견과류 많이
2	위생봉지
2	우유 180ml
2	소금 밑간
2	튀김가루 수북이
2	큰 빨대
2	풋마늘 잎
2	꽃 상추
2	피자용 치즈
2	블루베리 퓨레
2	팝콘치킨
2	감자 3개
2	김치국물 1작은국자
2	유리잔
2	파슬리 생략 가능
2	다진 파인애플
2	목우촌 계란
2	냉동굴
2	실온 계란 노른자
2	한우사골곰탕
2	베이컨 작은것
2	야채가루
2	냉이 100g
2	닭가슴살 삶은 육수
2	부추 쪽파
2	파스타면 200g
2	또띠아 20cm
2	꿀 1바퀴
2	두부 400g
2	애느타리버섯 200g
2	오레오 쿠키
2	갈은 쇠고기
2	대파녹색부분
2	스테이크용연어
2	비닐랩
2	고구마 300g
2	다진 표고버섯
2	샐러리가루
2	야채 집에 있는
2	밀가루박력
2	소면 500원동전크기
2	디종 머스타드
2	간장 100ml
2	스워브
2	아몬드 밀가루
2	메밀소바장국
2	참치 캔 작은 것
2	계피가루시나몬가루
2	가지중
2	물 7큰술
2	오뚜기 프레스코 스파게티면
2	통깨 기호에맞게
2	고구마 2개
2	참치캔 1통
2	카카오 가루
2	다시멸치가루
2	홀그래인 머스타드
2	달걀 생략가능
2	스팸소
2	아기 소금
2	돼지목심
2	매실청 1소주잔
2	동글 어묵
2	찐 감자
2	데쳐 다진 브로콜리
2	삼색 파프리카
2	장식용 견과류
2	진미채 180g
2	돼지고기 통삼겹
2	기네스 맥주
2	애간장
2	닭가슴살 200g
2	물 50ml
2	삶은 호박고구마
2	소금 간 맞추기
2	주방칼
2	양파중간크기
2	그린키위
2	크림스프 가루
2	골뱅이 캔 국물
2	작은 만두
2	오징어 대
2	배추 4잎
2	유선지
2	스팸 먹을
2	라즈베리 잼
2	실리콘뒤집개
2	흰 밥
2	곱게 어슷썬 대파
2	훈제오리슬라이스
2	백미 약200g
2	작은배추
2	다크커버춰
2	고추다진것
2	스파게티토마토소스
2	물 조절
2	닭봉 1팩
2	무첨가 두유
2	발로나 코코아가루
2	떡볶이떡밀떡
2	레몬제스트 1테이블스푼
2	자장 가루
2	미림 선택
2	햄 샌드위치용
2	적색 파프리카
2	또띠아 6인치
2	참치캔대
2	올리브유 1+
2	컵라면
2	김치볶음
2	절임배추
2	초코아이스크림 1스쿱
2	웨하스
2	커피우유
2	다진견과류
2	샌드위치빵
2	새송이버섯 1개
2	햄 이나 소세지
2	순닭가슴살
2	밀가루 소량
2	다진 블랙올리브
2	자색양배추
2	초콜릿펜
2	설탕 15g
2	양배추 크게
2	돼지고기목살 구이용
2	애기느타리버섯
2	반건 오징어
2	우유두유
2	구운 어묵
2	식용유 부침용
2	브로콜리 데친것
2	다진 마늘 소량
2	적 파프리카
2	양배추 생략가능
2	대파 썬거
2	두유나 우유
2	설탕 취향껏 조절
2	무 반개
2	흑임자 가루
2	머핀믹스
2	흰 양파
2	다시마 2cmX2cm
2	고형 커리
2	양파 선택사항
2	바닐라오일 소량
2	순두부 한봉지
2	큐브 치즈
2	유부초밥 1세트
2	단호박 손질해서 찐 것 사용
2	청양고추 작은것
2	말랑카우
2	생바질잎
2	펜
2	다진파 생략가능
2	드라이허브
2	다시마 넓은것
2	부추 30g
2	굴림용 설탕
2	대파나 쪽파
2	구운두부
2	파우더슈거
2	햄 다진것
2	어린채소
2	소금 오이절일때
2	초코시럽 생략가능
2	당근 70g
2	송송썬 미나리
2	채썬 마늘
2	숙주나물 300g
2	들깨가루 수북히
2	애호박 소량
2	닭 닭도리탕용
2	닭다리 순살
2	튀김 식용유
2	떡 1밥그릇
2	송송 썰은 파
2	밥 작은
2	물 200ml기준
2	당근 대
2	고구마 1개
2	곰탕
2	진미채 오징어
2	소라 살
2	버터 녹인것
2	물 1.1L
2	황태 크게
2	초생강
2	피자치즈 기호에맞게
2	한우 꾸리살
2	파프리카 홍색
2	으깬두부
2	그라나파다노 치즈
2	치즈그라인더
2	가는고추가루
2	참깨 선택
2	떡국떡 먹고싶은
2	두부한모
2	황도통조림
2	팝콘용 옥수수
2	쑥 가루
2	짜투리채소
2	달걀 삶은것
2	땅콩버터 듬뿍
2	견과류 40g
2	통조림완두콩
2	다진마늘 선택
2	감귤
2	다진생강 생략가능
2	누텔라초코잼
2	잔파 흰부분
2	부추 1국그릇
2	버섯 생략가능
2	당근 2슬라이스
2	타바스코 소스
2	설탕 많이
2	쇠고기 다진것
2	삼겹살돼지고기
2	시판용칠리소스
2	무 550g
2	시래기 삶은거
2	쌈야채
2	​다진 마늘
2	올리고당 1+
2	배추김치 2잎
2	​참기름
2	콩나물 400g
2	영계 닭
2	고메 버터
2	당근 작은 거
2	고춧가루매운
2	자일리톨
2	다진파 마음대로
2	화이트초코칩
2	전복 굴소스
2	따뜻한물 1+
2	비트잎
2	블랙 올리브 슬라이스
2	파슬리가루 옵션
2	청경채 5묶음
2	돼지고기 앞다리살 불고기용
2	꿀 올리고당
2	스테비아 방울토마토
2	구운어묵
2	감자 작은사이즈
2	참치 통조림 150g
2	스파이스가루
2	쪽파 원하는
2	산적꼬치
2	내열유리볼
2	초코 핫케이크가루
2	소면 500원크기
2	스파케티면
2	표고버섯 4꼭지
2	샌드위치용 슬라이스 햄
2	제스프리 그린 키위
2	슬라이스 체더치즈
2	소세지 5개
2	돼지고기다진것 1대접
2	으깬 바나나
2	시나몬 파우더 1/
2	돼지고기 수육
2	익은 김치 약 350g
2	후춧가루 3번
2	하이라이스 가루
2	스텐양푼
2	밥 1국그릇
2	오렌지 제스트
2	대파 기호에맞게
2	파마산치즈가루 선택사항
2	채끝
2	사과즙 1포
2	2배 사과식초
2	식용유 1소주잔
2	모짜렐라치즈피자치즈
2	연겨자 취향껏
2	버미셀리
2	두툼한 목살
2	레몬생강차
2	감자 중간거
2	고추장 1비율
2	맛소금 취향껏
2	후추톡톡 3번
2	소금 옵션
2	머쉬마루버섯
2	아삭이 오이고추
2	채썬 애호박
2	잔멸치 볶음
2	김밥 단무지
2	고구마앙금
2	로제 스파게티소스
2	카레가루 100g
2	오징어 한마리
2	메밀부침가루
2	소보루
2	풋고추 페스토
2	식초 계란삶을때
2	청주 미림
2	순후추
2	부추 80g
2	맛술 or미림
2	와사비분
2	인스턴트커피가루
2	계란과자
2	뜨거운 우유
2	수제잼
2	황금향청
2	당근 3cm 길이로
2	계란말이팬
2	핫케이크믹스
2	3분짜장
2	바닐라 설탕
2	닭가슴살 소시지
2	갈아만든 배 음료
2	다시마 4cm
2	오렌지 마멀레이드
2	생닭 600g
2	토핑용 설탕
2	경기미 참드림 쌀
2	마스코바도설탕
2	해물육수팩
2	바닐라 오일 2~3방울
2	자반 고등어
2	카라멜시럽
2	설탕 1컵
2	반죽밀대
2	소주잔
2	다시마 생략가능
2	달걀흰자 1개분
2	돼지고기전지
2	적 피망
2	다크
2	불고기용
2	버터 듬뿍
2	크랩 맛살
2	치즈모짜렐라
2	아이스 고구마
2	파 초록부분 15cm
2	밀가루 1/2밥그릇
2	빵가루 1밥그릇
2	코코넛롱
2	버섯 아무거나
2	볶음탕용닭
2	물 재료가 잠길
2	후레이크
2	양파 120g
2	통 아몬드
2	파프리카 홍
2	요리나이프
2	넙적 당면
2	도토리묵 1덩어리
2	소금 한꼬집
2	비빔양념장
2	포도씨유 1+
2	꽃등심
2	계량저울
2	잡곡
2	멀티쿠커
2	군 고구마
2	가루 젤라틴
2	​ 초코칩
2	레이디핑거
2	화이트코팅초콜릿
2	흑당설탕
2	건크린베리
2	카라멜 소스
2	조미김 자른 것
2	범일 국간장
2	다진마늘 생략 가능
2	토핑용 슬라이스 아몬드
2	만두 소
2	갈색 설탕
2	하얀 설탕
2	다크초코렛
2	부추 or쪽파
2	맹물
2	쌀면
2	갈은 사과
2	올리고당 취향껏
2	생강가루 선택
2	우무묵
2	햄 다진거
2	으깬 아몬드
2	치즈가루 생략가능
2	바나나맛 우유
2	구이용 소고기
2	옥수수팝콘용
2	소고기 채끝살
2	통 헤이즐넛
2	생 새우살
2	피쉬소스멸치액젓
2	꼬막 삶은 물
2	무슈구슈
2	삶은계란 선택
2	수제소세지
2	풋고추 생략가능
2	순대 400g
2	오징어 1마리
2	버터무가염
2	초코가루
2	소면 500원동전
2	사각 유부
2	파래 2뭉치
2	채 썬 무
2	달래 2묶음
2	소금 절일때
2	가루 육수 1포
2	깨소금 or통깨
2	쪽파 다진거
2	시판용 초고추장
2	생치즈
2	초코에몽
2	상추잎
2	소면 국수
2	대나무채
2	무 엄지손가락한마디
2	사과 작은거
2	청양고추 가감가능
2	붉은파프리카
2	손질된 새우 中 11마리
2	돼지고기앞다리살 다짐육
2	오이 작은것
2	멸치 + 다시마 육수
2	맛간장 시판
2	소고기다시다 1포
2	청주소주
2	무 육수용
2	대파 육수용
2	양파 육수용
2	소고기 갈비살
2	표고버섯 큰것
2	차가운 무염버터
2	요거트파우더
2	당면 선택
2	고추가루 + 청양고추가루
2	초코과자
2	멸치육수 1국그릇
2	귤과즙
2	밥이랑야채
2	토마토소스스파게티소스
2	설탕 1Tsp
2	짜장 소스
2	뼈없는 닭다리살
2	켈로그 리얼 그래놀라
2	감자 주먹크기
2	순살 닭다리살
2	라자냐면
2	구운달걀
2	고추기름 or식용유
2	커스터드크림
2	돼지고기 통삼겹살
2	플레이팅국그릇
2	통조림연어
2	고추 송송썸
2	​소면
2	핫페퍼
2	다진 대파 1소주잔
2	식용 색소
2	시판유부초밥세트
2	케첩 기호에맞게
2	돼지고기앞다리살 수육용
2	다진 닭고기
2	생 오리 슬라이스
2	두유우유
2	숙주 한봉지
2	고추기름 생략가능
2	해물 믹스
2	숙주 300g
2	단호박 반개
2	맛술청주
2	닭다리 정육살
2	냉압착올리브유
2	마요네즈 선택
2	케첩 선택
2	바닐라럼주
2	소주청주
2	부추봉 어묵
2	통깨 선택
2	밀가루 1비율
2	깨소금 깨 으깬 것
2	다크초콜릿 커버춰
2	쇠고기 등심
2	초코칩 선택
2	팽이버섯 큰거
2	분모자 당면
2	콩나물 작은거
2	도시락통
2	코울슬로소스
2	국간장 취향껏
2	마일드참치
2	요거트 5큰술
2	구운 캐슈넛
2	햇감자 중간크기
2	다시마 작은크기
2	참치작은캔
2	당근 다져서
2	오리엔탈 드레싱
2	베이비야채
2	순살치킨
2	곤약 500g
2	슈레드 모짜렐라 치즈
2	깨​
2	양배추 썬것
2	섬초 시금치
2	콩나물 원하는
2	당근 20g
2	구멍 어묵
2	카라멜소스
2	재료손질솔
2	스테이크용 부채살
2	감자탕용 돼지등뼈
2	범일진간장
2	봉지라면
2	알룰로스 설탕
2	사과 작은 것
2	바닐라 에센스 1~2방울
2	마시는 요거트
2	모둠 견과류
2	두부 반모
2	​새우
2	위에 뿌릴 슈가파우더
2	아마씨드
2	물 1L
2	커피에센스
2	식용유 고구마가잠길
2	육류
2	으깬 단호박
2	물 2.5밥그릇
2	당근 중간것
2	노추 간장
2	생수육수
2	들깨가루 옵션
2	피클쥬스
2	다크코팅초콜릿
2	다진파 흰부분
2	상추 먹을
2	다시마 10센티
2	새우 중간크기
2	파 썰은 것
2	후추 밑간용
2	생크림가당
2	알타리김치
2	액상스프
2	해동된 만두
2	식용색소그린
2	생우동
2	볶음주걱
2	오리훈제 한팩
2	진간장 1+
2	액젓 입맛따라 가감
2	닭 10호
2	그라파다노치즈가루
2	하루 견과류
2	파슬리가루 생략
2	충전용버터
2	레몬즙 생략 가능
2	무 작은크기
2	초고추장 시판용
2	식초 옵션
2	가지 큰사이즈
2	깨 듬뿍
2	당근 원하는
2	그라노파다노
2	소면 3인분
2	목이버섯 불린것
2	월계수잎 선택
2	간장 작은
2	대파 18cm
2	파스타 삶은 물
2	앙글레즈 버터크림
2	닭날개 500g
2	볶은 해바라기씨앗
2	가지 400g
2	물 150ml
2	돼지목살 3덩어리
2	통마늘 or다진마늘
2	에어프라이기
2	일회용비닐
2	갈릭디핑소스
2	제과용 코코아가루
2	통후추 후추가루
2	오징어 중간사이즈
2	큰 토마토
2	찐 옥수수
2	쇠고기 장조림용
2	쏭쏭 썬 대파 흰부분
2	꽃맛살
2	홀스래디쉬소스
2	두꺼운 베이컨
2	겨자 소스
2	스테이크판
2	고추마늘소스
2	닭 닭볶음용
2	연어필렛
2	소불고기용 고기
2	큰 사과
2	청양고추 다짐
2	쵸코칩
2	다크 커버춰
2	무뼈 닭발
2	두절 건새우
2	식용색소 빨강
2	분말 한천
2	쵸콜릿
2	볶음용 잔멸치
2	블랙올리브꿀절임
2	표고버섯 2꼭지
2	물 1잔
2	쏭쏭 썬파
2	바닐라 익스트랙 2방울
2	대파 송송썬것
2	튀김용오일
2	봄동 1다발
2	밀가루 부침가루
2	무채 1사발
2	납작 만두
2	밀가루 수북히
2	통참깨
2	데운 생크림
2	이태리 파슬리
2	스파게티 삶은 물
2	무 1/3등분
2	튀김가루 1밥그릇
2	김치 썬 것
2	다진 무
2	양배추 1잎
2	양상추 1잎
2	피망빨강
2	피망노랑
2	고추청양고추
2	당면 불린것
2	믹스 채소
2	스테이크 시즈닝
2	생 쌀
2	말린표고버섯육수
2	돼지 다짐육
2	야채참치
2	햄슬라이스
2	무 150g
2	핫 케이크 믹스
2	음료수
2	돼지앞다리살 불고기용
2	휘핑크림소
2	청경채시금치
2	꼬마파프리카
2	멸치코인육수
2	육수 멸치+다시마
2	참치 210g
2	콘샐러드
2	시나몬파우더계피가루
2	칵테일 새우 10미
2	화이트 발사믹 식초
2	진간장 2큰술
2	깐 귤
2	된장소스
2	무우채
2	감자 어린이주먹크기
2	채썬 깻잎
2	양배추 잘게 썬
2	청피망 잘게 썬
2	콩배기
2	생강술 미림
2	단무지 반달모양
2	스팸베이컨
2	크래미게살
2	삶은 감자 큰 사이즈
2	맛 느타리버섯
2	레몬즙 선택
2	스모크 플레이버
2	드라이 바질
2	사과 잘게 썬
2	감자 ​
2	사각 치즈
2	등갈비 800g
2	멸치육수 or물
2	마늘기름
2	미로와
2	샤부샤부용 소고기
2	무 3센티
2	당근 작은크기
2	닭가슴살소시지
2	소금 크게
2	칼국수사리면
2	대파 줄기
2	포도식초
2	조림맛간장
2	단팥
2	매운소스
2	파프리카 빨강 노랑
2	된장 취향껏
2	부추 반줌
2	세라노등
2	물 or우유
2	쌀뜨물 or물
2	피자치즈모짜렐라치즈
2	매실청 or설탕
2	소금 작은
2	막대 어묵
2	콩비지 1덩어리
2	새송이버섯 중간크기
2	익스트렉
2	굵은소금 천일염
2	디죤머스타드
2	버섯 새송이
2	그라노파다노 치즈
2	올리브유 소량
2	바질 소량
2	다시마 10cmX10cm
2	편으로 썬 마늘
2	무나물
2	밀크코팅 초콜릿
2	바닐라오일 4~5방울
2	베이컨 생략가능
2	돼지고기 국거리
2	한생원 해물육수팩
2	시판 냉면 육수
2	미니 오이
2	골파
2	시판 키위 드레싱
2	다진마늘 1블럭
2	사누끼면
2	김치 1/2그릇
2	조림용간장
2	다진파슬리
2	HACCP인증 달걀
2	야채호빵
2	조림 멸치
2	들기름 + 식용유
2	깐호두
2	깐땅콩
2	생강술미림
2	단호박 으깬것
2	밀가루반죽
2	고구마 보통크기
2	bs
2	황란
2	김치 2/3밥그릇
2	목우촌 닭고기 닭볶음탕용
2	불린 중국 당면
2	목우촌 닭고기 가슴살
2	파프리카 빨강 주황 노랑
2	참치액젓 생략가능
2	통마늘 선택
2	전자레인지용뚜껑
2	납작만
2	머스코바도 설탕
2	부추 1줌
2	바질 이나 파슬리가루
2	채 썬 양배추
2	목우촌 베이컨
2	해표참고소한볶음참깨
2	해표 프락토 올리고당
2	다용도매콤양념장
2	염장 꼬시래기
2	​들기름
2	해물육수 팩
2	핫초코 가루
2	찰수수
2	돼지 불고기
2	근대 1묶음
2	설탕 기호에맞게
2	대파흰
2	땡초청량초
2	깻잎 1~2묶음
2	통 들깨
2	채소유
2	갈릭솔트
2	도토리묵 160g
2	플레인 요거트 85g
2	레몬제스트 1/2개분
2	포도씨유 식용유 넉넉하게
2	블랙타이거 새우
2	후추가루 캄폿 흑후추
2	야채 양배추
2	알배기
2	소고기 육전용
2	감자 1/
2	고추 장아찌
2	동그란 어묵
2	햇양파 작은거
2	꼬막 삶은물
2	싸먹는 오리 슬라이스
2	물 1/4머그컵
2	다시마 5cmx5cm
2	다크초코칩
2	쪽파 한줌
2	마들렌틀
2	슬라이스 모짜렐라 치즈
2	슬라이스 체다 치즈
2	갈치 2마리
2	캔콩
2	줄줄이햄
2	복분자액
2	한돈 등갈비
2	자색고구마가루
2	고운들깨가루
2	가당 휘핑크림
2	쌀박력분
2	계란 작은사이즈
2	통후추 갈은것
2	과자
2	쫄면 1인분
2	유부 채
2	왕 새우
2	파프리카노란색
2	파프리카주황색
2	게살크랩
2	토마토 케찹
2	초벌부추
2	토닉워터
2	멸치 중간사이즈
2	고은 소금
2	조리필러
2	설탕 a
2	설탕 b
2	물 야채가 잠길
2	물생수
2	미니 양송이버섯
2	통깨 ​
2	달걀흰자 2개분
2	3색 파프리카
2	염장 미역
2	일자 콩나물
2	돼지고기등심 다짐육
2	코코넛슬라이스
2	통조림 꽁치
2	미원 선택
2	양파다짐
2	마요네즈 수북히
2	매실액기스 생략가능
2	홍합육수
2	요구르트 15병
2	후추 8톡
2	수육
2	누들 떡볶이 떡
2	무 10센티
2	가지대
2	오징어 큰사이즈
2	마늘 간것
2	닭안심 7덩어리
2	바닐라익스트렉
2	물엿설탕
2	PN멀티팟
2	쪽파 선택
2	꼬깔콘
2	국간장 이나 액젓
2	소금 수북히
2	물 필요시
2	버섯 원하는
2	꼬마 새송이 버섯
2	치킨 텐더
2	요리용가위
2	순대 1팩
2	미나리 줄기
2	백설맛술생강
2	흑두부
2	양파 1인분량
2	브로콜리 줄기 생략가능
2	슬라이드 아몬드
2	수제요거트
2	등갈비 600g 내외
2	아이스 블루베리
2	코팅용초콜릿
2	냉동대패삼겹살
2	양파 필수
2	돈등심
2	우유 120ml
2	애느타리
2	된장 1/
2	박력분중력분
2	밥 3주걱
2	구운 아몬드 슬라이스
2	어묵 1국그릇
2	간장 2바퀴
2	떡국떡 선택
2	대파 줄기부분
2	무청 시래기 삶은것
2	닭가슴살 블랙페퍼
2	초코팬
2	모짜렐라치즈 많이
2	스텐팬
2	올리브오일 소량
2	귀리 가루
2	장조림용 돼지고기
2	미림소주
2	골뱅이 400g짜리
2	베이컨 긴것
2	씨그램 플레인
2	고추기름라유
2	소주미림
2	스팸 1캔
2	레몬 선택사항
2	쪽파다진것
2	교자만두
2	헤비크림
2	으깬 두부
2	아기식판
2	밥그릇
2	당근 100g
2	소금 0.5비율
2	재래돌김
2	오이대
2	치즈떡볶이
2	케찹 선택
2	물 600cc
2	무 1/5개
2	반달 단무지
2	건빵
2	무싹
2	무우 채
2	갈비 삶은 물
2	레몬즙 1방울
2	오이 5센티
2	다시팩육수
2	우리밀통밀가루
2	닭근위닭똥집
2	소금 필요시
2	양파 1/4~
2	돼지고기 등심 이나 안심
2	참치국물
2	케첩 원하는
2	초간장 원하는
2	복분자
2	날밀가루
2	파프리카 빨
2	무가당플레인요거트
2	둥근 소시지
2	신김치 국물
2	물 1.2리터
2	무김치 1대접
2	해삼
2	토마토 파스타소스
2	쪽파 손질 후
2	통조림 골뱅이
2	흰쌀 밥
2	양파 중자
2	술맛술
2	우유물
2	초록부분
2	슬라이스 연어
2	팽이버섯 1/
2	소주 1/2잔
2	도토리묵 1사발
2	참치캔 小
2	양파 작은알
2	마요네즈 3바퀴
2	설탕 베라스푼
2	소금 천일염
2	꼬들 단무지
2	밥 약 200g
2	노란 피망
2	파인애플통조림국물
2	볶음 땅콩
2	소주맛술
2	민물 장어
2	돼지고기 생략가능
2	무 큰거
2	통깨검은깨
2	어묵 원하는
2	쌀드물
2	고추장 15g
2	설탕a
2	설탕b
2	묵은지 or신김치
2	햄 김밥용
2	깡통햄
2	코코넛슈거
2	칠리파우더 생략가능
2	적양파 중간크기
2	머핀빵
2	컬리플라워 라이스
2	옐로우머스타드
2	미니 밤호박
2	생강가루 소량
2	소금 절일 때
2	목우촌 살코기햄
2	청양고추 다진거
2	냉동탕수육
2	떠먹는 플레인요거트
2	버터 실온
2	통조림골뱅이
2	미니새송이 버섯
2	날 계란
2	숙주 1사발
2	백 명란젓
2	양파다진거
2	고구마 큰 거
2	작은멸치
2	저염 고추장
2	매콤 고추가루
2	드레싱
2	간장 1/2소주잔
2	바닐라 빈
2	수란
2	무 1사발
2	생새우살
2	홀그레인 머스터드소스
2	건호박
2	바지락육수
2	양파 1-
2	새우 생략가능
2	들깨가루 껍질벗긴것
2	매실당
2	바질 3잎
2	바게트 슬라이스
2	바나나식초
2	쇠고기육수
2	습식 쌀가루
2	쫑쫑썬 대파
2	맑은 액젓
2	홍고추 작은 것
2	세미드라이 이스트
2	연어 스테이크용
2	아이스크림 2스쿱
2	산타리버섯
2	양파 60g
2	대나무꼬지
2	식빵 크루통
2	계량 스푼 기준입니다
2	양파 다진 것 수북히
2	길쭉 어묵
2	믹스 페퍼
2	물엿 1소주잔
2	채 썬 생강
2	냉동새우대
2	봄동 작은
2	시판칠리소스
2	나무수저세트
2	선택
2	냉동모둠해물
2	고추참치 85g
2	스텐거품기
2	인스턴트 커피 1+
2	소주 or청주
2	와사비고추냉이
2	설탕매실액
2	낙지데친물
2	모밀면
2	상추 크게
2	옹심이
2	식초 2방울
2	구운 감태
2	디포리 육수용
2	다시 팩
2	간장 간맞추기
2	칫솔
2	다시멸치 크게
2	국간장 1숟가락
2	삭힌 고추
2	멸치 육수용 1/2밥그릇
2	카레 백세카레
2	잡채용 쇠고기
2	새우 껍질벗긴
2	장식용 피스타치오
2	진간장 취향껏
2	스팸 햄대
2	대파뿌리채
2	양파 껍질까지
2	익은 깍두기
2	시판 쌈장
2	후추톡톡 5번
2	국간장 1+
2	신 김치 1국그릇
2	오징어다리 150g
2	페퍼
2	물 or멸치육수
2	코팅 화이트초콜릿
2	맛타리 버섯
2	참깨깨소금
2	소고기홍두께살
2	햇
2	생선 조기
2	물엿 10g
2	고추장 10g
2	유부초밥 재료
2	굵은소금 수북히
2	원당설탕
2	소시지바
2	설탈
2	불닭 소스
2	볼로냐소스
2	조랭이 떡
2	다진 샐러리
2	참기름 2~3방울
2	​사각 어묵
2	은화고 버섯
2	보리 새우
2	시판 칠리소스
2	김치 + 김치국물
2	파슬리 선택
2	시럽꿀
2	황태포 크게
2	액젓 간맞추기
2	다시 물
2	신 열무김치
2	매운고추가루
2	암 꽃게
2	알뜰주걱
2	된장 수북히
2	고다
2	모둠채소
2	인스턴트카레
2	햄 기호에맞게
2	다시다육수
2	통삼겹살 600g
2	무 2kg
2	인스턴트 우동
2	빨강 피망
2	섬초시금치
2	파인애플쥬스
2	유자필
2	무작은거
2	식초 2-3방울
2	낙지 젓갈
2	차조
2	네이쳐스톤압력솥
2	우유 반컵
2	대파 뿌리쪽
2	연근 300g
2	하이라이스
2	치아바타 빵
2	생강청 생략가능
2	에스프레소 커피
2	참나물 약 150g
2	계란 100g
2	고등어 조림용
2	목이버섯 불린 것
2	모둠버섯
2	가와지1호 쌀
2	참기름 2술
2	김치 크게
2	묵은 김
2	사리곰탕
2	은행 생략가능
2	쌍화탕 1/2병
2	사천고추
2	모둠전
2	스팸 소
2	무 주먹크기
2	고등어 6토막
2	건 보리새우
2	후추가루 1번
2	진간장 1/
2	사골
2	청주 소주
2	대림선볶음참깨
2	베이컨햄
2	핑크 소금
2	잔술
2	양배추 많이
2	불고기용 쇠고기
2	옥수수식빵
2	참치 캔 작은 사이즈
2	버섯 마음껏
2	밥 300g
2	고추장 1+
2	아마씨가루
2	멸치中
2	옥수수 알갱이
2	굴소스 1/2술
2	스위트피클
2	골뱅이 작은거
2	민물새우
2	우리밀 고소밀
2	미나리 1묶음
2	대파초록 부분
2	대구 포
2	고춧가루 소량
2	백포도주
2	코다리 4마리
2	동원 참치캔 150g
2	부침용 카놀라유
2	물 2컵
2	튀긴돈까스
2	가다랭이포
2	대파양념장
2	통밀또띠아
2	화이트 발사믹
2	시판초고추장
2	간장 2테이블스푼
2	버터 2테이블스푼
2	파프리카 다른색
2	바닐라 에센스 4~5방울
2	할라피뇨 슬라이스
2	굵은 후추가루
2	갈치 5토막
2	연유 원하는
2	횟감 연어
2	손질한 전복
2	육수 다시마+멸치
2	다시마팩
2	계란 원하는
2	라디치오
2	구멍난 어묵
2	참치 캔 150g
2	얼그레이티
2	대구포
2	까르보불닭소스
2	소금 입맛에 맞게
2	돼지고기 장조림용
2	설탕자일리톨가루
2	물엿올리고 당
2	만능 맛간장
2	배효소
2	닭중간
2	물 약 1리터
2	가래떡 or떡국떡
2	진간장 16g
2	물엿 12g
2	훈제 닭가슴살 200g
2	그린 올리브
2	손만두
2	낙지 중간크기
2	시판유부
2	양파 간것
2	멸치디포리 육수
2	건삼
2	코앵트로
2	샤워크림
2	대파 1/4등분
2	앤초비
2	다시마 5X5cm
2	표고버섯밑동
2	미니바게트
2	치즈어묵
2	샤브용고기
2	무 절임
2	식용유 고구마가 잠길
2	육수 물
2	닭가슴살 300g
2	마늘다지기
2	리챔햄
2	표고버섯 불린 물
2	자색 양파즙
2	콘프레이크
2	멸치 다시 국물
2	양파 중사이즈
2	선택사항
2	큰 스팸
2	꿀 3테이블스푼
2	대파 1손가락마디
2	국거리용쇠고기
2	오이소박이
2	커리파우더
2	쌈채소 상추
2	통깨 갈은것
2	올리브오일 식용유
2	파프리카 피망
2	설탕 이나 올리고당
2	배추 데친것
2	장조림용 고기
2	소면 2인분
2	밤 겉껍질을 깐
2	냉동바지락 선택
2	차슈
2	부추 송송 썬 것
2	굵게 간 통깨
2	고추장아찌간장
2	레몬즙 5방울
2	오래오
2	닭 가슴살 캔
2	염장미역
2	오이맛 고추
2	백숙용 한약재
2	액젓 생략가능
2	볶은들깨
2	표고 불린 물
2	연자육
2	냉동절단 꽃게
2	연어캔 100g
2	브로콜리 기둥
2	채소 집에 있는
2	다시마 끓인 물
2	블루큐라소
2	베샤멜소스
2	시판 순대
2	스테이크용소고기
2	토스트
2	견과류 분태
2	안성탕면
2	우리밀통밀
2	케찹 듬뿍
2	물엿요리당
2	무 슬라이스
2	양파 80g
2	식요유
2	단호박 작은것
2	물 찬물
2	설탕 2술
2	연어캔참치캔
2	진간장 100ml
2	멸간장
2	썰은파
2	홍차가루
2	소고기양지머리
2	동치미
2	조린 우엉
2	부침가루튀김가루
2	데침솥
2	무 100g
2	청양고추 1개
2	엠앤엠즈 초코볼
2	버터 녹인거
2	전복 2미
2	다시마 5센티
2	식빵짜투리
2	불린 궁채
2	두부 550g
2	쯔유 간장
2	깨 데코용
2	계란 선택
2	녹말전분
2	채썬마늘
2	트러플 오일
2	자숙문어 다리
2	후리카케 선택
2	삶은 곤드레나물
2	감자 원하는
2	타바스코소스
2	블루베리콩포트
2	홍 피망
2	골뱅이캔 400g
2	다진 시금치
2	핸드블랜더
2	드라이카레
2	후추 밑간
2	송송썬실파
2	불고기감 소고기
2	양배추샐러드
2	수제어묵
2	새우젓 1/
2	한우 국거리
2	무채 썬것
2	무 작은 5cm두께
2	굴 300g
2	후춧가루 1번
2	물엿 이나 올리고당
2	납작 썬 주키니호박
2	면삶기용물
2	밴댕이디포리
2	통 오징어
2	물엿 이나 조청
2	치킨 살
2	시판된장 수북히
2	다시마 작은것
2	슬라이스아몬드 선택
2	깐쪽파
2	토마토 퓌레
2	알배추 4잎
2	감자 중자
2	배추 묵은지
2	찹쌀도나스믹스
2	오징어 젓갈
2	쉰김치
2	볶음기름
2	간고등어
2	스모크치즈
2	작은 파프리카
2	명란젓 1덩어리
2	레몬껍질 2개분
2	가쓰오 육수
2	다진 청량고추
2	김치양념
2	메밀소면
2	생강조청
2	스탠냄비
2	멸치다시마 팩
2	깐 바지락
2	무 1.5kg
2	복숭아청
2	감자 100g
2	월계수잎 5잎
2	라즈베리잼
2	설탕 1/3~
2	느타리버섯 50g
2	불린 당면 20g
2	배 즙
2	알배기 배춧잎
2	돌산갓
2	돼지고기 다진 거
2	통도라지
2	킹크랩 맛살
2	씻은 묵은지
2	귤즙
2	적색양파
2	배추 알배기
2	생크림 A
2	생크림 B
2	닭 12호
2	양파 소자
2	낙지 큰거
2	케이엔페퍼
2	소고기 삶은 육수
2	조청올리고당
2	멸치건새우육수
2	모짜렐라치즈 슬라이스
2	백종원 만능간장
2	바닐라익스트랙 4방울
2	밥이랑
2	황석어젓갈
2	스파게티면 50원동전크기
2	알배추 3잎
2	상추 8잎
2	튀김부침가루
2	찐 계란
2	단촛물
2	중간굵은소금
2	물우유
2	백후추가루
2	참맛 느타리버섯
2	돼지고기 앞다리 살
2	양배추 1/4개
2	양파 1/2개
2	간장 1컵
2	새우젓 듬뿍
2	황태채북어채
2	허니 머스터드 소스
2	풋고추꽈리고추
2	소고기 채끝
2	청양고추 원하는
2	데코용초코펜
2	밥 넉넉하게
2	시판용 토마토 소스
2	짧게 채 썬 양파
2	식초 3~4방울
2	새싹야채
2	알 새우
2	사과 간 것
2	바닐라에센스 2-3방울
2	야채믹스
2	묵은지 씻은 것
2	적 근대
2	우동 면사리
2	마른 찹쌀가루
2	팥 앙금
2	치즈돈가스
2	다시마 작은 거
2	일반쌀
2	한방팩
2	블랙 커피
2	다시마 3*3cm
2	전복굴소스
2	낙지젓갈
2	네모 어묵
2	토마토소
2	미역 불린거
2	곰취나물
2	표고버섯육수
2	적양배추 2잎
2	대추 토마토
2	마리브리자드 피치 시럽
2	후르츠 칵테일
2	레드 식용색소
2	오뚜기밥
2	순살 가자미
2	우유 250ml
2	두절 새우
2	북어채 황태채
2	바닐라익스트랙 3~5방울
2	진미 오징어채
2	쌀뜨물 3머그컵
2	로메인 상추
2	다진 대파 흰 부분
2	쥐눈이콩
2	청양고추장아찌
2	멸치젓
2	양파1개 소
2	어묵 200g
2	미림 2스푼
2	고추장 2스푼
2	식용유 2스푼
2	레몬 제스트
2	다진 홍피망
2	아이스크림 1스쿱
2	빙수용 팥
2	전복살
2	샤브샤브육수
2	마늘 4쪽
2	가람 마살라
2	파프리카 시즈닝
2	멸치액젓 1+
2	솥
2	통깨 갈아서
2	이유
2	다시마 썰은것
2	생강가루 생략 가능
2	도토리묵 300g
2	무가당 플레인 요거트
2	박력분 or중력분
2	바지락 원하는
2	미니족
2	옥수수콘통조림
2	계피 1스틱
2	소고기육우홍두깨
2	대파 3뼘
2	어묵 1봉지
2	쌀뜻 물
2	돼지고기뒷다리
2	삼겹살 100g
2	당근자투리
2	소면 or중면
2	깔라만시원액
2	휘핑크림생크림
2	제철과일
2	물 우유컵
2	백련초 가루
2	쇠고기 사태
2	무 두께 3cm
2	포도시유
2	김치 원하는
2	허브솔트 or소금+후추
2	오리훈제고기
2	생강 엄지손가락길이
2	허니 머스터드소스
2	대추물
2	소 멸치
2	모카엑기스
2	알배춧잎
2	호떡잼믹스
2	굵은소금 데칠때
2	만능오일
2	배 큰것
2	쇠고기 불고깃감
2	프레이팅접시
2	국간장소금
2	부추 넉넉히
2	새우 큰거
2	가는 파
2	파스타냄비
2	멸치다시백 멸치
2	구운아귀채
2	생강즙생강가루
2	튀김가루부침가루
2	물 2000CC
2	다시마 4cm*4cm
2	스파게티 토마토소스
2	자투리야채 양파
2	삼치살
2	홍청양 고추 1개
2	고추장 2비율
2	단무지 잘게 썬
2	소면 500원짜리 동전크기
2	국거리 쇠고기
2	쑥갓 선택
2	대파 다짐
2	수제비 반죽
2	쇠고기 다시다
2	계란흰자만
2	쌈채소 썰어서
2	튀김반죽
2	파 1/
2	건표고버섯 슬라이스
2	미역줄기 500g
2	잣 생략가능
2	로스팜
2	유채유
2	멸치 큰거
2	두부 300그램
2	생크림휘핑크림
2	​고추장
2	도토리묵말랭이
2	연두 우리콩
2	목삼겹
2	롤라로사
2	자른 마른미역
2	통 파
2	채 썬 고추
2	마른 당면
2	귤 즙
2	참치 맛나니
2	멸치팩
2	쭈꾸미 1팩
2	통조림꽁치
2	계란중
2	나박 썬 무
2	숙주 450g
2	물 감자가 잠길
2	무 5센티
2	깨소금통깨
2	우유 잠길
2	조미김 5g
2	참치액 국간장ok
2	사리곰탕면
2	느타리버섯 1묶음
2	가지 2개
2	조개동죽
2	크림파스타소스 1/2병
2	파스타삶은물
2	검정콩서리태
2	각종 버섯
2	설당
2	돼지 삼겹살
2	실파 잘게 썬
2	간장 1비율
2	사과발효액
2	부추전
2	배추속잎
2	불린 납작당면
2	적치커리
2	처음부터육수 취향껏
2	오이 고명용
2	큰가지
2	열무김치 1접시
2	양배추 150g
2	통조림참치 150g
2	옥수수유
2	쿠킹유
2	실파 자른것
2	마른다시마 10x10센티
2	가는 고춧가루
2	물 1/2맥주컵
2	간장 12T
2	코팅 초콜릿
2	양배추 200g
2	쇠고기 국거리용
2	닭 800g
2	깻잎 여러장
2	쯔유소스
2	조청 이나 올리고당
2	치킨가루
2	쏭쏭 썬 파
2	조선간장국간장
2	락토프리우유
2	봉지 치즈
2	다시마 불린 물
2	엑스트라버진올리브오일
2	절임용 천일염
2	중하 새우
2	들기름 2바퀴
2	견과류 골고루
2	닭고기 볶음용
2	설탕 이나 매실액
2	미역불린물
2	식용유 + 들기름
2	다진호
2	오징어 큰 것
2	명란마요
2	광어 서더리
2	멸치다시마육수 팩
2	식용유 1술
2	김치 썰어서
2	무김치
2	쌀뜨 물
2	장조림 간장
2	하이라이스 분말
2	쪽마늘
2	쑥갓 1묶음
2	생강 작은것
2	생오리
2	배즙 100ml
2	메추리알 2판
2	총각김칫국물
2	양배추 소량
2	상추 or양상추
2	닭 안심살
2	한우갈비
2	손질한동태
2	일반간장
2	부추무침
2	쌀 박력분
2	야채들
2	백설자연재료부침가루
2	무 1cm
2	소금 1/4~
2	들기름 볶을때
2	설탕 2스푼
2	진간장 1스푼
2	통깨 2g
2	조정
2	양조진간장
2	사과 배
2	물 1.5머그컵
2	저민 생강
2	통양파
2	바닐라익스트랙 분말
2	연두청양초
2	돼지고기 족발
2	파인애플식초
2	생새우 냉동
2	식초 기호에맞게
2	마늘 생략가능
2	로제소스
2	식용유or올리브유
2	간장 60ml
2	김치 익은것
2	꿀 취향껏
2	스팸 작은사이즈
2	제과용 쌀가루
2	뷰코 코코넛 밀크 프리미엄
2	물 +α
2	제빵개량제
2	베이크 빈
2	다시마 국물
2	조림 감자
2	뷰코 유기농 엑스트라버진 코코넛 오일
2	이탈리안 시즈닝
2	맛 된장
2	쓰리라차소스
2	고구마 원하는
2	브로콜리대
2	마스카포네치즈크림치즈
2	양파가루 생략가능
2	마른고사리
2	꿀 이나 아가베시럽
2	우거지 or시래기
2	깻잎 원하는
2	양파효소
2	백미 밥 약 200g
2	멸치 간 것
2	개두릅
2	​소금
2	물 취향것
2	떡볶이떡 1묶음
2	오렌지 주스
2	뉴 슈가
2	메로뽈살
2	씻은 김치
2	중국 간장
2	멸치액젓 1tbsp
2	다진마늘 1/2tbsp
2	설탕 1tbsp
2	멸치액젓 8g
2	고추장 60g
2	통깨 2~3g
2	식용색소 레드
2	밥 2주걱
2	소시지 원하는
2	김 원하는
2	진간장 1/2소주잔
2	팟타이소스
2	시럽 or꿀
2	파 간장
2	대파 썰은 것
2	생강술소주
2	막국수
2	파프리카빨강노랑
2	검은콩 삶은
2	메추리알 25알
2	동태알
2	삼계탕용닭
2	곡물식빵
2	밤다이스
2	낙지 큰것
2	마늘간마늘
2	무 1/4개
2	대파잎부분
2	다이제 낱개
2	베트남 건고추
2	베이컨 긴걸로
2	묵은지신김치
2	남은소주
2	햇반 210g
2	소금 작은술
2	삶은고구마줄기
2	물 2대접
2	봄동 1묶음
2	카스테라빵
2	표고버섯우린 물
2	내열유리용기
2	쌀뜨물 1/2냄비
2	참치캔 작은크기
2	삼양라면
2	훈제 파프리카가루
2	숙성된김치
2	양파큰것
2	양지국거리
2	물 3국그릇
2	고르곤졸라 치즈
2	끓인 육수
2	고추가루 7g
2	새우젓 건더기만 10g
2	배추김치 익은것
2	마른대추
2	스팸 큰 것
2	큰 배추
2	굵은절임용 소금
2	찹쌀풀국
2	어린잎야채
2	설탕 2테이블스푼
2	당근 큰 것
2	풋사과
2	데친 미역줄기
2	스틱 육수 1포
2	돼지고기간거
2	소갈비 살
2	맛소금소금
2	도토리묵 가루
2	향신즙
2	닭강정
2	청 홍고추
2	순정 느타리버섯
2	드라이 레드 와인
2	보쌈용 고기
2	조리용나무젓가락
2	생강매실맛술
2	인덕션도마
2	건 파슬리가루
2	알룰로스 액상
2	쪽파 한 주먹
2	페페론치노청양고추
2	당근효소
2	소갈비찜용
2	누들떡볶이
2	양파액기스
2	단호박 작은거
2	전어
2	자이언트떡볶이
2	배 중간크기
2	통깨​
2	익은김치묵은지
2	마른당면
2	바닐라오일 2~3방울
2	채썬파
2	돼지고기 앞다리살전지
2	고구마 중사이즈
2	호두 반태
2	토핑용
2	열 라면
2	국멸치팩
2	옥수수전분가루
2	머쉬멜로우
2	화이트초코
2	거피 들깨가루
2	코코넛파우더
2	펩시 콜라
2	조미료 소량
2	간 사과
2	참치캔 210g
2	실파나 대파
2	김치 먹을
2	칼국수생면
2	오징어링
2	산들애요리수
2	​ 간장
2	볶음쌀국수
2	오렌지즙
2	자일로스
2	시판 유부 초밥
2	미역줄거리
2	쌈 채소
2	가지小
2	밥 따뜻한것
2	식초 1/4소주잔
2	멸치액젓 1/4소주잔
2	저염 베이컨
2	다시마 7*7cm
2	봄동 350g
2	간장 8테이블스푼
2	무 6cm
2	간장 1술
2	소고기목심
2	칼국수건면
2	물 1/3머그컵
2	간장 1큰술 1테이블스푼
2	생 치즈
2	모듬 견과류
2	풀
2	채소 믹스
2	맛살 이나 크래미
2	모닝롤
2	시판 청국장
2	마늘 다져서
2	스파게티 삶은물
2	국간장 or액젓
2	조림용 멸치
2	홍게맛장
2	모양 어묵
2	까망베르 치즈
2	고추장 1tbsp
2	고춧가루 1비율
2	바질가루 없어도무관
2	섵탕
2	고구마 3개
2	육포
2	완두
2	숫게
2	천일염소금
2	맛 김
2	진한콩국물
2	검은콩국물
2	간 키위
2	오뚜기 고소한 참기름
2	만능춘장
2	식빵믹스
2	대추씨
2	양배추 양파
2	올리고당 or설탕
2	골뱅이 육수
2	생강가루즙
2	고추장 선택
2	밥 먹을
2	고기느타리버섯
2	숏 파스타
2	돼지내장
2	가쓰오육수
2	적채양배추
2	고구마 작은 거
2	한우사골 곰탕
2	시판육수
2	볶은 해바라기씨
2	늙은오이
2	무 초록부분
2	멸치육수 400ml
2	생강가루생강즙
2	생닭 6호
2	하몽
2	다시육수 멸치
2	우엉 껍질벗긴
2	고추장 깎아서
2	사각트레이
2	다시마소금
2	멸치육수 팩
2	대패삽겹살
2	소고기 홍두깨
2	시판용 사골육수
2	월계수잎 2잎
2	열기
2	통조림파인애플
2	다시마조
2	동치미육수
2	설탕 작은
2	계란 2구
2	된장 생략가능
2	다시마 7* 7
2	호박가루
2	복분자즙
2	통조림밤
2	진미채 150g
2	마늘 1스푼
2	간장 1대접
2	식초 1대접
2	청주나 맛술
2	양장피
2	새우다시육수
2	익은 파김치
2	후리가께
2	달걀 풀어준비
2	쪽파 고명용
2	물 6컵
2	파래 자반
2	골뱅이 통조림국물
2	익은김치국물
2	미나리 원하는
2	습식 멥쌀가루
2	죽염 소금
2	건고춧잎
2	부순 얼음
2	손질한 중멸치
2	대파 채썬것
2	가이리멸치
2	액젓 멸치
2	대파 어슷썰기
2	총각김치 1대접
2	자반용 김
2	대 멸치
2	자투리채소 양파
2	묵은지 2잎
2	해물믹스 2사발
2	찹쌀풀용 물
2	동치미냉면육수
2	홍차잎
2	등심 스테이크
2	채 썬 우엉
2	꼬들단무지
2	국물내기용 멸치
2	크림스파게티소스
2	탄산수 or사이다
2	반건조 가자미
2	고등어小
2	냉이 1사발
2	묵은지 무김치
2	시금치 매운시금치볶음
2	비닐장갑
2	월계수잎 3-4잎
2	굵은소금 오이세척용 소량
2	무 생략가능
2	부라타 치즈
2	새우 살
2	그린홍합
2	대추 생략가능
2	밥 400g
2	손질된 찜용 콩나물
2	닭다리 정육
2	백설100%자연발효현미식초
2	쇠고기 불고기감
2	물 반죽용
2	카레가루 순한맛
2	풀물
2	​ 깻잎
2	애고추 or꽈리고추
2	치킨 무
2	식용유현미유
2	한우 소고기갈비 찜용
2	배즙 1포
2	비빔장
2	꽈리고추 or청양고추
2	멸치액젓 기호에 맞게 가감
2	만두 먹을
2	다진대파 생략가능
2	백련초
2	식초 선택
2	감자 중 사이즈
2	양식소스
2	대파 뿌리포함
2	썰은 흰 대파
2	칠성사이다
2	양파 중 사이즈
2	참기름 선택사항
2	고추기름 식용유 대체 가능
2	멸치 1밥그릇
2	파인소프트T
2	볶은 아마씨
2	마른꼴뚜기
2	옥수수 식빵틀 1개분
2	물 4머그컵
2	소금 배추절임용
2	물엿 20g
2	귀리밥
2	대파 초록잎
2	궁채나물
2	오이지 오이
2	바닐라 오일 5방울
2	레드비트
2	멸치액젓 2술
2	가이리 멸치
2	인스턴트 이스트
2	알래스카연어캔
2	시저드레싱
2	파인애플링
2	홍진미채
2	스틱 버터
2	무 5cm두께
2	봄동 200g
2	물 1컵=237ml
2	판 초콜릿
2	고추참치캔
2	돼지고기 부위상관없음
2	숏파스타
2	밥 2인분
2	고축가루
2	대파 60g
2	다진마늘 20g
2	다시다 5g
2	건식 맵쌀가루
2	사과 or배
2	플레인 요쿠르트
2	맛술 1테이블스푼
2	조미아귀채
2	깐 더덕
2	올리브유 2술
2	생강원액
2	우뭇가사리묵
2	샐러리 10cm
2	웨이브칼
2	멸치다시마 티백
2	소고기 설도
2	당근 50g
2	감자수제비
2	햄프시드
2	홍게
2	멸치볶음
2	홍고추 잘게 썬
2	고추장 배불러
2	범일콩 된장
2	큐브참치
2	소고기 육회
2	야끼 만두
2	삶은 머위대
2	누들 떡
2	물엿 이나 요리당
2	마른 북어
2	돗나물
2	황 물엿
2	돼지고기 전지살
2	남은 잡채
2	대파 잎쪽으로
2	박력쌀가루박력분
2	백후춧가루
2	물 5+
2	조청 올리고당
2	데칠물
2	볶음 깨
2	육수 1컵200ml
2	염장 해파리
2	통마늘 생략가능
2	보코치니치즈
2	소갈비 찜용
2	사골육수 1대접
2	붉은양파
2	양배추 3~4잎
2	삶은 꼬막살
2	무 나박하게 썬것
2	소고기완자
2	봄동 큰거
2	갈릭 올리브오일
2	볶음검정깨
2	베이크빈
2	꽃 새우
2	멸치액
2	반건조 도루묵
2	녹두전
2	다진 피망
2	설탕 딸기와 동일한 양
2	크래비
2	야채볶음
2	오징어 진미채
2	무 3센티두께
2	꿀 or올리고당
2	여리 고추
2	장조림 국물
2	시래기 삶은것
2	양파 300g
2	통조림 완두콩
2	파프리카자투리
2	양송이버섯 생략가능
2	고기양념 간장
2	멸치디포리육수
2	멸치액젓 이나 까나리액젓
2	언 두부
2	까나리액젓 멸치액젓
2	멸치다시마팩
2	다시마 손바닥만한거
2	맛송이버섯
2	찜용콩나물
2	다듬은 멸치
2	스탠세척볼
2	삶은무청시래기
2	연시
2	남은잡채
2	으깬 두부 250g
2	다용도무침장
2	월계수잎 1잎
2	다시마 작은
2	양파 큰 거
2	연잎
2	손질된 볶은 멸치
2	대파 큰거
2	전란 1개
2	홍 진미채
2	마늘파우더
2	황 치즈가루
2	물 1400ml
2	고구마무스
2	닭 아랫날개
2	소금 2/
2	연근 손질 후
2	매콤멀티소스
2	생강 작은거
2	시판용돼지갈비양념
2	무 400g
2	수수가루
2	요거트소스
2	슬라이스 당근
2	얼갈이 배추 우거지
2	닭 중닭
2	만능양념
2	먹갈치
2	노각 오이
2	올리고당 백설
2	붉은피망
2	고구마작은거
2	부지깽이나물
2	밥 2밥그릇
2	비트가루
2	김가루 원하는
2	진간장 3/4소주잔
2	양파 썬 것
2	우유 고기가 잠길
2	말린대파뿌리
2	절단 꽃게
2	올리고당 or물엿
2	에스프레소 1샷
2	회간장
2	인스턴트원두커피
2	천연조미료해물 육수
2	전분 소량
2	생율
2	소고기 꼬리
2	양파 1/4개
2	칼국수사리
2	소고기밑간 후추
2	소고기밑간 맛술
2	소고기밑간 간장
2	대파 1단
2	거피한 들깨가루
2	코다리대
2	월남쌈소스
2	짠지
2	식용유 2술
2	쇠고기 꽃등심
2	면사리
2	청국장 1덩어리
2	손질한 주꾸미
2	모자반
2	복분자주
2	표고버섯 or느타리버섯
2	미니 양배추
2	콩통조림
2	소불고기양념
2	죽순 채
2	표고버섯 채
2	물 500ml 5병
2	볶은 멸치
2	카놀라유 볶음용
2	쌀뜨물 4국그릇
2	다시팩 20g
2	쯔유 국시장국
2	식초무
2	토마토 마리네이드
2	청고추 or청양고추
2	습식빵가루
2	홍고추청양고추
2	유청
2	안달루시아산올리브유
2	그라인드 후추
2	로즈아롬
2	더안심건강란
2	버섯 기호에맞게
2	스파게티소스 1/2병
2	마늘 다짐
2	깐 새우
2	페투치니 파스타면
2	물 2밥그릇
2	비트 가루
2	참들기름
2	헛개나무
2	미역줄기 200g
2	올리브오일 이나 포도씨오일
2	김치 썰은것
2	갈비살
2	왕 각얼음
2	카놀라오일
2	마라탕소스
2	치즈그레이터
2	육회
2	토란줄기
2	청국장 시판용
2	마요참치
2	굵은 소금천일염
2	돼지갈비 양념
2	후추 고기밑간
2	파르메산 치즈
2	소주 생략가능
2	파슬리 줄기
2	대파소
2	양파 작은것1/2개
2	바나나 작은 것
2	궁채
2	쇠고기우둔살
2	배큰거
2	파인애플청
2	찜용찜기
2	보말
2	액젓 180ml
2	디포리육수
2	칼칼한 굴소스
2	감자필러
2	프레시안더The건강한베이컨스테이크
2	시판 스파게티소스
2	사골 국물
2	국간장 조절
2	토마토슬라이스
2	피자반죽
2	요리의 한수
2	송송 파
2	통조림콘
2	허브 가루
2	커스타드크림
2	생강청 1/2술
2	채유
2	썰은 청양고추
2	올리브 잎
2	썰어놓은 무
1	통밀베이글
1	채수감동
1	알롤로스설탕
1	양배추 1/4통
1	소면 300g
1	자른 미역 불리기 전 기준
1	들기름 볶음용
1	튀김가루 넉넉하게
1	모밀
1	콩국
1	김치찜
1	양파 사실 야채는 취향껏! 깻잎도 좋아요 !
1	녹두 갈은것
1	사각어묵 4~5장
1	단무지 1팩
1	설탕 밥 숟가락계량
1	고춧가루 밥 숟가락계량
1	참기름 밥 숟가락계량
1	쫄면 400g
1	코인육수 멸치
1	스리라차소스 선택재료
1	느타리버섯 손질 후
1	마른더덕
1	진짬뽕 라면
1	케첩 1+
1	맛술 1+
1	알룰로스 올리고당 대체 가능
1	햇반 1개
1	대파 송송 썬
1	혼쮸유
1	요리젓가라
1	고추장 깍아서
1	만두 교자만
1	닭봉 500그램
1	불린 당면 150g
1	백도딱복숭아
1	설탕 복숭아의 절
1	파 다진 파
1	순두부 또띠아
1	미니호박
1	알로로스
1	블랙페이퍼흑후추
1	각종자투리 야채
1	실리콘요리스푼
1	떡볶이떡 5개씩 꼬치 6개 분량
1	나무 꼬치
1	​ 케첩
1	초콜렛 다크 추천
1	카놀라유 올리브유 빼고
1	밀가루 아무거나
1	파프리카 노란 빨강
1	견과류 아몬드or땅콩
1	생략 가능
1	새우 중
1	파스타면 500원 동전 크기
1	고체카레
1	냉동 왕새우
1	청양고추나꽈리고추
1	생강가루 1번
1	정사각도시락
1	두부 약200g
1	냄비뚜껑
1	연유 단맛을 좋아하시면 10g 정도 추가 가능
1	바닐라 익스트랙 선택 2~3방울
1	꽈리고추 작은거
1	말린 크린베리
1	시금치 손질 후
1	홍고추 고명용
1	참치캔 기본사이즈
1	가래떡 영상에선 한뼘 두개 사용 1그릇
1	양상추 샐러드채소
1	맛간장 OR진간장
1	설탕 적은
1	청양고추 매콤하게 먹고싶으면
1	햄 3-4슬라이스
1	피자치즈 큰
1	옥수수콘 큰
1	다진마늘 보다적게
1	참기름 보다적게
1	스팸 2슬라이스
1	튀김가루 종이컵 한컵
1	미역 1인분
1	쿠킹팬
1	고추장 기호에 따라 가감
1	킹크랩
1	몽쉘카카오맛
1	델큐브 참치
1	참치 1캔 100g
1	통조림햄 참치.돼지고기.등도 가능
1	비엔나소시지 110g
1	깐 메추리알 270g
1	피자치즈 양껏
1	된장 15g
1	식초 5g
1	들기름 7g
1	매실청 6g
1	파프리카 빨강이
1	파프리카 노랑이
1	마요네즈 2바퀴
1	비엔나소시지 200~250g
1	​ 진간장
1	​ 파프리카
1	닭고기 1그릇
1	녹말 감자전분
1	칵테일새우 중간크기
1	스톡 이나 굴소스
1	진간장 180~200ml
1	설탕 6.5큰술
1	맛술 3.5큰술
1	브로콜리 자른것
1	샤브용 소고기 목살
1	얼갈이 손질전 무게
1	고운소금 소금은 기호에 맞게 조절
1	애호박 다진 것
1	통밀쿠기믹스
1	어린 새싹
1	양파 볶은 다진 양파
1	감자 삶은 감자
1	설탕 취향에 따라 가감
1	대파 흰대 다진 것
1	통닭다리
1	구운베이컨 잘게 썬
1	미니 돈까스
1	두툼한 돼지고기
1	장식용 설탕
1	찰보리 고추장
1	닭가슴살 통조림 중간크기
1	핸드도마
1	팩 순대 500g
1	버터 3.5T
1	아몬드가루 3T
1	시금치 원하는
1	파로밥 파로 30%
1	볶음 고추장
1	​다진 대파
1	데쳐서 물기짠 봄동
1	제주 무
1	소금 무채절일때
1	소금 입맛대로
1	삼겹살 250g
1	그리들팬
1	채 썬 표고버섯
1	쥐똥고추 or청양고추 기호에맞게
1	푸실리 파스타
1	삼각김밥김
1	데리야끼쏘스
1	콘시리얼
1	닭봉 한가지만 사용해도 됨
1	마늘 취향껏 가감
1	간장 진간장 양조간장
1	고춧가루 2/
1	올리고당 설탕대체가능
1	나무뒤집개
1	파스타면 100g사용
1	팔도비빔면
1	통깨 으깬것
1	유부 2~3인용
1	참치 작은것 100g
1	고추장 평평하게 깎아서 계량
1	늘려먹는치즈
1	황설탕 1/2컵
1	박력분 2컵
1	기름 볶을 때
1	새우 1파운드
1	브로콜리 1송이
1	채썬 햄 1/
1	진간장 1-
1	휴대용가스렌지
1	요리용집게
1	굵게 다진 호두
1	로메인 양배추
1	애호박 1대접
1	모짜렐라 치즈 마음껏
1	신김치 씻어 물기 제거 후
1	모짜렐라슬라이스치즈
1	시원한 생수
1	홍고추 12g
1	스팸마일드
1	바질 파슬리 약간으로 대체가능 5잎
1	무 보통사이즈
1	대파 냉장고 속 채소
1	바앤나소세지 원하는
1	꾸밈재료 원하는
1	통마늘 1줌
1	전분가루 1숟가락
1	식용유 2숟가락
1	간장 2숟가락
1	설탕 1숟가락
1	올리고당 1숟가락
1	다진마늘 6g
1	굴소스 1숟가락
1	물 50g
1	치킨 육수
1	고구마 작은크기
1	파스타면 1인분에 100g
1	붉은 양파
1	참치 180g
1	청경채소
1	매운고추 선택재료
1	표고버섯 슬라이스한것
1	쯔유일본간장
1	마일드 참치
1	물 재료 잠길
1	물 약 종이컵4/5컵
1	크림치즈 라이트도 가능
1	아몬드슬라이스 선택
1	후춧가루 5번
1	멸치다마육수
1	현미떡볶이
1	삶은계란 선택가능
1	리챔 작은것
1	소고기 술라이스 불고깃감
1	양배추 넓은 것
1	후춧가루와
1	얇게 썬 소고기
1	소금 6번
1	후추 6번
1	사골곰탕 시판용
1	깨소금 볶은통깨간것
1	자숙새우칵테일새우
1	오레오 과자 50g
1	당근라페 3젓가락
1	송향버섯 슬라이스
1	채썬 표고
1	깻잎 약 20장 2묶음
1	참치쌈장
1	소고기다짐육 + 돼지고기다짐육
1	물 참치캔 기준
1	모짜렐라 치즈 1/2그릇
1	스위트콘 1/2그릇
1	매실액기스 올리고당 대체가능
1	굴소스 취향껏
1	버섯 한입 크기로 썰어서
1	래디쉬 옵션
1	통조림 햄 제일 작은거
1	밧드트레이
1	버터 전자레인지에 녹여
1	돈까스 소스 or케찹
1	들기름 넉넉하게
1	네모참치
1	햄 스팸 1작은캔
1	두부 맘껏
1	칼라 방울토마토
1	데칠때 생강술 맛술
1	콩밥
1	배추 큰것
1	토르티야 지름20cm
1	삶은 고구마 250g
1	우유 70ml
1	밥 180g
1	물엿 올리고당 3T
1	비엔나소시지 통통한 거
1	시금치 잎 부분
1	으깬 감자
1	또띠아소
1	다진 쪽파 생략가능
1	가지 약 24cm
1	표고버섯 손질후 220g
1	소금 1/5~
1	밥 듬뿍 2주걱
1	베이컨 6개
1	팽이버섯작은거
1	설탕 +20g
1	우유 2+
1	다진 청양초
1	참치 큰캔 250g
1	소면 120g
1	어묵탕스프
1	시판네모유부
1	조리용칼
1	부추 or깻잎
1	대파 넉넉하게
1	핫소스타바스코소스
1	열무김치 묵은지도가능
1	땅콩 가루
1	멸치 국물다시용
1	봄동 중간사이즈
1	다진생강 없어도됨
1	토마토 대
1	꼬꼬빌 닭가슴살
1	슈가파우터 없으면패스
1	찐 고구마 손질 후 330g
1	찹쌀가루 농도 봐가며 가감
1	우유 농도를 봐가며 가감
1	스파게티 라면
1	스파게티라면소스
1	큰 비엔나 소시지
1	굴소스 간장으로대체가능
1	오이 큰사이즈
1	꽃소금 절일때
1	들깨가루 탕용
1	고운들깨가루 껍질제거한
1	물 1000ml~이상
1	베이비웍
1	크림닭가슴살
1	썬 배추김치
1	양조간장 조림 2T+2T
1	소금 삶을 때
1	김가루 1인 선택 1젓가락
1	오징어 자른것
1	참드림쌀 밥
1	시금치포항초
1	한우 소고기 살치살
1	물 종이컵 한컵반
1	중감자
1	닭가슴살 닭다리살
1	파프리카 2가지
1	양상추소
1	크래미 맛살은 2개
1	오이 절일 소금
1	쟌슨빌소시지
1	슈하스코소시지
1	대파 흰부분 10~15cm
1	대파 초록부분 5cm 고명용
1	버터 틀에바를용도
1	삼겹살 두줄 반
1	항정살 10덩어리
1	쿠앤크아이스크림
1	간장 자판기종이컵 반컵 90ml
1	생카테일새우 or자숙새우 10미
1	오징어 두마리
1	양송이버섯 crimini mushrooms 2 8oz
1	대패돼지고기
1	실리콘매트
1	통조림 닭가슴살
1	뒤집기
1	고구마 주먹만 한 거
1	양파 썰은 거
1	파프리카 썰은 거
1	베이컨 썰은 거
1	물 1.2L+500ml
1	김치 다진것
1	시래기 껍질 깐
1	불린 쌀떡
1	즉석밥 1공기
1	냉동만두 종류상관없음
1	피망 색깔상관없이
1	통통소세지
1	팽이버섯 300g
1	청정원오리엔탈드레싱
1	물 2l
1	후춧가루 기호에 맞게
1	다대기 액젓2T 간장1T 고춧가루2T 다진마늘
1	다크초콜릿 생략
1	옥수수 통조림 200g
1	마른 바질가루
1	보쌈용돼지고기
1	소금 약 2g
1	건새우 1접시
1	마요네즈 선택사항
1	고추장메주가루
1	체다 + 모짜렐라치즈
1	고구마 450g
1	새송이버섯 200~250g
1	밥 4주걱
1	육우 샤브용
1	캔참치 작은것
1	양배추 2밥그릇
1	허브솔트 후추+소금
1	후리가케 김+깨
1	들기름깻잎페스토
1	빵도마
1	후춧가루 탈탈탈 3번
1	식용유 소주잔
1	새우젓 새우만 수북하게
1	데친 미나리줄기
1	스팸 큰 거
1	은박컵
1	무 약 400~500g
1	땡초 가루
1	파슬리가루 생략 가능
1	오일 스프레이
1	삶은 고구마소
1	데코용 딸기 필수아님
1	밥 작은 150g
1	새우살 잘게 다진
1	당근 잘게 다진
1	밀가루 약18g
1	설탕 약18g
1	슈가파우더 선택사항
1	닭가슴살 통조림 135g
1	고추기름 들기름대체가능
1	우드플레이트
1	고구마 대략400~450g
1	불고기맛햄 160g
1	다시물 맹물도ok 500ml
1	카레가루 수북히
1	식용유 식물성기름 모두ok
1	소금 볶음소금
1	범일불간장
1	송송 썬 대파 듬뿍
1	맛살 짧은것
1	감자 알감자 10개~12개
1	크림치즈 3T
1	박력분 1.5컵
1	우유 3T
1	칵테일생새우
1	통조림참치캔
1	빨강색 파프리카
1	건미역 불린미역 200g
1	편 썬 오이
1	새송이버섯 4개
1	꽈리고추 한주먹
1	어린이카레
1	덧 가루강력분
1	우유 2Tsp
1	김치 80g
1	부침가루 가루다가능
1	브로콜리 280g
1	맛살 긴건2개
1	청경채 10잎
1	식용유 두부 구울때
1	파기름 식용유
1	양배추소
1	베이컨 이나 돼지고기 안심
1	남양3층카야 치즈
1	대파대
1	주부9단 골든 치킨 너겟
1	작은고구마찐것
1	미역국 국물
1	돼지고기앞다리살 제육용
1	건조 크린베리
1	스팸 다진것
1	자투리 모닝빵
1	구운호두
1	다시망
1	사과쨈
1	양파 500g
1	잠봉 슬라이스
1	소시지 조금 통통하고 커요
1	간장 진
1	소금 야채데칠때
1	소고기안심육우
1	모차렐라치즈 생략가능
1	부침용 두부 1모
1	팽이버섯 큰 1봉지
1	파스타면 동전크기
1	고구마 찐것
1	시판용 카스텔라 빵
1	청포도 주스
1	오징어다리 두마리분
1	무 2cm너비
1	닭 10호~12호
1	절단 무
1	모짜렐라치즈 체다치즈로대체가능
1	대패삼겹살 한근
1	물 약 종이컵1컵
1	사각어묵2장
1	홍고추 선택사항
1	모짜렐라 치즈 취향껏 조절 1그릇
1	김가루 1그릇
1	우동사리 면 봉
1	고추기름 2큰술
1	간장 2큰술
1	물 2큰술
1	식초 2큰술
1	굴소스 2큰술
1	다진마늘 1큰술
1	전분가루 작은술
1	고추기름 3큰술
1	후추 작은술
1	불린미역 1.5컵=35g
1	다진 소고기 150g
1	크래미 1팩
1	옥수수 한캔
1	양송이버섯 15꼭지
1	슬라이스 바게트
1	청정원 타르타르드레싱소스
1	양배추 1/6통쯤
1	다진마늘 큰것 약1.5Ts
1	수건
1	생오리슬라이스
1	시판 닭가슴살
1	흑임자 페이스트
1	흑임자 장식용
1	건표고버섯작은걸로
1	견과류 믹스 작은
1	견과류 선택사항
1	와사비마요소스
1	스팸 2조
1	유아용치즈
1	페페론치노 청양고추
1	소수
1	양파 반에 반쪽 마늘
1	마늘 편마늘 다진마늘
1	치즈 뿌려먹을
1	판 어묵 50g
1	감자 껍질제거후 무게 500g
1	달걀 마들렌 큰 것 12개 분량
1	두부 900g
1	감자 손질 후
1	우삼겹 이나 불고기감
1	베이킹 식소다
1	초콜릿 원하는
1	흰설탕 굴릴것
1	슈가파우더 굴릴것
1	초코칩 선택사항
1	신김치 400g
1	모짜렐라치즈 선택사항
1	베이컨 여러장
1	우유리챔 1캔200g
1	딸기 방울토마토
1	엔초비 선택
1	크러쉬드 페퍼론치노
1	닭가슴살 조리된것
1	가죽나물
1	스틱 치즈
1	묵은지 18~20잎
1	육수 다시마 육수
1	오뚜기 옛날 사골곰탕 국물
1	잔멸치 지리 멸치
1	후랭크소세지
1	프로볼론치즈 모짜렐라치즈가능
1	볼어묵 200g
1	쪽파 토핑용
1	삶은 배추 +봄동가능 3덩어리
1	파 송송썰어
1	돼지안심잡채용
1	짬뽕 라면
1	대파 50g
1	작은 당근 50g
1	핫케이크가루 고구마양 1/2~
1	조청 기호에맞게
1	마른표고버섯 생략가능
1	캔 통조림 참치
1	닭고기절단육
1	카레 가루 1/2술
1	김밥단무지
1	브로콜리 작은 900g
1	데치는물 브로콜리 잠길
1	냉이 가볍게
1	팽이버섯 40g
1	슈가파우더 윗면 더스팅용
1	비핸나소시지
1	후추 입자있게
1	베이킹파더
1	통통한 게맛살
1	굴소스진간장
1	우유 소주잔
1	양파 고추 장아찌물
1	구운 고구마
1	초코 가루
1	초코칩 계량컵
1	치즈슬라이스
1	식빵러스크
1	단단한두부
1	간장 소스
1	베이비순
1	밥 150g이하
1	무 3x 3
1	둥근긴어묵
1	모차렐라치즈 기호에맞게
1	베트남고춧가루
1	가지 중간것
1	옥수수콘 생략 가능
1	양념소스 넉넉하게
1	마늘 편으로썬
1	양배추 40g
1	물 90g
1	닭 자른걸로
1	바질가루 선택
1	꽃소금 기호에맞게
1	따끈한 밥
1	새우 15~20미
1	다진마늘 2스푼
1	고구마 大
1	저장용기
1	물엿 생략가능
1	참치1캔
1	완두콩 생략가능
1	마늘 다진마늘 2큰술
1	연유나 메이플시럽
1	김치 김치국물 1/2접시
1	삼겹살 없어도 됨!!
1	물 750ml
1	올리고당 알룰로스
1	치즈 에멘탈 체다 모짜렐라
1	버터 식용유
1	바질가루 대체가능
1	연겨자 도토리크기
1	통깨 듬뿍
1	레지아노 블록 치즈
1	생크림 설탕 섞인것
1	시판 유부초밥 2인용
1	치커리 선택
1	고운 가쓰오부시
1	돼지고기조림장
1	모짜렐라치즈 50g
1	통조림햄 작은사이즈
1	들기름+참기름
1	빵 식사용
1	버터 슬라이스
1	홀그레인머스터드 1/
1	슬라이 햄
1	별도의 우유 위에 발라줄꺼
1	고구마큰걸로
1	얇게 썬 삼겹살
1	양파 갈아서사용
1	홀그레인머스타드씨겨자
1	볶은 통깨 1테이블스푼
1	다진파 3테이블스푼
1	송송썬청고추
1	중간크기 바나나
1	슬라이스아몬드 선택재료
1	전분가루 수북하게
1	통오징어 2미
1	소면 100원크기
1	쪽파 썰어준것
1	올리고당 설탕 1작은술
1	모짜렐라치즈 200g
1	청양고추 or청고추
1	닭 앞다리살 3덩어리
1	채소다진것당근양파대파
1	식용유 옵션
1	다진생강 즙
1	피자치즈 80g
1	또띠아 15cm
1	진주햄 육공방 브라운 스모크
1	새송이버섯 기둥
1	연두부 90g
1	바나나 잼
1	순두부 2개
1	공깃 밥
1	마늘 분말
1	감자 알감자 감자 4개
1	스팸 통조림 50g
1	대파 반개
1	닭가슴살 선택재료
1	백련초가루 선택사항
1	김자반 10g
1	감자 소 650g
1	양파 중 150g
1	덧가루박력분
1	요리스푼프라이팬
1	오일 6T
1	미숫가루 7T
1	파프리카 1*1cm 노란색
1	비엔나세지
1	블루베리 산딸기 등 취향대로 선택 가능
1	월남쌈피
1	다시마 5*5CM
1	비엔나 소세지 10개
1	새송이버섯 400g
1	카놀라유 종류관계없음
1	브로콜리 한 주먹
1	소금 5g
1	후추 5g
1	설탕 소복하지 않게
1	두부 1/3모
1	다진 토마토
1	다진 마늘 15ml
1	설탕 5ml
1	된장 3숟가락
1	고추장 1숟가락
1	고춧가루 1숟가락
1	명태살
1	귤 알맹이
1	올리브유 2바퀴
1	페퍼론치노 취향껏가감
1	전복 6미
1	베리믹스
1	슬라이스 베이컨
1	생표고버섯 썰어서 두 줌
1	토마토소스 1/2병
1	후룻가추
1	꼬치어묵
1	버섯 파프리카
1	토마토소스 98%
1	작은과도
1	육우차돌박이
1	양파 작은거 중간크기 반개
1	후추 티스푼에 깎아서 반
1	식용유 2+ 1
1	필링용 딸기잼
1	고구마 큰거 2개
1	계란 선택재료
1	설탕 1번
1	설탕 2번
1	캔참치 150그램
1	골뱅이 230g
1	새송이 수북히
1	대파 수북히
1	양파 수북히
1	자숙꼬막 통조림사용무관
1	가루 설탕
1	샐러드 오일
1	얼 그레이
1	가루설탕
1	장식용 초코칩
1	레몬 독스
1	타르트지
1	청귤 즙
1	초록색크런키
1	참치연어캔
1	물 캔으로
1	감자 小 당구공크기
1	잡채용 돼지고기등심
1	물 소량
1	오리 슬라이스
1	부추 먹을
1	쑥 100g
1	콩나물 1/2냄비
1	돼지고기 1컵 200g
1	삶은 고구마 大
1	느타리버섯 2팩
1	촉촉한 찹쌀가루
1	타먹는 초코가루 5봉
1	갈은 깨 1+
1	적赤용과
1	표고버섯 기둥
1	대파 흰부분 20cm
1	맛살 선택
1	비엔나소시지 선택
1	버터 24개
1	감자 작은것 개당100g
1	버터 옵션
1	냉동생새우살
1	떠먹는플레인요구르트
1	Coconut코코넛오일
1	청양고추홍고추
1	주방용나이프
1	유리반찬통
1	버터 2덩어리
1	프라임 꼬치구이 프랑크소시지
1	겨자 원하는
1	떡 12~13개분량
1	익은 김치 1/4포기
1	초콜릿 아이스크림 100g
1	얼음 100g
1	하트스프링클
1	베이킹파우더 1Tsp
1	베이킹 소다 1Tsp
1	밀가루 2Tsp
1	차가운 무염 버터
1	순두부연두부
1	실온 무염버터_짜는용
1	발로나 무가당 코코아파우더
1	오일 카놀라유&콩기름&식용유 등
1	실채
1	체바피 소시지
1	케찹 4비율
1	마요네즈 2비율
1	굴소스 1비율
1	치킨스톡 뜨거운물에 푼 것
1	파 잎위주
1	1인수저세트
1	기타 채소
1	요플레숟가락
1	고추참치 캔 1캔
1	알배추 작은 거
1	킨더밀쉬
1	마늘 작은 손
1	초록 고추
1	감자 손바닥만한크기
1	데친 열무 없으면생략가능
1	오 이나 당근
1	무순 새싹채소
1	아스파라거스 없어도 무관
1	양배추 채썬것
1	코팅용 달걀 흰자
1	코팅용 설탕
1	설탕 푸딩용
1	물 시럽
1	설탕 시럽
1	허쉬초코우유
1	오뚜기 핫케이크가루
1	오징어 중사이즈
1	아몬드 소량
1	호두 소량
1	다크초콜릿 56%
1	후추 한 번 톡
1	깨 한 번 톡
1	햇감자 주먹만한크기
1	맛간장 1+
1	조리집게
1	채소 호박
1	튀김용 밀가루
1	알래스칸 사각어묵
1	양조간장 진간장2.5T
1	국물 라면
1	즉석 밥
1	명란 3덩어리
1	크래미 5개입
1	소고기 목심 스테이크용Beef Chuck Steak
1	키위 갈아서
1	가지 3개
1	돼지등심•잡채용
1	볶은조미김
1	당근 4cm 길이
1	각종야채다진것
1	감자 작은것기준
1	플레인 요거트 80g
1	통밀 우리밀
1	바닐라 엑스트렉 3방울
1	식빵 ​
1	설탕 or꿀
1	둥이네 된장가루
1	맛간장 간장으로 대체 가능
1	새우 1대접
1	오레오분태
1	식물성 오일 올리브유 제외
1	칵테일 새우 큰 것
1	파슬리 가루 생략가능
1	감귤쥬스
1	고추장 원하는
1	순토마토퓨레
1	햄 사각햄
1	청경채 약 두 포기
1	냉동 솔방울 오징어
1	청&홍고추
1	시판 닭 가슴살
1	닭 가슴살 230g
1	미니 빨간 파프리카
1	손질 멸치 중간 크기
1	돼지고기 부위 무관
1	채소나 버섯
1	연근 긴 것
1	김치 종이컵으로
1	하얀설탕
1	고대도 액젓
1	탄산수우유
1	옥수수전붐
1	꿀가루
1	whole milk
1	식물성 식용유
1	self rising flour
1	설탕 흰
1	시판키위소스
1	건포도 약 120g
1	물 소주잔
1	통조림 참치 85g
1	파슬리 타임 등의 허브가루
1	그뤼에르 치즈
1	감자 중 600g
1	달걀말이팬
1	대파 고춧가루
1	물 500ml
1	다진마늘 3블럭
1	고추참치 150g
1	차돌
1	통조림햄 작은것
1	표고버섯 5꼭지
1	오리훈제 600g
1	시금치즙
1	양파느타리버섯
1	아몬드슬라이스 생략가능
1	가지 1+
1	편으로 썬 가지
1	무염​​ 버터
1	묵은지 3~4잎
1	목살 1cm두께
1	양송이표고버섯
1	청양초 작은
1	잔멸치 80g 1+
1	꽈리고추 80g
1	통마늘 50g
1	매일액
1	물 필요에 따라 약간 더
1	꿀 아가베
1	귀리가루 오트밀갈아서 사용가능
1	소시지 기호에따라
1	빌소시지
1	볶은캐슈넛
1	갈아놓은깨
1	레몬 손질 후 450g
1	닭다리살 5장
1	양조간장 진간장
1	식용유 고기 지방이 적을떄
1	진간장 20g
1	맛술 16g
1	생강가루 0.5g
1	다진대파 6~7g
1	콘후레이크시리얼
1	두배 식초
1	당근은
1	통 소시지
1	다진 파프리카 노랑
1	다진 파프리카 빨강
1	전분녹말가루
1	남은야채
1	식초 세척
1	코코넛 채
1	연유 연유버터용
1	버터 연유버터용
1	장식용쿠키
1	우유 닭이잠길
1	시판용 쌈장
1	연유 4-5바퀴
1	곁들일 과일 블루베리
1	맛간장 시판용가능
1	무순 소량
1	통후추 소량
1	매실 식초
1	소고기 찹스테이크용
1	프라이팬.채
1	양배추 중4장
1	다진마늘 2테이블스푼
1	레드페퍼 or땡초
1	모짜렐라 자연치즈
1	저당 저칼로리 케찹
1	얼그레이티 백
1	크림우유
1	김치 잘게썬거
1	감자 중간크기 7~8개
1	스틱형 모짜렐라치즈
1	튀긴 파스타면 2가닥
1	실온 생크림
1	쪽파 8줄
1	얼그레이티백 7.5g
1	참치 캔小
1	분말치킨스톡
1	불린떡
1	닭가슴살 먹고싶은
1	갈비찜고기
1	파우치 참치 100g
1	양파 크기에 따라
1	파마산치즈가루 생략가능 3번
1	베이키파우더
1	청경채 약250그램
1	인삼 약60g
1	닭가슴살 약150g
1	설탕 듬뿍
1	청양고추 큐브
1	밀크가루
1	쿠킹호일
1	쿠키틀 여러개
1	낙지大
1	유부 4인분
1	작은 빨대
1	양파 채썬거
1	실온 플레인 요거트
1	장식용 블루베리
1	야채어묵
1	롤 유부
1	스팸 1/
1	브로콜리 작은거 취향것
1	부추 기호에맞게
1	양파 가장 바깥 부분 1겹
1	실리콘뚜껑
1	물 설탕을 다가릴
1	버터 없을 경우 마아가린도 가능
1	닭가슴살스테이크
1	전분물 감자전분
1	에스프레소 2샷
1	바닐라 시럽 6펌프
1	올리브 절임
1	바닐라엑스트렉 4방울
1	다진아몬드
1	다진마늘 밥순가락 기준이면 됩니다 .
1	배 갈배 대체 가능
1	가지 2개 손질 후
1	조개다시다
1	김자반 or김가루
1	밀가루 부침가루○
1	설탕 적게
1	모닝빵 생략가능
1	굽기전 발라줄 우유
1	목우촌 주부9단 프랑크소시지
1	콩나물 많이 크게
1	마늘쫑 1줌
1	참기름 5방울
1	누룽지 칩
1	레몬제스트 레몬 1개 분량
1	토마토소스 생략가능
1	뇨끼 생략가능
1	쇠고기등심 불고기용
1	굵은소금 작은
1	밥 1/2그릇
1	시금치 30g
1	피자치즈 수북히
1	전분 수북히
1	하리보 젤리
1	대패삼겹살 원하는
1	신선초
1	황태포 1미
1	통밀 스파게티면
1	캔황도
1	젤라틴가루
1	감자 중소사이즈
1	피망小
1	동원 개성왕교자만두
1	타르트쉘 8cm
1	감자 전분가루
1	코팅용 밀크 초콜릿
1	코팅용 화이트 초콜릿
1	초콜릿 펜
1	다시마멸치 액젓
1	말린 다시마 조
1	말린 표고
1	핫케이크가루 200g
1	견과류 20g
1	소고기살치살
1	굵은소금 데칠 때
1	식초 세척 시
1	무가당사이다
1	동그란어묵
1	파대체가능
1	딩근
1	앵배추
1	삼치 약400g
1	어린잎채소 생략가능
1	쌀밥 240ml 계량컵 기준
1	고추기름 옵션
1	키위잼
1	cj 알래스카 연어통조림
1	냉동 해물모듬
1	페퍼론치노 생략가능
1	감자 크기에 따라 조절
1	고구마칩
1	통밀가루 or박력분
1	청솔닭가슴살
1	순살 대구
1	고구마 쪄서 으깬
1	달걀 푼것
1	고구마 큰 것
1	통마늘 다진마늘 듬뿍 1T 대체 가능
1	오레오 분태
1	물 살짝 잠길
1	표고버섯우린물 4+
1	신 김치 180g 1대접
1	아보카도 1/
1	양송이버섯 작은거
1	시판용 냉면 육수
1	통깨 생략 가능
1	파 잘게 썬 가득
1	고추 잘게 썬
1	파의 1/2~1/3양
1	사각오븐팬
1	토막난닭 1200g
1	잘익은배추김치 1200g
1	쇠고기 불고기용 이나 부드러운 부위
1	케첩 or데리야끼소스
1	가쓰오부시가루
1	빵 바게트 같은 종류
1	무화과 반으로 자른 것 8조
1	루꼴라 8잎
1	카레 블록
1	쇠고기 양지
1	생강 마늘 사이즈
1	쌀밥 1그릇
1	매운 쌈장
1	소주 데칠 때
1	월계수잎 데칠 때
1	다진 생강 소량
1	후춧가루 10번
1	손질한 냉동가자미
1	라임레몬
1	쪽파 간장
1	레몬즙 식초
1	버섯 양파 등 채소 대체가능
1	홍합 등 해물 대체가능
1	통후추 간거
1	알배기배추 10잎
1	햄 이나 소시지
1	땅콩가루 생략가능
1	녹차시럽
1	시판유부초밥 큰사각유부초밥 189g
1	시판유부초밥 소스
1	행복한콩국산콩두부
1	콩나물 한 봉지
1	피망청양고추
1	커피 엑기스
1	토핑용 아몬드슬라이스
1	강판에 간 양파
1	강판에 간 마늘
1	치즈​​​​
1	세라믹밧드트레이
1	오코노마야끼 소스
1	부추 3가닥
1	무 일반사이즈
1	까니리액젓
1	홍삼진액
1	채썬 적 양배추
1	그외 삶은 수육 없어도 무방 5~6점
1	올리브오일 파스타면용
1	소금 파스타면용
1	다랑어 등살
1	땅콩분태 기호에맞게
1	참치캔 100g* 2
1	스팸깡통햄
1	깻잎 크기에따라 다름 1묶음
1	설탕 50ml
1	닭 살코기
1	튀김가루 100ml
1	멸치육수 3컵
1	초코 리큐르
1	유부초밥 10매
1	대패 삽겹살 6점
1	떡국 떡 1국그릇
1	시나몬 가루 선택
1	김가루 가득
1	일자오뎅
1	카레매운맛
1	정육닭다리살
1	녹말물 녹말가루
1	신김치 취향껏
1	식초 생략 가능
1	꿀시럽
1	피자치즈 없으면 생략 가능
1	시판 스파게티소스 가감
1	피자치즈 토핑용
1	피칸 견과류
1	바닐라 오일 2방울
1	자르지 않은 덩어리 식빵
1	오뚜기 크림 스프 1개
1	감자 큰사이즈로
1	​ 대파
1	간장 기호에 따라 조절
1	고춧거루
1	주먹밥 토핑
1	청양고추 고명용
1	따듯한 쌀밥
1	뚝심
1	대파 쪽파나 양상추류 가능
1	다시멸치육수 팩
1	고춧가루 1/2술
1	차돌박이 7점
1	후추 톡톡 4번
1	삼겹살 200g
1	떡국떡단호박 쑥 쌀
1	통마늘편
1	프로틴 10스쿱
1	카누
1	야채 어묵
1	크래미 70g
1	땅꽁버터 없으면 누텔라 .
1	돼지고기 다짐육 크게
1	냉동만두 작은
1	닭가슴살 1인분
1	물 계란두개분량
1	어른치즈
1	필링백프로올린생크림
1	칵테일새우 크기:소
1	올리브유 후라이팬크기에맞춰서
1	물엿 1/
1	옥수수 스위트콘
1	데코용 파슬리가루 선택사항
1	빵크루아상
1	치킨스톡 없을경우 요리팁 참고
1	떡볶이떡 1국그릇
1	오징어 채썬것 한줌
1	야끼소바소스돈까스소스
1	후추 1/
1	녹차가루 5~10g
1	설탕 30g
1	깨소금 생략가능
1	아가베시럽 or올리고당
1	국수 소면
1	슬라이스치즈 1+
1	노란피망
1	시판 쯔유
1	달걀 반숙
1	방울만두일반만두
1	대나무 꼬치
1	연근 작은크기
1	올리고당 설탕.매실액대체가능
1	소고기 꽃등심
1	만두 삶은 육수
1	모짜렐라치즈 마음껏
1	꿀 마음껏
1	설탕 4T
1	치즈 가루 3T
1	양배추 500g
1	빵가루 대체사용 식빵 3장
1	후추 톡 3번
1	황태포 1줌
1	다진 쪽파 or부추
1	또띠아 지름 15cm크기
1	무 작은사이즈 4cm 2조
1	발사믹글레이스
1	하겔슈가
1	분유물 두유나 우유로 데체 가능
1	단호박 430g
1	인스턴트 카레
1	통마늘 큰것
1	등갈비 1000g
1	리얼다크초코칩
1	콩나물 220g
1	쵸콜렛칩
1	치즈떡사리
1	무시래기
1	멸치중멸
1	소고기 불고기용도
1	버섯 생락가능
1	굴 취향껏조절
1	소면 500원 동전만한 크기로 2뭉치
1	파슬리가루 선택가능
1	대파 육수 용
1	양파 육수 용
1	통후추 육수 용
1	굵은소금 육수 용
1	대파 고명 용
1	후추 간 맞추기
1	새우젓듬뿍 국물빼고
1	설탕 알룰루스대체가능
1	건포도건크랜베리
1	슬라이스아몬드 생략가능
1	미니 비엔나
1	쑥 가루 생략가능
1	아스파라거스 1묶음
1	사과 간것
1	유리락앤락
1	비빔그릇
1	굵게 다진 마늘
1	호가든맥주
1	식빵 자투리 식빵도 가능
1	잘익은바나나
1	황태 가볍게
1	대파 다져서
1	꼬챙이 꽂을것아무거나
1	편의점 치킨꼬치
1	미니새송이버섯 대략3주먹
1	매운 닭강정
1	발사믹 드레싱 소스
1	당근 3cm길이
1	시금치 삶아 무친
1	모짜렐라 치즈 원하는
1	감자 380g
1	양배추 작은 것
1	자연이든 국산 마늘
1	자연이든 국산 생강
1	자연이든 청양고추
1	꿀 올리고당으로 대체가능
1	발사믹 크림 시판용
1	엑스트라버진 가니쉬 선택
1	다진돼지고기 1/3밥그릇
1	올리브오일 엑스트라 버진
1	죠리퐁과자 74g
1	닭가슴살 4덩이
1	밥 넉넉히 1그릇
1	인스턴트커피 통계피
1	코냑
1	시럽 생략가능
1	커피리큐르
1	키친타아로
1	양송이버섯1팩
1	들깨가루탈피
1	건새우 약 2주먹
1	고구마 1대접
1	청홍피망
1	청색 파프리카
1	남겨둔 식빵
1	찹쌀 종이컵
1	설탕매실청
1	피자치즈 많이
1	떡볶이 떡 생략 가능
1	호떡 믹스
1	미니 새송이버섯 1봉지
1	망고 잼
1	두릅 1팩나무두릅
1	♥수미쌤소스♥
1	♥자유부인소스♥
1	티아시아 마살라 카레 가루
1	통마늘 다진마늘 1스푼
1	두반장소스 고춧가루와 간장으로대체 가능
1	감자 1.2kg
1	쥬키니호박 애호박1/2개
1	쪽파 녹색부분
1	빨강 각각 준비
1	롤유부
1	냉동만두 8개
1	후리카케김가루
1	밥싸먹는햄
1	사과 간 것사과주스
1	우리밀 볼어묵
1	김치찌개
1	다진마늘 소량
1	주홍 파프리카
1	썰어놓은 파
1	들기름 ​
1	허브맛솔트소금후추
1	감자 6개
1	방울토마토 7개
1	양파 반 개
1	마늘 5 쪽
1	토핑용 오레오
1	졸인메추리알
1	어묵 250~300g
1	생강즙 택
1	애 고추
1	꼬꼬빌 닭가슴살 60g
1	버터 실온 상태
1	자른배추김치
1	김칫국물 조절
1	딸기대
1	대파 1대
1	돼지고기 후지 찌개용
1	화이트와인 맛술
1	말차파우더 2숟가락
1	콜드브루원액
1	당면 100g
1	크림 스프
1	물 약1/2컵
1	불린 미역 선택사항
1	물만두 1그릇
1	스테이크고기
1	칼국수 면 150g
1	마늘쫑 4~50줄기
1	쌀밥 1주걱
1	토마토 케챱
1	전자레인지용찜기
1	달걀 선택
1	떡 약150~200g
1	손질된 냉동 새우
1	모짜렐라 치즈 아빠숟가락 5숟가락
1	스팸 미니
1	우엉 조림
1	연어통살캔
1	타르트팬11인치
1	꿀 =올리고당
1	둥근햄
1	차돌박이 200g
1	견과류 원하는
1	콩나물 추가
1	아기그릇
1	고추장 ﻿
1	앙 파
1	식빵 4조각 기준
1	닭가슴살 다른부위가능
1	다진파 고명용 소량
1	조청 꿀
1	코울슬로드레싱
1	매실청 다른청가능
1	콘후레이크
1	신김치 밥그릇
1	불닭 떡볶이
1	카레 라면
1	소세지 바
1	양파 소스용
1	우스터소스 간장대체가능
1	단단한 토마토
1	전분물 물 2 : 전분가루
1	더건강한 오리지널햄 160g
1	다시마 국물용
1	두반장 생략가능
1	스틱 모차렐라치즈
1	반죽을 굴려줄 설탕
1	굴소스 2/
1	초밥용 유부
1	불린 잡곡
1	마른 꽃새우
1	닭 앞다리살 2덩어리
1	관자 싱싱한
1	사탕
1	카라멜
1	딸기 요플레
1	딸기마카롱
1	딸기빼빼로
1	올리고당 설탕1T
1	참치캔 150-200g
1	건오징어몸통
1	다시마우린물 감자잠기게
1	고구마 찌거나삶은
1	유부초밥 1봉
1	햄류 1캔
1	파프리카 1/2개
1	당근 1/2개
1	귤 절여줄 설탕
1	계란말이 아래 참고
1	밥 밑간된 밥 아래 참고
1	유부 유부초밥세트에 들어있는 유부 활용함
1	아몬드슬라이스 토핑용
1	버터 반죽에 퐁당
1	버터 밥통에 슥슥
1	후랑크소시지 70g
1	고운 고춧가루 안 매운것
1	통조림복숭아
1	가자미 대
1	허브맛 소금
1	닭고기 다리살
1	우드스틱
1	물 찔때
1	키위과육
1	물만두 시판
1	풋고추 선택 청양고추
1	쟌슨빌 소시지
1	시판용 캔 햄
1	마늘쫑 약 1단
1	밥새우 한 줌 가득!
1	밀가루전분가루
1	참치 100g x
1	꽈리고추 1바구니
1	돼지고기 냉동삼겹살
1	고춧가루 7g
1	두반장 45g
1	굴소스 15g
1	바나나 260g
1	냉장햄
1	황설탕or흰설탕
1	오일 올리브유 제외
1	중간크기 계란
1	곱게 간 인스턴트커피가루
1	계란물 선택
1	단무지 중간크기
1	파 작은뿌리
1	오레오 과자
1	초코 시럽
1	​채썬 채소
1	곤약 300g
1	맛살 90g
1	토핑용 바나나
1	왕교자 만두
1	깍두기 잘게 썬
1	대파 12cm
1	새송이버섯 작은것
1	깻잎 작은것
1	경기미 가와지1호 쌀밥
1	투게더
1	페스츄리 생지
1	누텔라 작은것 통
1	아몬드 슬라이스나 부셔진 것 넉넉하게
1	아이싱슈가 위에 뿌리기 용
1	페투치네파스타
1	분말 카레가루
1	닭 목살
1	양갱틀
1	분말육수 생략가능
1	애기새송이버섯
1	오레오 가루
1	민트 익스트랙
1	파랑색 식용 색소 1~2방울
1	초록색 식용 색소 1~2방울
1	시판매실당 물엿
1	설탕대체가능
1	알 밤
1	연두부 or순두부
1	커스터드크림 믹스
1	핫케이크 믹스 1봉지
1	빙수 팥팥앙금
1	엔쵸비액젓
1	​부추
1	비엔나미니
1	모짜렐라치즈떡
1	10cm 꼬지
1	햄 리챔 작은사이즈
1	쌀부침가루
1	작은 달걀 50g
1	M&M 초콜릿
1	부추 100원동전크기
1	가쓰오쯔유
1	아무튀김 튀김가루
1	큐원 호떡믹스
1	큐원 호떡믹스호떡꿀믹스
1	방망이
1	프리아팬
1	노랑파프리카 小
1	비엔나소세지 1그릇
1	아기된장
1	배추 노란안쪽만사용
1	멸치액젓 삼게액젓가능
1	통조림참치 100그램
1	누룽지가루
1	간 딸기
1	닭가슴살 약 80g
1	유기농 갈색설탕
1	스핌 햄
1	고구마 ​
1	데친 미역 한주먹
1	닭날개 12~13개
1	무쌈용 무
1	바질페스트소스
1	청양 초option
1	눈꽃치즈
1	베이컨 작은사이즈
1	남은순살치킨
1	고구마 작은 것 약270g
1	참나물 1봉지 약 700g
1	설탕 기호에 따라 1/
1	버섯파우더 취향껏
1	사각어묵 3장
1	유리봉
1	예쁜접시
1	사보르아르디 레이디핑거 쿠키
1	데코용 애플민트 4~6잎
1	머랭쿠키 미니
1	죠리퐁 74g
1	바닐라 아이스크림 474ml
1	청주 오징어데칠때사용
1	진간장 마지막단계에사용
1	조림간장 및 진간장
1	다진 방울토마토
1	초코다이제
1	찐 고구마 250g
1	어묵 약100g
1	당근 잘게 썰어서
1	대파 잘게 썰어서
1	애호박 잘게 썰어서
1	계란물 노른자+흰자
1	다진묵은지줄기
1	돼지고기 목살앞다리살
1	부추 잘게다진것
1	소고기 앞다리살 불고기용
1	식용유 1/4~
1	물 1/4~
1	피칸 장식용
1	파게트빵
1	크린랲
1	대나무꼬지 선택
1	얼그레이 찻잎 갈아서 사용
1	양파원
1	생강술 체 다진생강
1	주키니 호박
1	간 통후추
1	청피망 작은크기
1	홍피망 작은크기
1	물 4종이컵
1	만두 넉넉히
1	식빵남은거
1	딸기 작은사이즈
1	고기 느타리
1	닭가슴살 작은 것
1	우유 400ml 2잔
1	콩송이버섯 양송이추천
1	파비움프라우벨
1	설탕 공갈빵 한개당
1	팥양갱
1	식용유 두르기 2번
1	밥 배고픈
1	설탕 취향껏조절
1	찍어먹을맛간장
1	땅콩버터 쨈
1	포도쨈
1	퍼
1	대파 푸른부분 20cm
1	팬네파스타
1	닭 900~1kg
1	꽈리고추 마트용
1	깨소금 스푼
1	물 닭이 잠길
1	간장굴소스
1	고추장 약간 수북이
1	제육양념
1	대파 진것
1	믹스 생크림 가루
1	빵붓 숟가락
1	새송이버섯 or반봉지 1꼭지
1	샐러드용아채
1	배추 손바닥 크기. 210g
1	된장 집된장1/2T
1	불린 쌀 밥3.5공기
1	손질새우 밥버거300g 소스50g 각각 사용
1	양파 밥버거& 소스에 반반씩 사용
1	하이라이스 분말 시판용
1	광천 김
1	시판 만두
1	목우촌 프로포크 목살
1	김장용봉투
1	대파 40g
1	손질한 미나리
1	돼지목살 3mm두께
1	잘 익은 열무김치
1	물 통조림캔으로
1	돼지고기간것 다짐육
1	거피안한 들깨가루
1	양배추 큰잎
1	비빔라면
1	배추김치 잘익은배추김치 열무김치도 가능
1	상추 소량
1	깻잎 소량
1	오이 소량
1	계란 or우유
1	가지 480g
1	마늘 저민 것
1	멸치다시마육수 총
1	그라다 파다노 치즈
1	버터 있으면
1	황색 파프리카
1	튀김가루 밀가루가능 1대접
1	빵가루 1대접
1	﻿대파
1	닭가슴살캔 중사이즈 135g
1	칵테일 생새우
1	치즈떡 6개분량
1	헬로네이쳐 떡볶이양념 60g
1	줄줄이 비엔나
1	피자 소스
1	인내심 1톤
1	고구마 150g
1	김장 배추김치 6잎
1	닭고기허벅다리
1	토마토 퓨레토마토
1	코코넛 밀크헤비 크림
1	플레인 요거트 120ml
1	무 작은거 1개 겨울무
1	페퍼치노 고추
1	꿀 이나 시럽
1	커다른 감자
1	손질한 닭 한마리
1	명란젓 굵은걸로
1	두부 220g
1	두부 사각썰기
1	맛술 있을시
1	도라지채
1	숙주 어묵과 동일한 양
1	크린베리 1큰술
1	해바라기씨 2큰술
1	콩가루 2큰술
1	육수다시팩 티백
1	노르웨이 고등어 필렛
1	엄마표 어묵 시판
1	치킨스톡 작은거
1	간잔
1	오이 큰거
1	두부 75g
1	대파뿌리 파기름용
1	당근 반달모양
1	게맛살 228g
1	쌀피
1	초고추장 원하는
1	참프레 닭
1	양파갈릭솔트
1	토마토소스 케찹가능
1	천수무 11개
1	쌈 두부
1	갈릭 솔트
1	매콤참치
1	무 반개정도분량
1	매실청 or맛술
1	용해버터
1	다크커버춰다크초콜릿
1	토마토 웨지
1	모차렐라치즈스틱
1	바나나 푹~익은바나나사용
1	바닐라에센스 없으면미림2작은술
1	무우 무우크기마다 달라요 1/5등분
1	파 손가락두개 크기
1	물 2~3소주잔
1	가래떡 2개
1	수라간현미 누룽지
1	멸치액젓 or국간장
1	채썬 양배추 1밥그릇
1	양배추 or양상추
1	생강 가감가능
1	썰어둔 실파
1	우생비닐팩
1	버터 손가락두개크기
1	콘옥수수 통조림
1	브로콜리페스토
1	시판 카스텔라
1	코팅용 화이트초콜릿
1	장식용 초콜릿
1	베이킹소다 생략 가능
1	간장 장아찌 국물
1	다진파 맛술
1	흙당설탕
1	샐러드용채소 손으로 4줌
1	가는소금 선택
1	파프리카 청색
1	해산물 새우or낙지
1	통조림파인애플 2슬라이스
1	양파시즈닝
1	호박고구마대
1	생수 치킨스톡대체가능
1	우유 생크림으로 대체가능
1	오징어 큰놈
1	밥 넉넉히
1	김김가루
1	통삼겹살 4~500g
1	요리핀셋
1	요리용 생크림
1	파르미자노 치즈가루
1	냉이 1줌
1	커피 믹스
1	김밥용 구운 김
1	고운소금 1/2~
1	어묵 250g
1	대림선 곤약
1	범일국간장
1	다이제 크래커
1	알룰로스 2바퀴
1	바게트방
1	투게더아이스크림
1	파인애플 or사과
1	후랑크소시지미니
1	케찹 선택 원하는
1	오일 두 번 나눠서
1	토마토 작고 빨간것
1	소금 두 번 나눠서
1	간장 3~4방울
1	굴릴 설탕
1	버터 1조
1	크러쉬드레드페퍼 선택
1	각종 건과일 및 견과류
1	중력분 50g
1	가루분
1	달콤한 꿀
1	부침가루나밀가루
1	계란 1알
1	다시마 2x3cm
1	스프레드
1	플레인요거트 기호에맞게
1	카스테라 빵 작은거 1박스
1	닭볶음용 닭고기
1	빵가루파슬리
1	자투리 바게트빵
1	계란 약150g
1	우유 약10g
1	달걀 노른자 1개분
1	버섯 다양한버섯
1	치킨스톡고체형
1	새우중
1	낫또 풀무원 나또
1	파 다진파
1	조개류
1	두부 밑간 소금
1	생강가루 다진생강 1큰술로 대체가능
1	과일 장식할
1	설탕시럽 설탕
1	꽁치캔 400g
1	오리훈제 슬라이스
1	자른 대파
1	시판 동치미 육수
1	생수 1+
1	호밀
1	바닐라 익스트랙 3방울
1	계피가루 생략가능
1	당근 가는거
1	사과 반개
1	양파 20g
1	85g 생크림요거트 1/
1	포도 집에있는양껏맘대로
1	스팸 큰스팸 2/3
1	김 부스러기
1	짧은 대파
1	고추 약간 매운
1	콩나물 2국그릇
1	상온에 둔 크림치즈
1	설탕 큰 수저
1	상온에 둔 버터
1	양파 다이스
1	다진 견과류아몬드 땅콩 호두
1	토핑용크림치즈
1	삼치 반마리 뼈를 바른 삼치
1	길게
1	부라더소다
1	양파 2슬라이스
1	동치미 육수냉면육수
1	양배추 손바닥크기180g
1	파프리카 노랑 100g
1	파프리카 빨강 100g
1	후랭크 소시지
1	대패삼격살
1	열무 1/2밥그릇
1	참치캔 제일작은사이즈
1	고구마 깍둑썰기한 감자
1	다진토마토
1	베이컨 소세지 약450g 1파운드
1	고추장 고봉으로
1	호두 & 피칸
1	카스테라 큰거
1	초코케익믹스 전자레인지용
1	제과점 생크림
1	물 믹스반죽
1	퍼펙트고추
1	다진돼지고기 or다진닭고기
1	버섯 등의 채소
1	대패삼겹살 푸짐하게
1	물 콩나물 삶을 때
1	낙지젓
1	꼬치나이쑤시게
1	진간장 티스푼계량
1	뼈제거닭한마리
1	소고기 2덩어리
1	카놀라유 튀김이잠길
1	냉동 토마토 2개
1	마트순대
1	쪽빠
1	멸치다시마육수 약5종이컵
1	카놀라유 식용유 모두 다 가능
1	배추김치 어른1주먹양
1	생강가루차
1	참깨땅콩가루 넉넉하게
1	쌀뜨물 넉넉하게
1	파스텔믹싱볼
1	참치캔 中
1	스탠원형쟁
1	스텐볶음팬
1	캔 참치 100g
1	소금 오이절임
1	흰 쌀밥
1	참기름 1테이블스푼
1	마늘 1테이블스푼
1	감자 270g
1	고춧가루안매운
1	씻은 묵은김치
1	양배추 잎파리
1	요플래
1	표고버섯분말
1	조링용스푼
1	마늘편
1	달걀물 달걀 2개분
1	버섯 좋아하는것으로
1	통그릴 소시지
1	참기를
1	유자청 시판용
1	얼그레이가루
1	전분밀가루
1	한살림 소세지
1	양상추잎
1	구이용 쇠고기 3*3 두께1cm
1	색색 파프리카 2* 2
1	튀김가루녹말가루
1	갈비양념
1	꽃등심미국산
1	스팸 120g
1	시판호떡믹스
1	식용유 가놀라유
1	돼지고기목살 400g
1	샬롯미니양파
1	쉬레드 모짜렐라치즈
1	파인애플즙
1	간 쇠고기
1	달걀 작은알 2개
1	묵은지 3가닥
1	볶은김자반
1	부추 손에 아주 꽉 차게 1줌
1	청양고추 저는10개 사용했어요
1	오뚜기 참깨드레싱
1	스위트콘 오뚜기
1	달걀 노른자 1.5개분
1	하겔 슈거
1	적포도주 1+
1	포도씨오일 1+
1	황태북어
1	우무묵채
1	콩국수
1	미니 밤호박단호박
1	장식용 호두 반태
1	올리브고당
1	설탕ok
1	각종채소고기
1	우동면 2인분
1	사각 납작어묵
1	국수 소면 100g
1	그레이엄 크래커 5+
1	다크초콜릿 칩
1	녹차 3T
1	우유 2T
1	동전 육수 멸치 맛
1	브로콜리 크기는 사진 참조
1	전분 덪가루
1	꽃새우 볶음용
1	사워크림플레인 요구르트
1	다이제 비스킷
1	마른새우꽃새우
1	쪽파나부추
1	감자 중간크기 감자 3개
1	명란 한덩이 반
1	우유 선택
1	녹여놓은 버터
1	실온의 녹은버터
1	원목밀대
1	파초록색부분
1	부추 양껏
1	잡곡 밥 2그릇
1	주부九단햄
1	올리브유 포도씨유대체가능
1	새우 중하
1	팽이버섯 손질 후
1	비스켓 없어도ᄋᄏ
1	버터 없어도ᄋᄏ
1	시금치 1다발
1	얼린식빵 빵가루로 대체가능
1	삶은 달걀 선택
1	새우버터
1	구워 먹는 치즈
1	물 종이컵계량
1	올리브 or파슬리가루
1	바지락 150g
1	새송이버섯 3꼭지
1	베샤멜 소스
1	양파찹 듬뿍
1	스위트콘 듬뿍
1	꿀 크게
1	청주나 미림
1	청피망 작은거
1	찬 밥 2.5그릇
1	롤드 오트
1	셀프 레이징 밀가루
1	골든 시럽
1	와사비 생략가능
1	후추가루 3번
1	바닐라향 생략가능
1	초코칩 약200g
1	통밀가루 중력분
1	유자 청 A
1	유자 청 B
1	물 약500ml
1	진간장 120ml
1	흑설탕 6테이블스푼
1	간생강 2테이블스푼
1	발사믹식초 60ml
1	닭가슴살 240g 2덩어리
1	까나리앳젓
1	슬라이스아몬드와 오트밀
1	떡꼬치용 떡
1	참외즙 씨부분 즙 즙 낼 수 있을
1	삼색 버섯
1	깻잎 많이
1	돼지고기 후지 슬라이스
1	설탕 양념에 섞지 말고 따로 준비
1	밤조림
1	장식용 아몬드슬라이스
1	감자 200g
1	남은 불고기
1	조랭이떡 생략가능
1	다진마늘 or통마늘
1	드롭스프라이팬
1	지라프시그니처 가스버너
1	노와쿡웨어냄비
1	떡갈비냉동식품
1	전란 실온
1	곱게 간 얼그레이 찻잎
1	찹쌀가루or밀가루 선택사항
1	손가락어묵
1	대파 밑부분 15cm
1	마늘쫑 쫑쫑썸
1	편마늘 마늘
1	치아씨드 생략가능
1	우유 더 필요할 수 있음
1	야구르트
1	양송이버섯표고
1	브로콜리새순
1	건포도 or크랜베리
1	나무꼬지 or나무젓가락 필요
1	내린 육수
1	계란흰자 바를용
1	아이스바스틱
1	통그릴부릴스토어
1	치킨 윙
1	오렌지 귤
1	마멀레이드
1	무가당그릭요거트
1	대파 채썬 것
1	손질된 닭다리살 250g
1	석류 알맹이
1	물 2회
1	송송 썬 대파 2소주잔
1	다진 당근 2소주잔
1	월병몰드
1	슬라이드아몬드
1	시판떡갈비
1	색색파프리카
1	진미 채
1	기름 야채
1	스파게티니
1	파르메산 치즈가루
1	당근 색감을 위해
1	​깻잎
1	필라델피아 크림치즈 200g
1	요거트 85g
1	다이제스티브 52g
1	당면 400g
1	대패삼겹살 먹을
1	인스턴트 짬뽕라면
1	스파게티면 500원 크기 두께
1	대파 2뿌리
1	브로컬리 생략가능
1	히말라야소금
1	마른고추 선택
1	메이플시럽 기호에맞게
1	올리브유 기호에맞게
1	실파 3뿌리 쌈장
1	미림 or맛술
1	스팸 1작은캔
1	가는 쌀국수 면버미셀리
1	당근 다짐
1	시판 갈비양념
1	불고기용 돼지고기 앞다리살
1	옥수수콘 195g
1	올리고당 1비율
1	김치+김치국물 1국그릇
1	훗추가루
1	파트사블레
1	발로나코코아가루
1	중면 500원 동전크기
1	팬케익 믹스
1	오일 6테이블스푼
1	양파 큰거 썰어서준비
1	사과식초 2테이블스푼
1	복숭아 중간사이즈 썰어서준비
1	건포도 와인에 미리 불려 사용
1	양파 잘게 다진
1	쇠고기 잘게 다진
1	육수 코인
1	다시팩 육수 가능
1	청양고추 홍
1	청고추 1개
1	고운소금 마지막 간 보며 넣기
1	시나몬가루 옵션
1	아몬드 우유 옵션
1	양파 큰거는 반개
1	어묵 한봉
1	배추 묵은지 1/4등분
1	흑임자어묵
1	부침두부 500그람
1	시판용 찹쌀가루
1	볶은 콩가루미숫가루
1	콩배기 건포도
1	구운돌김
1	올리브오일 닭밑간
1	후추 닭밑간
1	고추가루 고봉으로
1	매운건고추 작은것
1	이덱스도마
1	저염 국간장
1	거름채망
1	소금 넘치지않게 깍아서
1	비엔나소시지 35개 내외
1	참기름 선택재료
1	옥수수통조림 수분제거
1	양파 34g
1	밀가루 30g
1	버터 1cm
1	돼지고기 1/3밥그릇
1	간장 돼지고기양념용
1	설탕 돼지고기양념용
1	청주 돼지고기양념용
1	물 돼지고기양념용
1	신 김치 1/4포기
1	참치 200g
1	시럽 이나 꿀
1	물기뺀 옥수수
1	타임허브
1	버터 약 1 큰 술
1	세로로 자른 맨김
1	뜨거운 밥 1그릇
1	돼지고기목살밎삽겹살 먹고싶은
1	혼다시조미료
1	물 약65ml
1	공기밥 3그릇
1	볶은 호두
1	고운 소금 완두콩알만큼 소량
1	참치캔1캔
1	빅그릴비엔나소세지
1	달래 한뭉치
1	닭다리살 4덩어리
1	물 종이컵 약1.3컵
1	알배추 3~4잎
1	청경채 8뿌리
1	매운건고추 선택
1	닭다리 13개
1	쪄낸 고구마
1	크림치즈 200g
1	커피 카누사용
1	부추 100원크기
1	새우 파스타할때 익힌거
1	모차렐라 치즈스틱
1	편의점 크래미 2덩어리
1	통새우
1	전분가루 크게
1	아몬드 선택
1	멸치액젓 or참치액
1	한입 닭다리살
1	대파 손가락 엄지에서 약지까지의 길이 2뼘
1	시금치 듬뿍
1	건포도 생략가능
1	간 당근사과 찌꺼기
1	견과류 다진것
1	참기름 어묵졸이고마지막
1	다진 마늘 1젓가락
1	새우젓 1젓가락
1	납작사각어묵
1	퍼지브라우니믹스
1	오일 이나 버터
1	고운 팥앙금
1	호랑이 시리얼
1	채썬 양배추 1그릇
1	monkfruit sweetener
1	erythritol
1	녹인버터 1/2컵 1스틱
1	프리첼
1	볼초코렛
1	덧뿌릴 강력분
1	계란노른자 생략가능
1	소금 이나 카레가루
1	꽁치캔 국물
1	물기를 꼭 짠 파래
1	주물팬
1	인스턴트 알커피
1	다크커버춰 초코칩
1	호밀 식빵
1	양파피클
1	애호박 크기가 큰 둥근
1	표고 소금
1	햇양파 큰 것
1	절편 2줄
1	사과 큰사과는1개
1	핫케이크가루 종이컵 2컵
1	버터 스틱버터 2cm
1	아삭이고추 큰것
1	검은콩두유
1	베이컨 70g
1	황태포멸치
1	진미채 양껏
1	김치 1줌 1/4밥그릇
1	대파 10센티
1	청양고추 큰거
1	부르스타
1	식용유 자작하게
1	돼지고기얖다리살
1	피넛크림
1	마요네즈 소량
1	불린 넙적당면
1	당근 두께 5cm
1	미로와 생략가능
1	핫케익 가루
1	돼지고기앞다리살전지살
1	닭 가슴살 2덩어리
1	대파 생략 가능
1	버섯 추가 무관
1	감자 추가 무관
1	가지 600g
1	크레미 6개
1	크래미 안 넣어도 됩니다
1	당근 안넣어도 됨
1	새 중간크기
1	라이스페이퍼연겨자 생략가능
1	크래커 소량
1	화이트 & 다크초콜릿 소량
1	크리미 게맛살
1	레드 페퍼론치노
1	떡꼬치떡
1	파메르산치즈
1	생바질 깻잎
1	후추 충분히
1	수육용 통삼겹
1	펩시
1	속 파낸 오이
1	밀가루 90g
1	프림
1	베이킹파우더 4g
1	설탕 60g
1	버터 60g
1	돌 김
1	빨강미니 파프리카
1	노랑 미니 파프리카
1	토르띠야
1	돼지등심 잡채용
1	물 오뎅이 잠길
1	오징어 몸통 큰거
1	훈제 닭가슴살 120g
1	빵테두리
1	장식용 바나나
1	돌나물 두 줌
1	쌈채소 or샐러드용 채소
1	주부9단 소세지 스팸 한개
1	감자 4개 손질후
1	달걀 분리
1	습식 찹쌀가루
1	닭다리살 껍질 벗긴
1	연근 큰사이즈
1	시럽물엿
1	식초 생략가능 2~3방울
1	대추청 잼 형태의 대추차
1	매실액 대추청 대신 사용가능
1	소금 듬뿍
1	팔팔 끓여 뜨거운 물
1	물 500g
1	고추 다진것 or부추
1	황태포 45g
1	소금 죽염
1	오렌지망고샐러드소스
1	후레쉬겨자소스
1	꼬막 600g
1	달래 or실파
1	점보 오징어 1마리
1	큼직하게 썬 양배추
1	녹차크런치
1	커피크런치
1	뮤즐리 무설탕.무염
1	해바라기씨 등의 견과류와 건과일
1	윌튼켈리그린
1	윌튼레드레드
1	시판유부초밥 2인분
1	고추청 이나 청양고추
1	소금 or굴소스
1	갈배 제육
1	땅콩 껍질벗긴것
1	연양갱
1	신 열무
1	가쯔오장국
1	쪽파 한팩
1	고추참치 통조림
1	통큰비엔나소세지
1	밀가루 강력분 추천
1	올리브오일 1Tsp
1	구멍이 뚫린 어묵
1	그릴소시지
1	배합초 설탕
1	배합초 소금
1	설탕 45g
1	올리고당 취양껏
1	탄산 음료
1	민트차 티백
1	장식용 허브
1	장식용 무화과
1	오뚜기연겨자
1	밥 2~3주걱
1	참치 소
1	겨자분말가루
1	칼국수면 1덩어리
1	화이트초콜릿칩
1	가당코코넛플레이크
1	브로콜리 150g
1	갈은참깨
1	오돌뼈
1	대림선캠프앤하우스베이컨
1	참나물 1소쿠리
1	날치알 선택
1	올리브뉴
1	버터 8T
1	박력분 2.5컵
1	베이킹파우더 1.5t
1	초코칩 1/2컵
1	호두 1/2컵
1	스팸 약140g
1	슬라이스치즈체다치즈
1	레몬 제스트 1/4개분
1	오뚜기 갈릭아이올리 소스
1	오뚜기 오메가3버터
1	슬라이스 치즈 선택
1	카카오닙스 4g
1	참기름 1/2소주잔
1	채썬 배추 배추 6장
1	멸지 다시 육수
1	명란젓 작은 거
1	메추리알 1대접
1	그래뉼 설탕
1	치즈반죽용 버터 Butter
1	치즈반죽용 슈가파우더 Sugar Powder
1	치즈반죽용 계란 egg
1	치즈반죽용 박력분 Soft flour
1	황치즈분말 Yellow cheese powder
1	연유반죽용 버터 Butter
1	연유반죽용 슈가파우더 Sugar Powder
1	연유 sweetened condensed milk
1	연유반죽용 계란 egg
1	연유반죽용 박력분 Soft flour
1	사브레 반죽 위에 바를 물 water to be app sablé
1	사브레 반죽 위에 뿌릴 설탕 sugar to be sp sablé
1	새꼬막 500g
1	소금 삶을때
1	토마토 작
1	표고버섯 생략 가능
1	사골곰탕 더미식 1인분 1팩 기준
1	만두 먹고싶은
1	계란물 계란1~2개를 풀어서 준비
1	떡복이떡
1	냉동 삼겹살 2줄
1	치커리 생략가능
1	실온에 녹인 무염버터
1	미역 1국그릇
1	스위트콘 1캔
1	큐브 플레인치즈
1	치즈떡볶이 떡
1	페퍼로니 햄
1	파프리카 노랑빨강초록
1	돼지고기 불고기용 앞다릿살
1	닭고기 닭다릿살
1	양파갈은것
1	밀가루 옷입히기용으로
1	파슬리 뿌리기용으로
1	매운 청고추
1	닭고기가슴살
1	계란 풀어준비
1	떡국떡 약200g
1	삶은고기
1	치킨스톡 4g
1	킹칵테일새우
1	물 고기가 자작하게 잠길
1	크림치즈 듬뿍
1	알배기 배추 작은것
1	깨 액젓은 넣어도 되지만 넣으실거면 0.5T정도만 넣어주세요 .
1	새싹 잎
1	엑스트라 올리브오일
1	버터 1./
1	반토막낸마늘
1	돌나물 200g
1	감자 80g 탁구공크기
1	남은 닭고기
1	떢볶이떡
1	굴소스 +물 약간
1	크레미 10줄
1	허니머스타드 조절가능
1	달걀 작은 것
1	튀김유 재료가 반정도 잠길
1	코울슬로드레싱 조절가능
1	통밀 or호밀
1	갈비 인분수에 맞게 준비
1	라즈베리 퓨레
1	레몬즙 1Ts +
1	깨소금참기름
1	매운고추 청양
1	당근 양파양과동일
1	채소 양파
1	파프리카등
1	돼지고기목 삼겹살 5조
1	소고기국거리 1밥그릇
1	식초 1~2방울
1	쪽파 없으면패스
1	동원 두툼베이컨
1	대파 작은 사이즈
1	바지락 한움큼
1	물 머그컵1컵
1	모짜렐라치즈 슬라이스치즈
1	치즈크래미
1	콘소메
1	사이다 무가 잠길
1	고추가루 1/2컵+1큰술
1	봄동 안쪽 잎 약 150g
1	생면 라면사리
1	우유얼음
1	시판로제스파게티소스
1	앉은뱅이 밀 일반박력분 가능
1	모둠해물 1대접
1	어묵 1대접
1	고추장 아주듬뿍
1	데친 굴
1	유부 피
1	부추 16가닥
1	닭고기 800g
1	파래돌김자반
1	작은스팸 100g
1	다진 레몬청 과육
1	검은깨갈은거
1	골뱅이소라
1	쥐포2장
1	아몬드 견과류
1	매식액기스
1	플레인 요구르트 개당 80g
1	함초
1	타바스코핫소스
1	레몬 사과청
1	국내산낙지 수입산 2마리
1	버터 쿠키반죽
1	전분물 물2+전분 1
1	카레고기
1	신김치 1/3밥그릇
1	당면 450g 2묶음
1	나물 1사발
1	찹씰가루
1	공기 밥
1	스테이크용 쇠고기등심 1덩이 150g
1	믹싱유리볼
1	물 150CC
1	라즈베리퓨레
1	식요융
1	양배추 700g
1	디죤 머스타드
1	호박 잎
1	양파 중간자리
1	체더슬라이스
1	명란젓갈 or명란
1	계량법
1	밀크초콜릿 일반 판초콜릿 약4개
1	시래기 먹고싶은
1	들기름 많이
1	다진 소고기돼지고기
1	볶음용 닭고기
1	닭다리살 or닭안심살
1	우유 4T
1	박력분 1컵조금더
1	코코아가루 3T
1	자리멸치
1	초코과자 오레오
1	얼그레이 홍차잎
1	돼지고기안심 500g
1	쓰리라차 선택
1	새송이 대
1	물 육수 재료잠길
1	스테이크용 소고기살치살
1	가지 작은거
1	절이는소금
1	소고기사태양지
1	알배추 6~7잎
1	송손 썬 대파
1	채 썬 김
1	백합 바지락 등의 조개
1	요리용입자소금
1	미니초코바
1	식빵바게트
1	콘프러스트
1	무염버터 식용유
1	바닐라에센스 3방울
1	소금 아주조금
1	크림치즈 생략가능
1	허니머스타스
1	한우 다짐육
1	숙성 토마토
1	무청 6타래
1	들기름 두부부칠때
1	삶은달걀 생략가능
1	귤청 1+
1	파프리카 노란
1	치킨까스
1	중간 사이즈 양파
1	파 흰 부분 다져서
1	파 초록 부분 크게 어슷 썰어서
1	당근 채 썰어서 한주먹
1	바닐라에센스 5방울
1	올리고당 마지막에 추가
1	안심스테이크용
1	두부 단단한
1	양파 작은것1개
1	헤비 휘핑크림
1	크림 뺀 오레오
1	청크초코칩그냥 초코칩
1	얼음컵
1	gs25블루레몬에이드
1	데코 스노우
1	m&m 초콜릿
1	통후추 500원 동전크기
1	생칼국수 면 550g
1	중간크기 양파
1	건새우 두절
1	애호박 3cm
1	밀떡 1덩어리
1	물 2/3소주잔
1	소금 부족한 간
1	식용유 소주컵 2/3큰술
1	간장 1/3소주잔
1	미림 1/2소주잔
1	초록피망
1	얼그레이 티백가루
1	퀴노아밥
1	절편 길게
1	파마산치즈 4Tsp
1	생크림 4Tsp
1	도시락
1	굴소스 or양조간장
1	부침가루메밀
1	방울토마토 영상은20개
1	후라가께
1	송송썬 배추김치
1	취나물 약 350g
1	카놀라유포도씨유
1	박력분 350g 2+
1	동태 포
1	김칫국물 2소주잔
1	오뚜기찹쌀미니도나스믹스
1	달걀 소금한꼬집
1	부추 4cm
1	순살 노르웨이 고등어
1	메밀소바소스
1	블랙 올리브 다진것
1	양파 채 친것
1	소고기 얇게 썬 것
1	마늘쫑 15줄기
1	삼치 작은
1	식빵 모서리
1	한우 채끝등심
1	화이트커버처초콜릿
1	무 큰무1/3개 작은무 1/2개
1	쌀밥 원하는
1	허브 소금
1	김 도시락김 크기 기준 약 5~7장
1	뚝배
1	생강 소스
1	부침가루 생략가능
1	스틱형버터
1	절임용물
1	옥수수통조림 작은거
1	간장 밥숟가락기준
1	물 종이컵기준
1	물녹말 전분1T:물
1	밤 껍질벗긴
1	얼가리
1	소금 + 3스푼
1	우동면 1인분기준
1	고정시킬꽂이 이수시개
1	연유 4바퀴
1	콩나물 시판 포장 콩나물
1	냉동 파이 시트
1	꽈리고추 1대접
1	홍진미 백진미도 좋음
1	현미라이스페이퍼
1	살구잼
1	채소 파프리카&대파&양파사용
1	떡국떡 가득
1	양상추 기호에맞게
1	게맛살 크래미 등
1	캔토마토 14.5oz=411g
1	렌틸콩 1파운드 1+
1	치킨스톡 녹인물
1	믹싱볼.랩
1	소면 1줌
1	배추 속잎
1	바게트 4cm
1	페페론치노 청양고추1개 대체가능
1	데리야끼소스 or돈까스소스
1	연어 횟감용
1	다시 다시마
1	가쓰오부시우린물
1	무가당요구르트
1	단호박중
1	브로콜리 작은 송이로 손질한
1	적양파 작
1	참치캔 중간사이즈
1	불리지 않은 쌀
1	크래미90g
1	생강 5g
1	간장 80g
1	맛술 80g
1	호두생
1	수육 1덩어리
1	일식그릇
1	고구마 200g
1	떡 100g
1	상추 쌈채소
1	다진마늘 편마늘도OK
1	살라미 소시지 80g
1	다이제스티브쿠키
1	다이제스티브 쿠키
1	소금갈릭솔트
1	스파게티 500원 동전크기
1	밀떡 1대접
1	볶음용 카놀라유
1	시금치 섬초
1	고운들깨가루 듬쁙
1	갈은깨 듬쁙
1	오이피클 7cm
1	홀파프리카
1	플레인요플레 65g
1	배추절임용 천일염
1	떡꼬치 떡
1	참치 小
1	머핀팬
1	4tbsp
1	상추 그외 쌈채소
1	멸치액젓 + 진간장
1	떡볶이 떡 1밥그릇
1	올리고당 2~3바퀴
1	다시마 10* 15
1	수프
1	자른봄동 크게
1	대패삼겹살 만원어치
1	표고다시마육수
1	당근 1/4등분
1	피망 작은것
1	맛간장에 있던 표고버섯
1	편썬 양송이버섯
1	알배추 속
1	스팸 얇게 썰은 것
1	팽이버섯 작은 30-40g
1	덧가루용 슈거파우더
1	꽃새우 2줌
1	두부2모
1	조림용새송이버섯
1	마늘분태
1	냉동 믹스 베리
1	식초 2~3방울
1	토마토소스 1/4병
1	떡볶이떡가는떡
1	딸기파우더
1	물 콩나물 잠길
1	진간장 국간장도 가능
1	콩나물 듬뿍
1	생강청 설탕
1	연한 소금물 1접시
1	밀또띠야
1	스파이스또띠야
1	덧살
1	볶음용 오일
1	쿠키반죽에 굴릴 흰설탕
1	당근 양파와동량
1	게맛살 양파와동량
1	파 양파와동량
1	사과 1/
1	무 채썰어4줌
1	대파흰부분 다져서
1	물 절인물사용
1	주먹밥토핑
1	통깨 마무리
1	참기름 마무리
1	닭가슴살무항생제
1	굴소스 유기농
1	한식간장
1	기름현미
1	팽이 버섯 1/3뭉치
1	매실액 없으면 생략가능
1	계란지단 데코레이션
1	새싹채소 데코레이션용
1	동원 리얼 크랩스 72g
1	참취
1	오뎅 동그란것
1	메추리알 까놓은건 작은것
1	크래미 소포장
1	감자 작은크키
1	닭 삼계탕용 800g짜리
1	생강술 맛술이나 소주
1	치킨스톡 작은큐브
1	땡초 취향껏
1	페페론치노 선택
1	고등어 싱싱한
1	달걀 흰+노른
1	수제돈가스 작은크기
1	케찹 밥숟가락
1	고추장 밥숟가락
1	진간장 밥숟가락
1	설탕 밥숟가락
1	굴소스 밥숟가락
1	통호두
1	크레커
1	견과류 슬라이스아몬드와건크렌베리
1	사과 등
1	부침가루 부침가루 없으면 밀가루 사용하시되 소금간 두세꼬집 해주세요
1	시판용 매실원액
1	꼬마 떡 볶이용
1	햄소세지
1	다크커버처초콜릿
1	대파 작은크기
1	나빠쥬용 물엿
1	돼지고기 삼겹 200g 이나 목삼겹
1	마성의맛간장
1	밥 원하는
1	액젓 멸치까나리 아무거나
1	다진풋고추
1	납작어묵 200g
1	당면 225g 1묶음
1	양파 중 215g
1	물 두부가 자작할
1	​ 박력분
1	바닐라 향
1	작은 무 700g
1	소면 국수 130g
1	쌈 채소 100g
1	단무지 동근 모양
1	파스타면 삶은것200g
1	베이컨 short
1	얇은불고기감 소고기
1	석쇠
1	돼지고기목살 1/2그릇
1	부추 4인분 기준
1	건새우 약간 작은사이즈
1	까나리액젓 없을시 멸치액젓도 좋아요
1	팽이버섯 약 150g
1	밀가루 듬뿍
1	옥수수 통조림 작은것
1	3분 매운 카레
1	시리얼뮤즐리
1	파채 1대
1	꿀아가베시럽
1	건새우 1대접
1	상추 가볍게
1	쌀뜨물 비린내 제거용
1	조청 1+
1	양파 양파껍질 함께 사용합니다
1	재래된장 크게
1	꼬막국물
1	참치캔 1/
1	꿀 취향것조절가능
1	식용색소 1방울
1	꼬막 ​
1	각종 어묵
1	청양고추 육수용
1	간장 2리터 기준
1	큰 두부
1	물 계란에들어갈
1	다싯멸치
1	우유 or생크림
1	건포도나 호두등 견과류
1	묵은갓김치
1	김치국물 작은
1	육우채끝살
1	김가루 기호에 맞게
1	홍합 동죽조개 대신
1	녹차음료
1	후리카게
1	강판에간당근
1	대림주부초밥짱
1	들깨가루 고운들깨가루1T+ 탕용 들깨가루
1	육수 동치미
1	월계수잎​
1	단호박 분말가루
1	깻잎 1바구니
1	귤껍질 2개분
1	감자 중소사이즈 혼합
1	물 200ML
1	생강절임
1	고춧가루 or시치미
1	불고기 냉동식품
1	대파 1줌
1	진간장 밥수저
1	굴소스 밥수저
1	설탕 밥수저
1	식초 밥수저
1	맛술 밥수저
1	밀가루 3Tsp
1	코코아파우더 2Tsp
1	우유 3Tsp
1	식용유 3Tsp
1	바닐라익스트랙트 생략가능
1	인스턴트커피 생략가능
1	초콜렛칩 2Tsp
1	밥 6주걱
1	얇게 편썬 생강
1	파프리카홍ᆞ노랑
1	길게 채 썬 대파A
1	송송 썬 대파B
1	퓨어 올리브오일
1	쥐치포
1	모짜렐라치즈 토핑용
1	소면 지름 100원짜리 동전
1	멸치or다시다
1	우동면 210g 2개
1	고추가루 소량
1	고구마 호박
1	밤고구마 다 가능
1	두부 420g
1	애호박 360g
1	오트밀 롤드 오트
1	햄 자른거
1	맛살 자른거
1	마요네즈 or크림치즈
1	다이제쿠키
1	체리잼 원하는
1	김 선택
1	매생이 50g
1	생물 고등어중
1	설탕A흰자
1	설탕B노른자
1	슬라이스 레몬
1	토핑용 단호박
1	당면 양껏
1	시판용 사골곰탕 200ml
1	파마산치즈 선택재료
1	물 면삶을용
1	황치즈 가루
1	우스터
1	생강 2cm
1	물 중간추가
1	스테비아설탕
1	식초 계란삶는용
1	소금 계란삶는용
1	중면국수
1	냉동 차돌박이 14조각 1국그릇
1	기름​
1	참기름 기호에따라사용합니다
1	남은야채들
1	소고기 한우
1	다진마늘 매실액
1	소금 시금치데치는
1	꼬막캔
1	마늘쫑 5~6가닥
1	데쳐준어린 열무
1	박력분 강력분과 1대1로 섞어도 됩니다
1	달걀 농도보며 조절
1	바닐라익스트랙 선택
1	녹차 가나슈 밀크
1	천일염 무절임용
1	계피 가루 생략 가능
1	흑설탕 필수재료
1	습식 찹쌀가루 ‭
1	꽃소금‭
1	베이킹파우더‭
1	계피가루‭
1	초밥용식초
1	시판용조미된유부
1	초밥용밥
1	당근간것
1	각종 채소들
1	표고버섯 큰 거
1	표고버섯 작은 송이
1	반숙 계란후라이
1	무슈구슈비정제수수당
1	찐 고구마 작은사이즈
1	양배추반통의 잎
1	다시마 5cm 정도 크기
1	다시마 있으면 5*5cm
1	다진 당근 1소주잔
1	파래 김
1	고등어통조림 1캔
1	라운드 슬라이스햄
1	자투리 채소 호박
1	양파 등
1	떡볶이떡 두주먹
1	하얀슬라이스치즈
1	노란슬라이스치즈
1	옥수수 캔 작은 사이즈
1	그라나파다노치즈 선택사항
1	홀스레디쉬 소스
1	휴대용가스레인지
1	그라나 파다노
1	베이비채소 생략가능
1	땅콩 피넛 버터
1	고형 카레 3블럭
1	버터 오일가능
1	빵가루와파슬리를섞은것
1	녹두납작당면
1	떡 쌀떡 밀떡 상관없어요 ~.
1	물250ml
1	한우 소고기 살치살 50g
1	묵은지 400~500g
1	가루육수 1/2포
1	방울토마토 저는 좋아해서 더 넣었어요
1	통마늘 작으면 더 넣어주세요
1	오리 주물럭으로 썰어서 준비 850g
1	다시마 6*6cm
1	춘장 130g
1	계란달걀
1	양파 중간사이즈1개
1	맛살 중간길이맛살3줄
1	부추 50원동전크기28줄기
1	파 썰어서3큰술
1	우동 사리 소포장
1	떡볶이떡 3000그램 1대접
1	긴 베이컨
1	시판 재래식된장
1	액상치킨스톡
1	팬케이크믹스
1	베이컨 130g
1	콩나물 삶은 콩나물 1공기
1	당면 원하는
1	다시마 15cm*15cm
1	계란 인원수맞게준비
1	콜라비 주먹만한크기
1	홍고추 or청양고추
1	깨끗하게 씻은 냉이
1	무 중자
1	스리차소스
1	레모네이드 스틱
1	남양 3층카야치즈
1	불고기용 소고기 냉동 냉동이 아니면 1줌
1	건새우 80g
1	미림 1술
1	기름 1술
1	색색깔 청양고추
1	흑설탕 종이컵 1컵
1	피망빨강 노랑
1	고추장 기본 양념에 추가
1	김치 국물조금포함
1	스테이크 2덩어리
1	버터기름
1	따뜻한 밥 1.5그릇
1	﻿모둠 어묵
1	저온압착들기름
1	새싹채소 선택
1	배 잘게 썬
1	얇게 슬라이스한 배
1	찹쌀가루 약간 수북하게
1	호두 분태 생략 가능
1	자숙새우 칵테일새우 가득히
1	식용유 새우튀길양
1	양상추 생략가능 3잎
1	식초 비율
1	물 비율
1	설탕 비율
1	스팸 햄 큰거
1	고등어통조림 국물
1	캔옥수수 없어도무방
1	쌈무 소량
1	고추 참치 250g
1	감자 中사이즈
1	크림치즈 남양3층크림치즈
1	무염버터 실온상태의
1	설탕 각빵당
1	오징어 230g
1	파 고추장
1	곡물 또띠아
1	슬라이스 블랙 올리브
1	소시지 납작썬것
1	시판 피자 소스
1	버터 대략
1	남은밥
1	다진 자투리 채소
1	물 약6컵
1	천일염 이나 국간장
1	감자고구마
1	양파 통마늘 5알
1	백만송이버섯만가닥버섯
1	사각어묵 1봉지
1	노른자 1개분
1	복숭아 콤포트 과육
1	가래떡 or떡볶이떡
1	호박 채썬것
1	피쉬소스 액젓으로 대체가능
1	봄동 데친것
1	다진청고추 1개분
1	다진청양고추 1개분
1	소 불고깃감
1	냉동 양송이
1	생 닭가슴살 2덩어리
1	낙지 생물
1	누룽지찹쌀
1	죽순 통조림
1	마른 건고추매운것
1	닭봉과 닭날개
1	다진 청양고추 2개
1	허브솔트 마늘향 1+
1	일회용 비닐팩
1	잘익은 아보카도
1	다시마 장조림 생략가능
1	채썬김
1	아이용 간장
1	물 이나 다시마육수
1	소세지 원하는
1	달걀 흰자 1개
1	식용색소핑크
1	식용색소노랑
1	다진복숭아
1	스키니빼빼로
1	버터 1.5슬라이스
1	다진 마늘 다지기
1	캘리포니아 뮌스터 슬라이스치즈
1	바닐라익스트랙 1~2방울
1	견과류 토핑용
1	후추 1/4작은술
1	뚜껑
1	김치속 고추양념
1	까나리액젓 100cc
1	잡채 1접시
1	베이킹팬
1	대림선 왕교자 만두
1	떡갈비 시판
1	고추장 기호에맞게
1	달래 184g
1	표고다시마가루
1	대파 큰 거
1	물 계량컵 2컵
1	다진대파 부추대신사용
1	참기름먹기직전
1	파프리카 색별로
1	모짜렐라치즈 한봉지
1	파슬리 없어도 됨
1	양파플레이크
1	가지 큰 사이즈인 경우 2개
1	홍고추 없으면 안 넣어도 됨
1	기름 식용유
1	카놀라유등
1	부순다이제
1	오디잼
1	납작한 사각어묵
1	파프리카빨강 노랑
1	밀가루나 찹쌀가루
1	물엿 이나 매실액
1	내장 뺀 멸치
1	튀김가루 전분
1	사과잼땅콩잼
1	삶은 고구마 작은 것
1	견과류 취향껏
1	스팸 큰 통
1	치즈 노랑
1	흰색
1	파무침
1	밀떡쌀떡
1	캡사이신소스
1	소시지프랑크
1	썰은 양배추
1	닭 1.2kg
1	시니쳐 오리훈제 슬라이스
1	가스버너
1	빨강색파프리카
1	육수낼 물
1	핫케이크가루 가루
1	감자 큰것 2개
1	파슬리 or실파다진것
1	알룰로스 시럽
1	바게트슬라이스
1	버섯 뿌리
1	각종버섯 느타리버섯
1	표고버섯 등
1	맛소금 생략가능
1	참치액 이나 액젓
1	관자 3덩어리
1	돼지고기목살 슬라이스
1	쌈채소 및 쌈장
1	돼지고기앞다리살 한돈
1	양파즙 1개 100 ml
1	생크림 필수재료
1	어슷 썬 프랑크소세지
1	라면 필수재료
1	​ 팽이버섯
1	큐브틀 8개분
1	레몬제스트 레몬 1개분
1	일본식 조미 유부
1	명란마요 소스
1	간 사과사과즙
1	찐 고구마 작은것
1	왕비엔나
1	돼지고기 갈은것 300g
1	팥 120g
1	양파 작은크기 큰 건 반개
1	맛간장 쯔유
1	단간장
1	황치즈분말
1	까나리액젓 멸치액젓 사용가능
1	미니 아스파라거스
1	물 약 종이컵 반컵
1	버섯 파우더
1	건슬라이스 표고버섯
1	그린팬더 굴소스
1	어묵 400g
1	냉우동
1	남은 전
1	통단무지 250g
1	참기름 계량스푼 기준
1	알레스카연어캔
1	미역 말린거 검지손가락길이
1	소시지 긴 거
1	당귀 나물
1	볶음 깨소금
1	초록색 양파
1	부추 20가닥
1	다진 만르
1	깨가루검은깨
1	통깨참깨
1	시판용 피자믹스
1	간장 요리에센스 1큰술
1	양파 작은것 다진거 양 300ml
1	허니 머스더드
1	샐러드야채 먹을
1	식빵단호박
1	깻잎 순 100g
1	대하새우
1	프라이팬숟가락
1	소금 데칠 용
1	대파 흰 뿌리쪽
1	양파 기호성 야채
1	국수 원하는
1	비엔나 소시지 먹을
1	케첩 기호에 맞게
1	신김치 잘게 썬
1	스치라차칠리소스
1	흑임자 파우더
1	참치 통조림 小100g
1	어묵 1접시
1	비닐에 담아 준비 피자치즈
1	양파 30g
1	밥220g
1	양파 2개 채썬것 중
1	버터 양파볶을때 2Tsp
1	백설탕 1Tsp
1	이탈리안허브믹스 로즈마리
1	타임등
1	시판 스윗 칠리소스
1	냉동새우 있다면 사용
1	생강가루 2번
1	돼지고기 뒷고기
1	소금 간
1	히카마 950g
1	동그랑땡 크기에 따라 증감
1	참나물 2줌
1	라드
1	새우 7~8개
1	실온에 놔둔 버터 50g 2번
1	설탕 50g 2번
1	계란 26g 2번
1	소금 2g 2번
1	우유 5g 2번
1	월개수 잎
1	앞다리살 돼지고기
1	물 or다시물
1	당근 1/6개
1	감자 보통 크기
1	동치미 육수
1	곰취잎
1	남양 3층카야 치즈
1	굵은 파
1	설탕 +α
1	소 양지
1	가을 무
1	데친 물미역
1	돼지고기목살앞다리살
1	고춧가루 1종이컵
1	다진마늘 2숟가락
1	새우젓 1숟가락
1	설탕 4숟가락
1	소금 1숟가락
1	멸치액젓 4숟가락
1	물엿 or조청
1	콩나물 손질후
1	소금 모자란간
1	두부 소
1	흑토마토
1	파르메산 치즈 가루
1	깻잎 4~5잎
1	분질감자
1	너의 아침 유기농 누룽지
1	해표 순창궁 태양초 고추장
1	해표 옹가네 국간장
1	해표 통참깨 참기름
1	돼지 목심
1	Sahne
1	리크
1	야채가루 생략가능
1	와사비 1/
1	다진 할라피뇨
1	버섯 아무버섯 1팩모두이용
1	아기참기름 버섯양에따라 달라짐 2바퀴
1	아기간장 아기 입맛에따라 다름
1	아기소금 아기 입맛에따라 다름
1	깨소금 아낌없이
1	생강가루 없음생략
1	피망 생략 가능
1	양파 큰걸로
1	만능 육수
1	시리얼 이나 그래뇰라
1	말린과일 및 여러 견과류 총
1	두부 약 100g
1	둥근 오뎅
1	게맛살 소
1	진간장 만능맛간장
1	물 라면 삶기용
1	표고버섯 약 18g
1	절편 한줄
1	크러쉬드레드 페퍼
1	고은소금
1	돼지고기 등갈비 500g
1	갈비육수
1	장흥한우 소불고기감
1	스지 손질 삶은 스지
1	진간장 불고기밑간& 양념소스
1	다시마물 이나 생수
1	비엔나소세지 260g
1	세발나물 약 80g
1	튜브연겨자
1	참치액 간장으로 대체가능
1	생강즙 없으면 패스
1	데코용 오레오쿠키
1	배추김치 4~5잎
1	레드와인or 화이트와인 부르고뉴산
1	샌드해서
1	흰자 특란 3개분
1	샌드용 크림 이나 잼
1	감자 130g
1	영양부추 선택
1	편의점핫도그
1	찹쌀가루 방앗간에서 빻은 습식
1	미니타르트지
1	피칸다진것
1	통깨 다진땅콩
1	게맛살크래미
1	쇠고기다시다 스틱1봉지
1	티아시아 커리분말 4인분
1	브로콜리 2-3가지
1	맵지 않은 고추
1	신김치 3~4가닥
1	쇠고기다진것
1	자연산송이
1	청양고추홍색
1	청양고추청색
1	마른표고우린물
1	집간장 이나 소금
1	꼭지 뗀 딸기
1	굵은 소금 딸기 세척용
1	바게트 자른것
1	파란 상추
1	양배추 익힌것
1	간장 + 굴소스
1	럼주 생략 가능
1	연두부 큰거
1	가는 고추가루
1	밑반찬 어묵채볶음 1가지
1	굵게썬 대파
1	치킨브러스닭육수
1	물녹말 필요
1	물 3사발
1	봄동 8잎
1	바닐라향 가루
1	쿠킹종이
1	붓
1	토핑용단호박
1	고추장 생략 가능
1	다진생강 생략 가능
1	매실액기스 생략 가능
1	잔파 파란부분
1	물 6+
1	닭봉 닭날개
1	깻순 데코용
1	레몬 데코용
1	와인식초 식초 대체 가능
1	청경채 양껏
1	꽈리고추 약 30개
1	팽이버섯 200g
1	소금 추가간할때 사용
1	간장 아기간장
1	숙주 라면용기 2그릇
1	통깨양념
1	상추 좋아하는야채ok
1	미나리 잘게 썬
1	MSG 2큰술
1	식용유 돈까스가 잠길
1	썰어놓은 양파
1	썰어놓은 대파
1	돼지고기 목심 다짐육
1	인스턴트 커피파우더
1	어묵오뎅
1	삶은계란 원하는
1	돼지고기 김치양
1	당든
1	집된장 시판된장
1	배효소 물엿
1	홍고추 소량
1	다시마분말
1	시원한 맥주
1	딸기 1국그릇
1	목살 약300g
1	양송이大
1	부추 토핑용
1	채썬애호박
1	장조림 캔
1	김가루 조미김
1	불린표고
1	토마토소스 크케
1	강황가루카레가루
1	모자렐라 치즈
1	땅콩 or견과류
1	청양고춧가루 or캡사이신
1	닭다리살 이나 닭가슴살
1	남방소스
1	삶은계란 체에걸러서준비
1	고추장 소복하게
1	오이 20cm
1	대파 흰줄기 다진 것
1	조미 도시락김
1	간장소금
1	무가당 생크림우유
1	밀크커버춰초콜릿
1	어묵 5장
1	햄 길게
1	식빵 믹스 376g
1	곱게다진 마늘
1	비엔나소시지 120g
1	다크커버춰초콜렛
1	백설건강을생각한요리유
1	시판불고기양념소스
1	프렌치브레드
1	바나나 300g
1	박력분 쌀가루
1	스쿱
1	불린 당면 선택
1	계란 중간사이즈
1	국물용 손질 멸치
1	쪽파 500원 동전크기
1	돼지고기 종류 상관×
1	통깨간 것
1	닭가슴살 큰 걸로 2덩이
1	양파 큰 걸로 1/3개
1	시판용멸치육수
1	마늘쫑 대략20줄이상 1묶음
1	마쉬멜로우 or말랑카우
1	초코쨈
1	부침용 두부 한모
1	우리고 남은 건표고버섯
1	건표고버섯 우린물 반컵
1	파프리카 노랑 빨강
1	히말라야핑크 소금
1	라임즙 or레몬즙
1	참치캔 90g
1	우동면 200g
1	꼬치막대 작은사이즈
1	찍어먹을 꿀
1	찍어먹을 연유
1	신초분
1	청홍 청양고추
1	부추 한움큼
1	생골뱅이살
1	알타리김칫국물
1	판 어묵 200g
1	물 상황에따라
1	참치맛장
1	오색 소면
1	민트오일
1	애호박 2cm두께
1	구운감자과자
1	젤리 토핑은선택가능
1	찹쌀가루 방앗간용
1	대파 4뼘
1	돼지고기앞다리살 한근
1	통 마늘 15~20개
1	국간장 1/4머그컵
1	진간장 1/4머그컵
1	닭가슴살 370g
1	육수 닭가슴살삶은육수
1	다진생강 완두콩알
1	생략가능 소량
1	달걀용 소금
1	매운 감자칩
1	맨밥
1	계란풀어서
1	야채 새싹채소
1	양배추등
1	실곤약 200g
1	​맛간장
1	파스타 국물
1	설탕 4Kg
1	흙설탕 1Kg
1	생강 슬라이스한것
1	초콜릿펜 생략가능
1	데친 바지락살
1	레몬즙 선택사항
1	손질 닭
1	밥 한공기
1	스팸 한캔
1	쑥갓 소량
1	치즈가루 생략
1	푸른채소
1	불린당면 100g
1	호박분말
1	녹차분말
1	백련초분말
1	고향 만두
1	파프리카 소량
1	봄동 큰사이즈
1	메운고추
1	삶은 밤고구마 550g
1	모짜렐라치즈 1봉지
1	밀가루 박력분이 없어서 전 중력분으로
1	밥통에 바를 버터
1	핑크 솔트
1	골뱅이 캔
1	골뱅이 캔 육수
1	저염 명란 큰 사이즈
1	시중에파는만두피
1	베이컨 110g
1	로메인 쌈채소 대체가능
1	발사믹 식초 샐러드 드레싱 대체가능
1	올리브 오일 샐러드 드레싱 대체가능
1	통조림햄 200
1	시판 바비큐 소스
1	새우 다져놓기
1	감자 작은 감자 기준 1개
1	우유 작은 팩 우유
1	연두부 작은 연두부 팩 기준 약 1/3
1	뉴케어 연하퍼펙트 푸디 1포
1	꽃게 다리
1	식초 취향껏
1	반건시 곶감
1	꿀 기호에 맞게
1	시럽 기호에맞게
1	설탕 캐러멜 용
1	설탕 푸딩 용
1	바닐라 에센스 2~3방울
1	갈릭파우다
1	쌀뜨물 고등어비린내제거용 1대접
1	쌀뜨물 조림용
1	프링글스
1	토마토소스홀페이스트
1	머스터드소스케첩
1	딸기잼 다른종류도가능
1	HACCP인증 비엔나소시지
1	HACCP인증 사각어묵
1	HACCP인증 맛술
1	HACCP인증 요리당
1	HACCP인증 진간장
1	물 200+
1	반죽용 버터
1	드라이인스턴트 이스트
1	경기미참드림
1	동충하초
1	찐옥수수알
1	m&m
1	초코링
1	포도씨유 부칠때
1	쏭쏭썬김치
1	해바라기씨초코
1	다시마 7장
1	가쓰오부시 한공기
1	상추 어른 손바닥 보다 큰
1	자른 부추 4~5cm길이
1	꿀 생략 가능
1	굴소스 없는 경우 춘장
1	생 오징어 큰것
1	파가루
1	맛술미온
1	건곤드레 한줌
1	물 가지 전자렌지에 돌릴때 넣을
1	냉국물로 부어줄 생수
1	대파초록색부분
1	부침가루 160ml
1	멸치다시육수 800ml
1	밀떡 아무떡가능
1	제누아즈 슬라이스 18cm
1	햄등
1	탈리아텔레
1	크래미 7cm
1	물 오이절임용
1	식초 오이절임용
1	설탕 오이절임용
1	배추 김치 1/4포기
1	앙파 큰것
1	부들 어묵
1	스미후루 로즈바나나
1	ABC 초코
1	삼치 中
1	조림멸치
1	곱슬콩나물
1	올리고당 작은
1	통마늘 원하는
1	국수중면
1	녹인 바닐라 아이스크림
1	칵테일새우 자유롭게준비해주세요 ~.
1	계란 노른자 57g
1	밀가루 8g
1	맛소금 콩나물양에 따라 조절가능
1	설탕 90g
1	진간장 180g
1	맛술 180g
1	갈아만든배 240g
1	제주 은갈치 중간사이즈 3토막 300g
1	청양고추 풋고추
1	천일염 배추절임용
1	통단무지 200g
1	채썬큰무
1	다시육수 다시마
1	홈메이드 사워크림
1	소고기 카레용
1	카레 고형
1	콩나물 데친것 1대접
1	어묵 볶은것 1대접
1	당근 채친것
1	누텔라나 초코잼
1	화이트코팅 초콜릿
1	단호박 중사이즈
1	팟타이면라이스 스틱
1	스리랏차 핫소스
1	참치 크게
1	얼음 컵
1	딸기쿠키크런치
1	동결건조딸기칩
1	긴 가래떡
1	꼬지 중간크기
1	삼겹살 분량추가가능
1	신김치 2/3밥그릇
1	빅비엔나소세지
1	양송이버섯소
1	베이컨 1봉
1	쑥갓 잎
1	양파 1밥그릇
1	민트 에센스 3방울
1	파란색 식용색소 1-2방울
1	초록색 식용색소 1-2방울
1	후랑크햄
1	닭大
1	달걀 1개
1	진주햄 드라이에이징베이컨
1	녹말물 녹말가루 1큰술+물
1	후추 두부1장당
1	B.p
1	팽이버섯 대략
1	느타리버섯 대략
1	물 육수 2000ml 5머그컵
1	액젓 or소금
1	목살 1/2덩어리
1	치즈 데코하다 남은
1	노란색 식용색소 3방울
1	살뜨물
1	대파 썰어 놓은 것
1	옥수수캔소
1	수라이스 치즈
1	큰 비엔나 소세지
1	당근 35g
1	일반 양조간장
1	솔잎엑기스 매실청으로 대체 가능
1	돼지고기A지방 선택
1	삶은 고구마중
1	녹색피망
1	거품기수동
1	오이고추 8개
1	매실청 or올리고당
1	중간크기 딸기
1	오리고기 100g -
1	복숭아음료 2%부족할때 1병
1	젖은 빵가루
1	버터 2Tsp
1	치즈 잘게 잘린
1	델리 햄 잘게 잘라서
1	소금 커피수저
1	베이킹파우더 커피수저
1	바닐라 에센스 커피수저
1	장식용코팅용다크초코렛
1	맛소금 톡
1	소시지 부대찌개용
1	장식용 호두
1	쌀 쌀컵 기준
1	김장 배추 1/4등분
1	상온의 버터 1컵 2스틱
1	백설탕 단거좋아하면1/2컵추가
1	상온의 생크림헤비크림
1	상온의 달걀
1	캬라멜 선택
1	즉석밥 작
1	묵은지 2/3대접
1	초콜릿도 원하는
1	캔참치 ﻿
1	양파 ﻿
1	올리고당 물 : 올리고당 = 1: 2
1	된장 재래된장
1	코팅용다크초콜릿
1	깻잎 취향껏
1	떡볶이 떡 선택
1	스팸한통
1	물 700CC
1	토종유정란
1	고기만두호빵
1	사태살
1	올리고당 큰바퀴 5바퀴
1	배 배즙 3큰술
1	견과류 3큰술
1	총각무 달랑무
1	머리 손질한 멸치
1	시판용 카스테라 케익용시트를 잘라서 사용
1	크림치즈마스카포네치즈
1	설탕 생크림양의 10%
1	해바라기유 or키놀라유
1	소금 해동용 25g
1	버터헤드레터스
1	가쓰오부시 취향껏 약간
1	깻잎채
1	굴은 고춧가루
1	볶은땅콩 180g
1	파래 밥한공기
1	열무 김치 있으면
1	파프리카 빨강 노랑 주황
1	바지락 2국그릇
1	집고추장 소복히
1	달래 65g
1	오이 작은거
1	말린허브
1	문어다리
1	어슷썬 초록부분 대파
1	유부 초밥세트
1	호두 크게
1	빵에 발라 줄 버터
1	저당굴소스
1	소고기갈은것
1	김치 반포기
1	동결건조베리
1	덧가루로 쓰일 강력분
1	반죽 표면에 발라줄 달걀물
1	해물모듬
1	쇠고기치마살
1	노랑피망소
1	빨강피망소
1	생연어 구이용
1	고수 잎 생략 가능
1	설탕 꿀 1.5T로 대체
1	피시 소스 멸치액젓
1	호떡 믹스 가루
1	설탕 선택
1	채썬 햄
1	황설탕 1/3컵
1	올리고당 2T
1	박력분 150g
1	초코칩 2/3컵
1	감자 대 약250그람
1	쟌슨빌 소세지
1	햄 작은
1	양배추 약100g
1	히말라야 핑크 소금
1	파프리카 색깔별로준비
1	페퍼론치노 or청양고추1개
1	멸치액젓피쉬소스
1	고구마 생략가능
1	손질된 칵테일 생새우 20마리
1	소금 밥수저 반
1	냉동 만
1	수육용 티백
1	마늘소스카놀라유
1	숙주 먹을
1	통조림 과일
1	단무지 김밥용 단무지
1	무 중사이즈
1	물 국그릇 기준
1	요거트우유
1	대패삼겹살 2국그릇
1	옥수수 식빵
1	생크림 우유가능
1	커스타드 크림
1	액젓 1/3소주잔
1	다진 마늘 1/3소주잔
1	식초 1/3소주잔
1	스파게티 100원 동전크기
1	배추잎 썰은것
1	부침가루 밀가루 듬뿍
1	메추리알 1kg
1	볶음고추장
1	알배추 1통
1	바게트롤
1	슬라이스치즈 생략가능
1	깻잎 1뭉치
1	시나몬계피가루
1	파프리카 두가지 색 반반
1	새싹나물 크게
1	간장장
1	게맛살 이나 크래미
1	쫑쫑썬 김치
1	참치캔 1/2작은캔
1	파프리카홍
1	참기름 기호
1	들기름 크게
1	애기 새송이버섯
1	반건 가자미
1	청고추 큰 건 1개
1	홍고추 큰 건 1개
1	​떡볶이떡
1	매운 리챔
1	카레 여왕
1	고기 느타리버섯
1	상추 2묶음
1	양파 어묵부피와비슷하게
1	대파 어묵부피와비슷하게
1	당근 어묵부피의
1	미역불린거
1	미원 선택사항
1	팬케익믹스
1	CJ제일제당행복한콩국산콩두부
1	스팸클래식
1	김 소량
1	감자 개당50g
1	고추장 듬북
1	참기름 요리후첨
1	통깨 요리후첨
1	소금 삼겹구이용
1	후추 톡톡 삼겹구이용
1	대왕 유부피 롤유부
1	허브솔트 고운소금
1	레몬 껍질 노란 부분만
1	오뎅사
1	감자 작은것 큰것2개
1	새우 먹고싶은
1	넣고싶은채소
1	넛멕 옵션
1	콩나물 넘치게
1	어린새송이버섯
1	다진홍파프리카
1	훈제오리 슬라이스 400g
1	디포리 or국멸치
1	천연조미료 새우
1	다크 초코펜
1	화이트 초코펜
1	쌈배추 크게
1	세라믹밧드
1	스텐밀폐용기
1	쪽파와통깨
1	한우 등심
1	고기 밑간용 굵은 소금
1	통 후춧가루
1	액상알룰로스
1	산적꽂이
1	블루베리 10~15알
1	콩나물 190g
1	한줌견과류
1	다진 통깨
1	채선 양파
1	묵 곤약
1	염장 톳
1	닭 750g
1	냉동딸기 2밥그릇
1	우유 큰거
1	딸기요플래 큰 거
1	새우 껍질깐
1	타코 드라이쉘
1	타코 시즈닝
1	펜네 파스타
1	식용유버터
1	계란 빵 반죽
1	집밥
1	당근 얇은 쪽
1	후르츠사탕
1	마늘 저민거
1	케찹 1바퀴
1	양파 3개
1	시판 카레가루
1	무 중
1	대파 국물용
1	대파 어슷 썬
1	레몬즙 레몬제스트 2g
1	국거리
1	검정
1	화이트초코펜 생략가능
1	참기름+들기름
1	대파등
1	소금 1/3술
1	후추톡
1	녹색 파프리카
1	양상추 1그릇
1	통깨 1바퀴
1	마늘쫑 작은묶음 1묶음
1	청량고추 원하는
1	부들어묵
1	백설초코케익믹스
1	더블크림
1	백설갈색설탕
1	장식용딸기
1	올리고당 1/3~
1	물 꽁치캔 기준
1	무염청국장
1	양념 소불고기
1	호주산 양지 덩어리
1	소면 500동전
1	루꼴라 페스토
1	느타리버섯 1그릇
1	중하 생새우
1	쌀 떡 1인분
1	울방개묵가루
1	전분가루 생략가능
1	3등분한 김
1	코코넛 오일 액체상태
1	특란 달걀
1	반건조 무화과
1	고춧가루 고운것
1	올리브유 1판당
1	튀김가루 1컵
1	소금 부침튀김가루를 사용 할 경우 생략
1	목살 생략가능
1	진간장 100CC
1	닭안심닭가슴살
1	건표고와다시마 불린 물
1	실파 10가닥
1	코팅용 초코펜
1	데코용 스프링클
1	레이디 핑거 쿠키
1	골드 커버춰 초콜릿
1	다양한 초코펜
1	설탕 선택사항
1	다진 마늘쫑 장아찌
1	홍합 1팩
1	가리비 1팩
1	버터 크게뜸
1	다진양파 중간사이즈
1	양배추 30g
1	코코아파우더 반죽용
1	코코아파우더 토핑용
1	온도계
1	빵틀
1	밀가루부침가루
1	쏭쏭 썬 대파
1	천연 버터
1	당면 1묶음
1	토스트빵
1	토메토케찹
1	견과류아몬드
1	양배추 외 다른채소
1	엄마표해물후레이크
1	건무
1	분홍 식용 색소
1	요거트 가루
1	통 후추가루
1	쯔유일본식간장
1	보크라이스
1	오뎅 한봉지
1	케찹 기호에맞게
1	햄 큰통
1	고춧가루 농도 맞춤용
1	카레가루 소복히
1	견과류 마카다미아
1	실리콘큐브
1	해감한 바지락 한 팩
1	백 목이버섯
1	페페론치노건고추
1	냉동치킨 큰것
1	다진마늘 그리고 편 마늘 한줌
1	그라파다노 치즈분말
1	엑스트라버진 올리브 오일 넉넉히
1	면수 1+
1	부추 엄지랑 중지를 동그랗게 모아서 1묶음
1	오이절임 소금
1	스팸 조금 더 작은 스팸을 사용해도 괜찮
1	떡볶이떡 가래떡
1	참기름 마무리용
1	바닐라오일 6방울
1	사골육수 시판용
1	표고버섯 건표고버섯 한주먹
1	순살 어묵 납작어묵
1	멸치 다시
1	건보리 새우
1	소면 500원 크기 2개
1	청양고추 잘게 썬
1	통깨 가득
1	분홍색 식용색소
1	초록색 식용색소
1	냉면육수에 신김치 국물
1	계란 소금 약간
1	계란대
1	국수 1묶음
1	단호박 수프
1	면삶을 소금
1	통깨 고추장
1	브로컬리줄기
1	아마씨가루 선택가능
1	냉동만두 종류무관
1	면 우동.스파게티.칼국수등
1	달걀 1비율
1	우유 1비율
1	식용유 작은거
1	홈버터
1	바닐라파우더
1	굴 2인기준
1	물 이나 다시육수
1	참치작은거
1	쪽파 먹고싶은
1	파란색 식용색소
1	이탈리안 버터크림
1	매일우유 원컵
1	말린 편생강
1	소금 반스푼
1	쌈배추 1잎
1	마른잔새우
1	실파 or쪽파
1	다짐 소고기
1	다짐 돼지고기
1	국끓이기용 멸치
1	취나물 두손가득
1	무 채썬 것 1대접
1	버터 1/3스틱
1	케쳡 양껏
1	무가염 버터
1	화이트와인 맥주로대체
1	페투치니파스타면
1	해감할 소금
1	부추 가볍게
1	고춧가루 기호
1	통닭 11호 한마리
1	마늘 약
1	버터 숟가락 1스푼
1	올리브오일 2바퀴
1	파스타면페투치니
1	캡사이신 생략가능
1	중간크기 고등어
1	멸치 다시마팩
1	피망초록
1	산야초효소
1	새우 중새우
1	코코넛 롱
1	숙주나물 데친것 1대접 안데친것은 1+1/2 1대접
1	갈치 +@
1	무 냄비에 깔릴
1	오징어小 손질 후 410g
1	찐밤
1	스테이크
1	검정깨 생략가능
1	오징어살
1	홍 후추
1	딸기 에센스 5방울
1	액젓 게세마리 멸치액젓
1	양푼냄비
1	하늘색 식용색소
1	앙글레즈 버터 크림
1	바닐라빈 페이스트
1	숙주 1~2인분 250g
1	어묵 사각 어묵 3장
1	쪽파 1T
1	여러채소
1	파슬리찹
1	들기름 양념시
1	들기름 두부위에
1	청양고추 생략가능 매운고추
1	양조간장 넉넉하게
1	갑오징어 사이즈가 작다
1	데침용 소금
1	오렌지 과육
1	오이초절임 방송에선 단무지사용
1	식용유 돼지고기등심
1	기름 2바퀴
1	샐러드 기름
1	통깨 or통들깨
1	파 or청양고추 1개
1	생크림 우유 대체 가능
1	차돌박이 한줌
1	하림 닭다리살 300g
1	훈제 오리고기 슬라이스
1	떡 구멍뚫린떡
1	매운고추 원하는
1	사탕수수 원당
1	흑미 쌀가루
1	진미채 오장어채
1	국물용다시마
1	아기간장 아기 입맛에 따라 다름
1	아기소금 아기 입맛에 따라 다름
1	황치즈 분말
1	알배추 7잎
1	소시지 120g
1	조개 관자
1	오뎅3장
1	통깨 가루
1	스팸 125g
1	쌀 335g
1	주물냄비
1	진간장 왠만하면 집간장 추천
1	갈치 4등분
1	닭가슴살 110g
1	그린스위트
1	꽈리고추 150g
1	고구마전분 2/3국그릇
1	마늘 작은술
1	돼지고기채
1	바닐라향가루
1	대파 흰부분​
1	다진표고버섯
1	묵은지 다진것
1	어린이간장
1	영양부추 대략 75g
1	파 채썸
1	미림 1소주잔
1	미소 된장 2.5소주잔
1	핵불닭떡볶이
1	나박썰어둔무
1	생강 없으면안넣어도됨
1	통조림햄 100g
1	범일 쌈장
1	우유 or생수
1	멸치 내장제거
1	차돌박이 대체불고기용
1	다시마 6센티
1	고운소금 소량
1	달걀 1~
1	갈색 식용색소 소량
1	원두가루 소량
1	커피 리큐르
1	커피빈초콜릿
1	닭고기 허벅지살닭다리
1	레드와인 2/3병
1	밀가루 +1T
1	버터마가린
1	믹스허브가루
1	매실엑기스 생략 가능
1	살치살 스테이크용
1	김가루 깻잎양과 비슷한 양 소량
1	고춧가루 4큰술
1	도토리묵 550g
1	상추 50g
1	모닝빵 원하는
1	송송 썰은 김치
1	페투치
1	당면 100원 사이즈
1	숙주 약 270g
1	잘익은김치 베이컨과동량
1	불고기거리
1	오징어짬뽕 라면 분말 스프
1	오징어짬뽕 라면 건더기 스프
1	고명용 대파
1	소고기업진살 5점
1	와사비 취향
1	무 얇게 빚어 1대접
1	봄동 2뿌리
1	인절미 떡
1	볶음 콩가루
1	바나나 얼린것
1	멜론 얼린것
1	연유 or꿀
1	파슬리가루 고명
1	감자전분녹말가루
1	강황가루카레분말
1	반죽 만든것
1	돼지호박 쥬키니호박
1	파마산치즈가루 소신껏
1	찹쌀가루 건식
1	순두부 330g
1	쫄면 100g
1	모듬나물
1	스팸류 햄
1	멸치액적
1	황 치즈 분말
1	귀리가루밀가루
1	찍어먹는 소스 진간장
1	오징어 진미 채
1	야채 볶은것
1	크림소스 2인분 1/2병
1	떡 일반밀떡
1	청양고추 큰것 작은거 4개
1	물 ​ 1/
1	닭순살
1	초코 시리얼 2국그릇
1	고구마 삶거나 구운
1	납작만두
1	은갈치
1	링귀니 파스타 면
1	참치캔중
1	멸치육수 3~4인분
1	or쪽파
1	소금 오이 절임용
1	새우젓 싱거울 때
1	술 15ml
1	물 30ml
1	간장 5ml
1	황설탕 5ml 작은술
1	보리새우 1대접
1	팬케이크 가루
1	햄 피망과동량
1	허브솔트 3번
1	무 나박썰기로 해서
1	홍게간장 or국간장
1	냉동 해물믹스 한줌
1	피자치즈 한줌
1	실파3줄
1	빨강파프리카 1/4개
1	쪽파 대파 많이
1	하얀 만송이버섯
1	굴소스 백설 남해 굴소스 사용
1	라면 스프건더기 포함
1	시판 짜장소스 분말
1	마늘 취향껏조절
1	찹쌀가루 시판용
1	냉동만두 작은것
1	얼그레이 분말
1	김가루 먹고싶은
1	파마산 가루
1	쌀식빵
1	폰타나투움바그릴드머쉬룸소스
1	닭가슴살 2개
1	작은 양배추 절단 양배추
1	옥수수콘 170g
1	계란 반죽용
1	계란 12개머핀틀
1	코팅용 다크초콜릿
1	오렌지 색소
1	오렌지잼 이나 오렌지 마말레이드
1	로스트용 닭 영계 작은 것 500g
1	쥐포 손바닥크기
1	코팅용 딸기 초콜릿
1	건조과일
1	딸기 쿠키크런치
1	고추가루 취향껏
1	검은깨통깨
1	죽봉어묵 5개
1	절단 낙지 일반 낙지 약3-4마리
1	감자 조림용
1	멸치액젓 or다른액젓
1	미향소주
1	울금 가루
1	탄산수 1/2병
1	키위 간것
1	통마늘 다진것
1	토핑용 통아몬드
1	스팸 5슬라이스
1	고춧가루 일반+매운
1	마른잔멸치
1	스팸 베이컨 소시지 대체
1	냉동새우 생략가능
1	치킨스톡 큐브 액상
1	멸치육수 무가잠길
1	달래 60g
1	냉동 감자튀김 250g
1	바닐라익스트랙 3-4방울
1	슈가파우더 or설탕
1	블랙사파이어
1	무 7cm 1덩어리
1	오뚜기 카레 매운맛
1	당면 취향것
1	통 팥
1	달걀대란
1	달걀 흰자_바르는 용
1	설탕 _코팅용
1	양파 주먹만한 크기
1	숙주나물 가득
1	딸기 작은거
1	숭어
1	코코넛칩
1	각 카레
1	사과 큰 것
1	표고버섯기둥 선택
1	김자반 35g
1	베이컨등속재료
1	말린 느타리
1	오이 슬라이스 100g
1	통 밀
1	매실청 큰술
1	소면 3묶음
1	과일청
1	일반 사각치즈
1	다진마늘 통마늘3쪽
1	돼지고기 다진거
1	시판쯔유
1	3분짜장 1팩
1	들깻순 데친것
1	칠리페퍼 소스
1	물만두 고기만두 물만두일때
1	밀가루 1/2국그릇
1	제빵개량제 선택
1	로즈마리허브
1	골뱅이 통조림 1캔 400g
1	한우 소고기불고기
1	시판용 스윗트 칠리소스
1	마늘버터 스프레드
1	양송이버섯 226g 8oz
1	양파 1개소
1	시금치 테니스공크기
1	부피 삶아서 꽉 짠 것
1	소고기 돼지가능
1	배추 1대접
1	버섯 선택
1	로즈마리 2잎
1	사기대접
1	닭날개닭봉
1	녹인버터마가린
1	피자치즈 선택
1	탈각 새우
1	설탕 원당
1	꼰낄리에 파스타면
1	새송이버섯 느타리버섯도 좋아요
1	다진 맛살
1	다진 느타리버섯
1	애호박 큰것
1	닭가슴살 큰것
1	아몬드 프랄리네
1	커스터드 크림
1	데친 배추잎
1	소고기 구이부위
1	우스타소스스테이크 소스
1	무 2컵
1	생강술 없으면 맛술 2큰술
1	계란 3구
1	상추 믹싱볼 1가득
1	단호박 600g
1	물기 짠 단무지 다져서
1	우엉 300g
1	양배추 가볍게
1	콩나물데친 물
1	계란후라이 인원수대로
1	시금치 데친 시금치 250g
1	부추 손에 꽉차게
1	건새우 크게
1	설탕 20ml
1	매실액 선택
1	크래미 4개
1	피망 4개
1	퍼프리카 빨강
1	고등어 190g
1	치마살
1	달고나
1	대패 소고기
1	모짜렐라치즈 블록과 잘게 썰린것
1	시판하는 토마토소스
1	오징어 잘게 썬
1	오이 잘게 썬
1	피망 잘게 썬
1	실란트로 잘게 썬
1	토마토 주스
1	샐러리 잘게 썬
1	다진 잔파
1	대패 삼겹살 가볍게
1	콜비잭 치즈
1	짜투리채소 잘게 썬 소량
1	물 5컵
1	다진쇠고기갈빗살
1	고급게맛살크래미
1	양파 2겹
1	볶음 기름
1	중 닭
1	건다시마 불린것
1	라면 아무거나
1	브로콜리 새싹
1	볶음 멸치 1/2사발
1	나박하게 썰은 무
1	미역줄기 시중에서 판매되는 한팩
1	베이킹용 커버춰 다크초콜릿
1	토핑용 호두 반태
1	피자치즈 기호에따라서
1	옥수수 캔옥수수
1	피자소스 넉넉히
1	사과잼 크게
1	얇게 저민 목살
1	버터 고구마에 다 묻을 양이면 됩니다.
1	소금 생략 가능
1	​양상추
1	배추 해당량
1	물 +약간더
1	나무손잡이도마
1	칼국수면 짜왕면대체가능
1	해물오징어
1	쪽파 or다진파
1	포도씨유 냄비에 따라
1	샐러드 등 곁들임 재료
1	데치기 물
1	느타리버섯大
1	생 오징어小
1	두부반모
1	돼지고기 다짐육 앞다리살
1	물 1컵+
1	대파 3마디
1	무 1마디
1	보리새우1봉지
1	다향훈제오리
1	연어횟감
1	뿌리 파
1	미역 작게
1	물 미지근한 것
1	적황 파프리카
1	편마늘 토핑
1	어린잎 토핑
1	닭고기 밑간용 청주
1	《다용도무침장》
1	떡볶이 떡 150g
1	양배추 작은것
1	참치작은것
1	물 당면줄이기양념물
1	계란 흰자 70g
1	곱게 갈아준 깨 크게
1	저지방체다치즈
1	볶은 견과류 호
1	곡물 볶은렌틸콩
1	볶은귀리
1	볶은현미
1	떡꿀떡
1	병아리콩 밥
1	떡국떡 1/2그릇
1	물 종이컵 3컵
1	크런베리
1	고등어 크기 작음
1	배추크게
1	제과용 롤드 오트밀
1	돼지목살 스테이크
1	닭안심닭다리살
1	브로콜리 1/2개
1	양파 중간크기 1/2개
1	치킨스톡 육수
1	버터 1큰술
1	양송이버섯 먹을
1	소고기앞다리살
1	탄산수 250ml
1	생수 200ml
1	갖가지채소 당근
1	오이등
1	빵가루 듬뿍
1	슬라이스 단호박
1	퀵 오트밀
1	취나물 크게 2줌
1	당근 작은 것 63g
1	옥수수 통조림 캔
1	물 고등어가 잠길랑말랑
1	맛술 1병
1	진간장 0.5병
1	소고기 양지 국거리용
1	가자미살
1	인스턴트 이스트 3/4oz 22g
1	garlic powder
1	시금치 1소쿠리
1	치킨너겟 11개 이상
1	다듬은 콩나물
1	국간장나머지 간
1	비엔나소세지 작은봉지
1	무 절인 물
1	무 400~500g
1	요리집개
1	물 1/2컵
1	시판용 스테이크 소스
1	대추야자
1	지리멸치 100g
1	열무새순
1	다진양파 선택
1	파프리카 레드 엘로우
1	콜비잭 치즈 생략가능
1	단호박 미니단호박 2개로 약 600~650
1	슬라이스아몬드and건포도 선택재료
1	핫도그소세지 340g
1	양파 초대 400g
1	양배추 소 400g
1	후추 선택 취향것
1	순살 치킨
1	양념치킨소스
1	식용유 3큰술
1	양송이 등
1	곰표조림볶음맛간장
1	무 0.5센티
1	전분 이나 튀김가루
1	머스타드 소량
1	​소고기 불고기용
1	표고버섯 불린거
1	마른 감자전분
1	천일염 눈꼽
1	감자전분 물
1	가쯔오크리빌크리미
1	롤인 버터롤인 마가린
1	냉이 50g
1	당면 20인분
1	찬생수
1	순두부초당
1	양념간장 생략가능
1	다진 홍청양고추
1	편마늘4쪽과 베이컨
1	치킨스톡육수
1	로제파스타소스 300g
1	식빵 끝부분
1	토마토중
1	다진고추 생략가능
1	마늘쫑 약 160g 1묶음
1	부침용두부 300g
1	모차렐라치즈 원하는
1	참치캔으로 물
1	비엔나 + 일반햄
1	사리곰탕스프
1	랍스터살
1	가래떡 9cm
1	에어후라이어
1	홈런볼과자
1	미니콘과자
1	딸기코팅 초콜릿
1	망고쿠키크런치
1	레인보우 데코
1	레드볼
1	장식용 우유 소량
1	구운 곱창김
1	샤브샤브
1	참기름 취향껏 조절
1	디포리 코인육수 ​
1	고춧기름 3바퀴
1	대구 or동태
1	대구알
1	실온 달걀노른자
1	땅콩 다진 거
1	한생원 천연버섯육수팩
1	김치 1/3국그릇
1	어묵 모둠
1	피타 브래드
1	버섯 양파 반개 양
1	당근 색 내기용
1	물에 불린 미역
1	감자 2알
1	모짜렐라 치즈 200g
1	피자커터기
1	야채토마토소스
1	표고버섯 느타리버섯 팽이버섯 등
1	한우 불고기용 소고기
1	스위트랠리쉬
1	참 크래커
1	딸기잼 원하는
1	골뱅이캔국물
1	생새우 15마리
1	케찹 종이컵1/2컵
1	전분 1/2종이컵
1	간장 두반장 대체 재료
1	바라깻잎
1	신김치 썰어서
1	소고기등심 다짐육
1	일본 고형 카레 파우더
1	버섯 과 채소
1	치킨스톡 1스쿱
1	굴소스 1스쿱
1	큐민 씨드
1	가람마살라
1	밥 310g
1	시금치 대략1/2단
1	달걀노른자 있으면
1	썰은 쪽파 있으면
1	소면 140g
1	건표고버섯 불린것
1	테이프
1	우삽겹
1	양배추 껍질
1	야끼소바면
1	파슬리 양껏
1	파르메산 치즈 양껏
1	원당 사탕수수원당
1	건고추나 페페론치노
1	버섯 목이버섯 10g
1	가당 휘핑크림 가당 식물성 생크림
1	바닐라 익스트랙 옵션
1	갈치 240g
1	어린열무 가득
1	묵은지반쪽 1/2등분
1	블랙 초코펜
1	핑크 초코펜
1	황설탕 속재료=
1	데리야끼끼소스
1	적 고추
1	한우 불고기 1접시
1	﻿﻿돌미나리
1	초고추장 or볶음고추장
1	연 겨자
1	조미안된 김
1	닭다리 1팩
1	차돌박이 듬뿍
1	달걀 말이
1	땡초 생략가능
1	손질 아욱 약 100g
1	참치캔 59g
1	스탠사각쟁
1	닭육수 치킨스톡 고형 1개
1	만능 맛간장 진간장 대체 가능
1	비엔나소세지 조금 큰
1	무 350g
1	생강청 건더기
1	감자 4개 중
1	고추 기호에맞게
1	사각스텐트레이
1	플레인 식빵 믹스
1	녹인 버터 소량
1	말차파우더
1	HACCP인증 찰순대
1	HACCP인증 델리 햄
1	HACCP인증 밀가루
1	HACCP인증 모짜렐라치즈
1	HACCP인증 베이컨
1	바나나 작은거 대략100~120g
1	무염버터 식용유로대체가능
1	물 밥이 잠길
1	베이킹용쌀가루
1	토핑용생블루베리
1	올리브유 1T
1	설탕 1T
1	감자 450g
1	파김치 1국그릇
1	버터 손가락 1/2마디
1	목살 600~700g
1	카놀라유 식용유ok
1	소고기 채끝 등심스테이크용
1	통조림 골뱅이국물
1	호박 중간크기
1	새우젓 국물없이
1	요리당물엿
1	새송이버섯대
1	먹기좋게 썰은 소고기
1	바지락 육수
1	소고기 1덩어리
1	갈릭 허브솔트
1	브로콜리가루
1	단호박 잘게썬것
1	흑설탕 + 황설탕
1	생크림 이나 우유
1	우유 1잔
1	삼겹살 보쌈
1	게맛살 5개
1	꼬막 한망
1	목우촌 Real 뿌려먹는 자연치즈
1	우동면 사리
1	들기름 볶을 때
1	해동후 꼬막살
1	배추중
1	생강 마늘 크기
1	멸치지리멸
1	시금치 큰단
1	데칠 소금
1	부추 백원찌리동정크기
1	고춧가루 고춧가루
1	훈제파푸리카가루
1	올리브유 1바퀴
1	당근 2cm길이
1	생수 두부용기로
1	볶은 캐슈넛
1	소고기 볶음
1	허스소금
1	볶음용멸치
1	인삼주
1	신김치 듬뿍
1	건멸치 대
1	청포도 적포도
1	청양고추 or고추
1	구운김밥 김
1	스팸 작은 거 1통
1	편의점호빵
1	배추 작은잎 5잎
1	두부 포장두부
1	순대 200g
1	생물 백 골뱅이
1	오이 160g
1	말린 궁채
1	연두우리콩
1	통후추 선택
1	하림수비드닭가슴살
1	쿠킹오일
1	육공방 스노우 부어스트
1	레드빈
1	소면 동전크기
1	대봉홍시
1	오징어머리 부분
1	당근 4cm
1	더덕 큰것
1	육공방 드라이에이징베이컨
1	나초칩
1	라이스 밸리
1	콩나물 넉넉히
1	부침용 단단한 두부
1	식빵 옵션
1	육수 건표고
1	조각 다시마 1장
1	또띠아 20인치
1	부침가루 0.5밥그릇
1	원형무스링 1개분
1	삼색 콩 믹스
1	파이틀
1	차돌백이
1	게맛살 작은크기
1	원형 1호틀 지름 15cm 원형틀 한개분
1	마라시노 체리
1	맛소금or소금
1	피칸테 치즈
1	굴소스 선택
1	소금 감자 데칠 때
1	꽈리꼬추마늘쫑
1	한줌견과
1	콘푸로스트 시리얼
1	무우 큰거
1	선식 30g
1	해바라기씨 선택가능
1	호박씨 선택가능
1	견과류 선택가능
1	올리브오일 볶음용
1	초코칩 조절가능
1	사이다 초고추장은 시판사용 가능
1	총총 썬 대파
1	방울토마토 15개
1	쌀 2시간 이상 불린
1	굴소스 스푼
1	식용색소골덴옐로우
1	하림 닭가슴살
1	생수 간장 재울때 사용
1	빵가루 튀김표면을묻힐수있는양 많이
1	토마토케쳡
1	​분홍 소세지
1	대파 긴거
1	빨간청양고추 있으면
1	대림선야채듬뿍물만
1	순창궁 햅쌀고추장
1	새우젓 간보면서 추가
1	버섯 썰은것 종류상관없음
1	파인애플 갈은 것
1	우렁이 1그릇
1	부순오레오
1	블루베리 콩포트
1	주꾸미 4~5마리
1	청도미나리
1	마늘쫑 or꽈리고추
1	우유 200ml 2개
1	후르츠칵테일 432g
1	왕쥐포 150g
1	올리브오일 충분히
1	초간장 간장식초
1	찰흑미
1	현미찹쌀
1	찰보리 쌀
1	찰기장
1	늘보리
1	밤호박 밥
1	참치액 소량
1	김가루 소량
1	쌀 쌀전용 컵
1	만능 김치 소스
1	김 부순것
1	소금 싱거우면
1	통밀 파스타 면 푸실리 한컵
1	그외야채 선택
1	파마산가루 선택
1	고등어 큰거
1	글라스락 직사각 용기
1	오징어 1/3~
1	미니아스파라거스
1	매운참치
1	다양한버섯 느타리
1	꼬마
1	바닐라에센스 4방울
1	황설탕 2+
1	간마늘 1+
1	쵸퍼
1	버터나오일
1	우엉 400-450g
1	천연사과 식초
1	2인분 김치
1	봄동 1덩어리
1	느타리나 표고버섯
1	베트남고추 으깬
1	아몬드 으깬아몬드가루
1	칠리가루고춧가루
1	볶음 춘장
1	간장 1.5소주잔
1	물 6소주잔
1	양배추 양파분량
1	이쑤시게
1	상추밥
1	국대접
1	호두 살
1	등심소고기
1	카놀라유 고기가잠길
1	닭다리 원하는
1	갈은 흰밥
1	고추가루 청양1+일반 2
1	쑥갓 어린잎 채소
1	바닐라 오일 7~10방울
1	캐러멜 카카오닙스
1	쪽파부추
1	김치는 손이 꽉 차지 않게
1	마늘 1/4~
1	물에 불린 표고버섯
1	계란후라이 선택
1	휩크림
1	바닐라익스트랙 없어도무방 1방울
1	베이킹 1/2t
1	시나몬가루 1.5t
1	삼겹살 약300g
1	고추가루 크게
1	바지락살 30g
1	양송이버섯 새송이버섯 1/2개
1	등심스테이크
1	생 닭가슴살 3조
1	순살오징어
1	김치 잘게 썬 1그릇
1	설탕 170~200
1	닭가슴살 날것
1	익힌것상관X
1	버터 개당
1	제철 채소
1	연겨자가루
1	시판 토마토스파게티소스 300g 1/2병
1	저염 베이컨 23cm
1	자른 조각 햄
1	피망 잘게 자른
1	양파 잘게 자른
1	새싹보리 가루
1	버터맛쥐포
1	칼국수 면 2인분
1	레몬즙 2테이블스푼
1	모짜렐라치즈 기호에 맞게
1	떡국떡 개인 식성에 따라 1국그릇
1	소금 간봐가며
1	샐러리 잎
1	홈메이드 맛술생강술
1	소고기 등심 채끝 살치살 등
1	콩나물 데친물
1	슬라이스피자치즈
1	오이 선택
1	파채 1/
1	홍합 기호에맞게
1	청경채 기호에맞게
1	누룽지 기호에맞게
1	원형 2호팬 지름 18cm 1개분
1	복숭아 통조림
1	​돈까스
1	계란​
1	원두커피믹스 생략가능
1	사과 생략가능
1	파 많이
1	양상추 곁들일양
1	닭볶음탕용 1kg
1	붉은팥 소
1	딸기 가루
1	다진새우살
1	가지절임 소금
1	오렌지쨈
1	삶은참 문어
1	청양고운 고춧가루
1	베트남 고추 취향에 따라
1	고추가루 기호에맞게
1	알배추 인분에 맞춰서
1	청경채 인분에 맞춰서
1	버섯 인분에 맞춰서
1	건미역 인분에 맞춰서
1	물 인분에 맞춰서
1	코인육수 인분에 맞춰서
1	작은 무순
1	꽈리고추 450g가량 1파운드
1	편의점 감동란
1	새송이버섯 큰걸로
1	물녹말 1:1
1	대파 3cm
1	파프리카 작은것
1	자른생닭
1	설탕 작은술
1	편썬생강
1	깎은감자
1	큰 피망
1	까나리나 멸치 액젓
1	연근 200g
1	건미역 한움큼
1	치토스
1	장식용 청크초코
1	무 1개 큰사이즈로
1	다시마 5x10cm
1	찬물 1000ml
1	마 작은감자2개부피의양
1	양파 작은사이즈1개무게
1	매운고추 청양고추 등
1	박력분 2+
1	초코코팅초코렛
1	화이트코팅초코렛
1	딸기코팅초코렛
1	페퍼윈너소시지
1	계란 큰사이즈
1	캘리포니아건포도
1	후추 세번
1	생강청 다진생강
1	통삼겹살 2줄
1	자숙우렁살
1	다진파 넉넉하게
1	치킨스톡 멸치육수
1	앙금반죽
1	어린잎채소 60g
1	무우 말랭이
1	고춧가루 1.5TBSP
1	간장 1TBSP
1	다진 마늘 1.5TBSP
1	멸치 액젓 1TBSP
1	설탕 1TBSP
1	매실액 2TBSP
1	식초 1TBSP
1	생강 분말
1	명란젓 2덩어리
1	반숙란
1	단호박 얼린것 약150g
1	돼지고기 주물럭용
1	다진 돼지안심
1	차돌박이 500g
1	고춧가루 취향껏
1	다크쵸콜렛
1	간장 진간장은 1수저
1	홀그레인 머스타드소스
1	시판 닭안심 100g
1	달걀 큰 것
1	깔루아나 코앵트로
1	북어 뼈
1	토마토방울토마토
1	망고퓨레
1	딸기 기호에맞게
1	물녹말 전분1물
1	중화 고추마늘소스
1	두부마요네즈
1	물 불리기 전 무게 생략가능
1	​ 오징어
1	수비드닭가슴살
1	꼬마고구마
1	음용수 면 삶기
1	소금 면 삶기
1	국간장 간 보면서
1	청주 와인
1	꽃게 작은사이즈
1	물통조림통 1번
1	생크림 or우유
1	국수중면 500원 동전크기
1	감자전분 수북히
1	계핏가루 생략가능
1	스팸 같은양의 돼지고기로 대체가능 1통
1	조미김 잘게 썬
1	오징어 손질 후 500g
1	고추청 청양고추 대체가능
1	우리품종 경기미 참드림
1	​토마토페이스트
1	손질한 가지
1	건미역 손바닥 절반
1	방울토마도
1	가지 5개
1	월동무 제주무
1	소금 무절일때
1	마늘 편마늘
1	잡곡 밥
1	꽃소금 액젓 가능
1	미니마시멜로우
1	닭고기 닭다리살
1	먹고싶은부위
1	전분가루 4비율
1	소금 재료무게의 1/100양
1	커드맥
1	카레가
1	애호박 3센티
1	납작오뎅 4장
1	부침가루 밀가루
1	쏭쏭 썬 실파
1	청정원담백한불고기양념
1	닭고기 볶음탕용
1	찹쌀가루녹말가루
1	고구마줄기 다듬은후
1	미역말린 것 2-3인분
1	소금 개인 입맛에 맞게 간맞추기
1	가지 작은 사이즈
1	대파 소복히 30g
1	어간장까나리액젓
1	견과류 각종
1	파프리카 기호에맞게
1	신김치잎부분
1	통조림 죽순
1	다시물 1100CC
1	납작당면 500원 동전크기
1	부추 엄지와 중지가 만나게 1묶음
1	소고기 갈은거
1	야채 냉장고속
1	​ 계란
1	국물용 무
1	물다시육수
1	시판 직화 파기름 굴소스 가감
1	분말 치킨스톡
1	가지 70g
1	다시마 3x 3
1	중간크기 당근
1	양배추 큰잎 1장
1	양파 60그램
1	대파 35그램
1	우엉대
1	굴 150g
1	과일 취향껏
1	돼지고기 오돌뼈
1	고추참치 작은거
1	캔 참치小
1	콩나물 천원어치
1	우동면 농* 생*우동을 사용했어요
1	일본 된장
1	명란젓 작은것
1	자른조미김
1	굵은 쪽파 15~20가닥
1	배기류
1	손질한 도라지
1	마늘 큰 사이즈
1	까나리액젓 멸치액젓 새우젓 1작은술
1	소금 1작은술
1	소주 청주 1큰술
1	닭갈비용 닭 닭다리살
1	닭안심등
1	당면 1시간 불림
1	토마토 방울토마토 5~6알
1	쪽파 옵션
1	볶은 양파
1	무 지름 10cm
1	돼지고기 밥한공기분량
1	육회용 고기
1	달걀 후라이용
1	곱게다진 양파
1	설탕 조절가능
1	물 2-3인분
1	베이킹용 초코칩
1	건칼국수
1	김치 국물 반컵
1	감자 탁구알크기로
1	국거리소고기양지머리
1	닭고기다리살
1	두부300g
1	어묵 기호에맞게
1	국수양념장 양껏
1	찹쌀밥
1	비엔나소세지 180그램
1	소 찜 갈비
1	스팸 기호에 맞게
1	돼지고기 삼겹살or목살
1	가쯔오부시 육수 400ml
1	다진 허브
1	감자 80g
1	돼지고기 앞뒷다리살
1	계란 +소금 1꼬집
1	인스턴트 드라이 이스트 1+
1	납작한 어묵
1	고추장 1주걱
1	설탕 1주걱
1	올리고당 1주걱
1	고추 선택사항
1	떡볶이양념 파우더
1	쌈두부
1	빨강 노랑 파프리카
1	커피나티백차
1	돼지고기앞다리 불고깃감
1	배추시래기
1	무 두께 5cm
1	올방개가루
1	황백 계란지단
1	베이컨 6장
1	로즈마리 다진것
1	아기 슬라이스치즈
1	컵누들면
1	컵누들스프
1	고춧가루 소주
1	깻잎 데친것
1	계량컵과 계량스푼 기준입니다
1	포리지 오트밀
1	냉동 해물믹스
1	이금기 치킨 스톡
1	피망 작은
1	전분가루 튀김가루 포함
1	부순통깨
1	냉동 닭안심살
1	참치 1캔 90-100g
1	설탕 김치 염도에 따라 조절
1	갈은 볶은깨
1	건 카펠리니 면
1	뿌셔뿌셔
1	식용유 2~3바퀴
1	으깬 통마늘
1	시판용 크림소스
1	채썬 김
1	골뱅이 작은캔
1	달걀 왕란
1	강력분 밀가루
1	초코렛 칩
1	디핑소스용 요거트
1	코코넛설탕 or흑설탕or황설탕
1	홍고추 국간장
1	달래간장남은것
1	계란 흰자 2개분
1	덮밥접시
1	밥수저 사용
1	후추 보이진않지만
1	쪽파 + 부추
1	호두 아이스크림 1스쿱
1	생땅콩 1그릇
1	통삽겹살
1	피넛버터땅콩버터
1	황설탕갈색설탕
1	연간장
1	커버춰 화이트초콜릿
1	데코재료 스프링클 등 원하는 것 아무거나
1	녹차유
1	직사각형 팬 1/2빵팬 한개분 1개분
1	흰자 5개 분량
1	카스테라 작은 것
1	다진마늘 큰술
1	한우 채끝살
1	캐쳡
1	송송 썬 갓김치
1	멸치액젓 다른 액젓도 가능
1	다진 대파 2T
1	다진 대추
1	꿀절임 인삼
1	다진 밤
1	불고기감 고기
1	소금중간굵기
1	화이트와인맛술
1	파프리카파우더고춧가루
1	허니머스타드 홀그레인머스타드
1	절임배추 속대
1	김장용 무생채
1	호박고구마 작은거
1	파채 크게
1	설탕 깎아서
1	잘익은 김치 1kg
1	김치국물 1국자 40gx3
1	부추나 쪽파
1	김밥용김 이나 일반김
1	인스턴드라이스트
1	미역 불린것 2대접
1	양파즙 or다진마늘
1	멸치칼국수라면
1	구운 빵가루
1	은박지
1	6인치 또띠아 1인2장
1	치즈 잘게 자른
1	또띠아 1장에1/4컵
1	다진 피클랠리쉬
1	취나물 데친것
1	소금빵
1	홀그레인머타드
1	녹인무염 버터
1	한우 불고기용
1	불고기 양념장
1	버터 450g짜리 버터 눈대중으로 1/4
1	달걀 노른자 달걀이 작아서
1	밀크 초코릿
1	베이컨 225g 1/2파운드
1	달래 80g
1	딸기쨈 생략가능
1	레몬즙 3방울
1	초코데코펜
1	분홍초코데코펜
1	양송이버섯캔
1	절단낙지
1	계란노른자 1개
1	피칸호두
1	계피분말
1	갈치 대
1	칵테일생 새우
1	구이용삼치
1	다진 생강 생강가루도 가능
1	햄 1인분량
1	치즈 기호에맞게
1	포도 즙 포도 250g
1	시판 스테이크 소스
1	토막낸 무
1	고추 작은것
1	매실액꿀설탕
1	브로콜리 없어도무관 소량
1	대파흰파란부분
1	묵은지 종이컵 세컵
1	돼지고기 종이컵 한컵
1	오뎅 사각어묵
1	멸치표고육수
1	피자도우용야채
1	오징어 m사이즈
1	레모즙
1	마늘 양념은 모두 계량스푼기준
1	고춧가루 400ml
1	소금 400ml
1	청양고추 2개분
1	​그릭 요거트나 수분 제거한 요거트
1	​베이킹 소다
1	위에 뿌릴 설탕
1	15cm원형팬
1	찢은 황태
1	데코슈가우박설탕 기호에맞게
1	피망 초록
1	쌀 엿
1	청주나 럼주
1	돼지고기 탕수육용
1	당근 필수
1	피망 필수
1	오이 필수
1	천경채
1	단배추 선택
1	다진마늘 취향에 따라
1	레몬즙 1/3분량
1	물전분 물에풀어놓은 전분
1	오트밀 100ccc
1	콩나물국국물
1	블랙베리
1	노란색
1	삶은국수
1	무 500~600g
1	닭윙 약8개
1	치킨데리야끼양념
1	오꼬노미소스
1	만능양점장
1	요리볼
1	실리콘도마
1	식용유 튀김유
1	버터 2T
1	무 나박썰기
1	식용육
1	방울토마토 취향껏
1	블랙올리브 생략가능
1	숙주팽이버섯
1	묵은지 1+
1	대파큰거
1	오리엔탈 소스
1	크러쉬드레드페퍼 소량
1	시금치 1봉
1	브로콜리 3잎
1	썬 마늘
1	고메버터
1	간 새우젓
1	쪽파 및 대파
1	흰자 2개분량
1	파운드틀
1	나무사각쟁
1	식초 2바퀴
1	새우 160g
1	파스타 면 180g
1	당면 500원짜리 동전크기만큼의
1	소금 애호박절임용
1	시금치 1바구니
1	국집간장
1	작은 옥수수
1	어묵 채소어묵
1	생무
1	생배추 썰은 것
1	채수 오이 양파절일때 나온
1	호떡
1	박력분 중력가능
1	버터 식물성오일가능
1	레몬껍질 1개분
1	머스타드겨자소스
1	시나몬가루계피가루
1	양파 여러개
1	토마토소스 많이
1	소세지 여러개
1	자른김
1	쪽파 잎
1	볼 어묵
1	치킨베이스
1	가지 크고 굵은 것
1	새송이버섯 없어도 무관
1	아이스크림 or생크림
1	시중에판매하는토마토소스
1	달걀 큰것
1	식용유 2-3바퀴
1	핫칠리소스
1	우유 ml
1	식초 감자 삶을때 사용
1	미니도나스믹스
1	돼지고기 앞다리살 2-3인분
1	물 고기가 잠길
1	양송이 큰거
1	카놀라유 종류관계없어요
1	김치국물 생략가능
1	무가당 플레인 요구르트
1	우려낸홍차
1	닭고기 넙적다리
1	파 큰거
1	고추장 밥수저
1	새송이버섯 400그램
1	파프리카 두가지색
1	건새우 큰컵
1	찐감자 대
1	메리추알
1	절임소금 배추절일
1	고추가루 8큰술
1	다시육수 물
1	설탕 작게
1	고구마 감자 2개
1	불린당면 떡볶이떡가능
1	미역 소량
1	일본 미소된장
1	파초록부분
1	미역국수
1	양파 베이스
1	김치 다져서
1	국물용멸치&다시마
1	스텐그릇
1	대나무 프레이팅매트
1	참치 통조림1개
1	간 홍고추
1	고구마 익힌것
1	브로콜리 선택사항
1	블루베리가루
1	고구마 익힌 것
1	군고구마 125g
1	초코케익믹스 200g
1	유부피 네모모양
1	파래 800g 8뭉치
1	무 중 800g
1	시판 고추장 많게
1	물 +1큰술
1	쇠고기 50~60g
1	오레가노가루
1	토마토퓌레
1	자숙 칵테일새우
1	시금치 3묶음
1	한우 등심 280g
1	샐러드야채들
1	두부 초당두부사이즈
1	포도씨유 올리브유
1	냉동 산딸기
1	게맛살 2개
1	흰자 계란 2개분
1	연근 중간사이즈
1	즉석구운 김
1	문어 350~400g
1	소고기샤브샤브 600g
1	표고버섯 모양내기용
1	시크릿코인
1	분유스틱 20g
1	피칸 분태
1	코팅초콜릿
1	당면 1봉지
1	식용색소검정
1	카라멜 2방울
1	황설탕 15ml
1	다진마늘 5ml
1	미역줄기 염장소금포함
1	냄비.채
1	꼬막 피꼬막X
1	파 소량
1	고추 소량
1	사누끼우동면
1	국물용 디포리
1	스팸 400g
1	묵은지 300g
1	포도씨유 고구마잠길
1	찬물 1대접
1	동물라면
1	화이트초콜렛칩
1	꽃소금 1+
1	단무지 시판
1	시판 튀김 새우
1	삼각김밥용 김
1	군만두 ex.bibigo군만두
1	토마토소스 ex.vips 토마토파스타소스
1	국간장 기호에맞게
1	풋고추 1대접
1	멸치다시마육수만개한알
1	골뱅이육수
1	녹말가루 듬뿍 올려서
1	마늘 중간크기
1	편썬어묵
1	그래미
1	부침용 식용유
1	스티링치즈2개
1	노루궁댕이버섯 생략가능
1	다진마늘 부족한 간은 새우젓으로 합니다 .
1	가지 싱싱한
1	설탕 or올리고당
1	견과류 호두+해바라기씨+아몬드 사용
1	덩어리 곤약
1	브라운버섯 100g
1	데친 곤약
1	후추가루 선택
1	다시마 손가락2개 굵기
1	박력분 4소주잔
1	바닐라오일 선택사항 2방울
1	샐러리 50g
1	양파 200g
1	대패삽겹살 먹을
1	포도씨유나 카놀라유 식물성오일
1	흑임자 충전물용으로
1	표고버섯 2/3국그릇
1	돼지고기 2/3밥그릇
1	멸치육수티백
1	볶음용 생닭
1	올리브오일 1+
1	스파이스가루﻿
1	깨 마음대로
1	목이버섯 크게
1	간장 3소주잔
1	정수 물 4소주잔
1	우럭 생물
1	건다시마 3cmX4 cm
1	호박 반달썬 것
1	두부 사각모양 썬것
1	생수 육수용
1	순대 1인분
1	칠리 파우더
1	물엿 기호에맞게
1	파초록색 부분
1	고기느타리버섯 크게
1	곱게 간 마늘
1	청양고추 옵션
1	훈제 삼겹살 팩
1	컵누들 마라탕
1	송송썬 쪽파
1	쪽파 130g
1	밥 2~3그릇
1	올리브유 아보카도유포도씨유
1	양파 4개 2국그릇
1	호박 1개 1국그릇
1	가지 1개 1국그릇
1	전분물 물1컵+전분가루1T
1	오이 채썬
1	파 흰부분 15cm
1	물 약4.5컵
1	다시마 사방10cm
1	닭다리순살
1	소금 돼지고기 밑간용 3번
1	후추가루 돼지고기 밑간용 3번
1	간장 돼지고기 밑간용
1	회뜨고 남은 머리와 뼈 광어
1	다짐육 소고기
1	미니 빨강 파프리카
1	미니 노랑 파프리카
1	사골 국물 쌀뜨물
1	새우젓 액젓
1	두부 추가
1	비엔나 소세지 한봉
1	김 조미김X
1	달걀 20*20 정사각틀 1개분량 100g
1	잔트커런트
1	카스테라 가루
1	숙성 시 물
1	치킨가라아게
1	동치미 국물
1	참나물 40가닥
1	다진마늘 ​
1	쪽파 100원 동전크기
1	굴소스 1+
1	연두부 150g
1	실 채
1	다짐돼지고기
1	딸기 잼
1	모짤렐라 치즈
1	된장 밥숟가락 계량
1	빻은 통깨
1	호박 1개
1	고춧가루 소줏잔
1	타피오카펄
1	물 5국그릇
1	핫초코가루 없으면 코코아가루 대체가능
1	올리브오일 버터로 대체가능
1	토핑용 초코 있어도 없어도 그만
1	요리당설탕
1	프라임 꼬치구이 프랑크
1	목우촌 홀그레인 머스타드 소스
1	쌀뜰물 뚝배기 반
1	두부 안 넣어도 됩니다
1	계란 중란이상
1	레몬즙 6방울
1	우유 약 100ml
1	우유 1소주잔
1	오뚜기 우리쌀 떡볶이 떡
1	오뚜기 향긋한 들기름
1	코코넛밀크 파우더
1	속재료용 파인애플
1	토핑용 파인애플
1	손질한 오징어
1	잣 고명
1	유기농호밀가루
1	삶은꼬막 집에 있는대로
1	맛이 다른 슬라이스 치즈
1	호두 다른 견과류로 대체 가능
1	숙주 라면용기 1.5그릇
1	밥 1냉면기
1	통깨 양껏
1	무 大사이즈 1250g
1	손질된 닭 7호 닭볶음탕용
1	인삼 생략가능
1	연어스테이크용
1	맛살랍스틱
1	식용유 두부가잠길
1	체다치즈노란치즈
1	어묵소
1	냉동솔방울 오징어
1	샤브샤브용
1	나한가
1	디카페인커피
1	물 2맥주컵
1	김 A 4사이즈
1	﻿﻿차돌박이
1	쪽파 없으면 대파1/2개
1	홍고추 작은걸 사용
1	열대과일
1	깻잎 월계수잎
1	닭다리살 가슴살
1	닭아랫날개
1	다진 신김치 크게한줌
1	해시 브라운
1	델큐브참치
1	천연이스트
1	당근 선택재료
1	고구마 한개는어른손만한거 한개는 아이손만
1	느타리맛타리버섯
1	통깨깨소금
1	계란 470g
1	녹말물 선택가능
1	돈가츠
1	육수 가쯔오부시+다시마
1	소스는 아래에 있는 팁
1	주의사항 참조
1	시판용유부초밥세트
1	or쇠고기
1	간
1	얼그레이홍차티백
1	달걀노른자 2개분
1	초콜릿리큐르
1	바닐라엑스트렉 윗면에 뿌려줄 슈거파우더
1	돼지기름
1	다진 무 김치
1	마늘 다진마늘 2T
1	대파 3~4가닥
1	바닐라오일 5방울
1	식용색소노랑 소량
1	다크초콜릿 소량
1	미역 불렸을때한줌
1	물 종이컵5컵
1	산들애 없으면생략
1	고등어 마트에서 소금간
1	피타브레드
1	다진오이
1	버터후레쉬
1	물엿 마지막
1	물 삶을때
1	돼지고기삼겹살통삼겹
1	육수채수 1.5+
1	통오리훈제완포
1	배추 보통 사이즈의 알배기
1	새우젓 국물은 빼고
1	식용유 냄비크기에맞춰서
1	피클 슬라이스
1	빨강 파프리카 폭
1	양파 폭
1	얇게 썬 쇠고기
1	흰색 버섯
1	구운김밥김
1	사각어묵 등
1	식용유 취향껏 조절 가능
1	와사비 기호에 맞게
1	초생강 기호에 맞게
1	돼지갈비 비계 없이
1	우유 or코코넛밀크
1	버터 or마가린
1	마늘 다진거
1	고추가루 취향것 조절
1	소고기채끝
1	오뚜기 마요네스
1	오뚜기 케챂
1	모차렐라치즈 취향것
1	다진생강 작은술
1	카라멜소스 선택
1	익은 총각김치
1	잔멸치볶음
1	도라지 나물용
1	찐감자 큰사이즈
1	작은캔햄
1	차가운 순대
1	테팔프라이팬
1	볶음밥접시
1	쌀떡 손가락길이
1	건표고버섯가루
1	연와사비 1/
1	탈지 분유
1	디포리 멸치 1줌
1	대패삽결
1	탄산수 물 대신
1	대파 선택
1	링곤베리
1	슬라이스 화이트 치즈
1	김 자반
1	설탕 수북히
1	생과일 생략가능
1	삶은 홍합살
1	빨파프리카
1	노파프리카
1	치즈 생략
1	미니피망
1	만능 양념장
1	브런치크랩
1	옛날국수 소면
1	삼겹살 양파절임소스
1	대패삼겹살 넉넉하게
1	치즈 미니 크림치즈
1	소금 감자 삶을 때 넣을
1	돈가스용 돼지고기
1	진미채 300g
1	사리가 들어있는 곰탕 맛 라면
1	순대와 내장
1	썬 청양고추
1	배추김치 묵은지
1	쌀뜬물 집 냄비 기준
1	표고버섯 or새송이버섯
1	디사론노
1	다시마 맛간장
1	와일드루꼴라
1	파마산치즈 갈아서
1	소고기고추장
1	달걀물 달걀
1	두유 1포
1	스팸 +비엔나 1/
1	소금 기호에따라 넣으세요
1	다시다 전 감칠맛으로 조금넣는데 안좋아하심
1	통후추 없으면 생략가능
1	대파 총총썰은거
1	고추순나물
1	양파 채썬
1	미나리 작은봉
1	구멍뚫린떡볶이
1	다시마 손바닥만 한 크기
1	다진 생강 생략가능
1	참치 보통사이즈
1	통조림옥수수 기호에따라
1	후추 베라스푼
1	식초 베라스푼
1	허니머스타드소스 베라스푼
1	아몬드밀가루
1	항균도마
1	멸치육수 필요에따라 가감
1	소금 부족한간
1	​ 육수나 생수
1	소고기 호주산 척아이롤스테이크용
1	도토리 300g
1	냉면육수 300g
1	김치 4~5잎
1	쯔유 생략가능
1	살탕
1	귤피 2개분
1	왕 만두피
1	참기름 들기름 가능
1	피즈치즈
1	불고기 or샤브샤브용 소고기
1	꺳잎 2묶음
1	버섯류 기호에맞게
1	멸치가루 or멸치
1	표고버섯가루 or말린표고
1	소고기 양지 200g
1	매실액 1술
1	사케
1	쿠키 지름 5cm으로 굴린
1	옥수수통조림미니
1	먹다남은수육 1접시
1	양념장 청정원소스
1	허니머스터드 선택
1	생닭다리 개인자유
1	삶은 감자 큰사이즈
1	썰은대파
1	육수 야채육수or멸치육수
1	찹쌀 미니도나스 믹스
1	식용유 치즈볼이잠길
1	모짜렐라 피자 치즈
1	오레오 크림제외
1	부추 잘게 썰은
1	깨소금 갈은 것
1	간장 채소를넣은양만큼만
1	밀가루 4인분 기준
1	따뜻한 물 1+
1	동전 육수 2인분
1	고춧가루 2인분
1	레몬피체
1	홍고추 추가재료
1	다진 파 30g
1	다진 부추 30g
1	사과 큰 것 기준
1	계핏가루 취향대로
1	달걀 노른자물 노른자 + 물 약간
1	열대씨앗
1	다진채소
1	페페론치노 큰거
1	당근 or애호박
1	수제비면
1	슬라이스아몬드 선택사항
1	카카오닙스 선택사항
1	찹쌀누룽지향수과바
1	피클링스파이스 생략 가능
1	완숙 토마토 큰 것
1	애호박 1/4등분
1	고추장 밥숟갈
1	간장 밥숟갈
1	다진마늘 베스킨ᄅ빈스
1	고춧가루 -
1	럼 럼주뚜껑
1	레몬액 4~5방울
1	롱게맛살
1	카레 가루 선택
1	파프리카 or피망
1	시판재래된장
1	우리밀 밀가루
1	청양고추 생략해도 괜찮음
1	대구살 7cm
1	소고기 사태살
1	푸실리 면
1	후추 툭툭 2번
1	전분 전분 4+튀김가루 2 ok
1	레몬 익스트랙
1	대파 중간크기
1	시판핫도그
1	남은 삼계탕 생닭
1	육수 물 + 육수팩 1개
1	다진마늘 2.5g
1	간장 30g
1	맛술 5g
1	고춧가루 15g
1	익은 김치 1/2밥그릇
1	파드득나물
1	이스트가루
1	갈릭 토핑 다진 마늘
1	쇼트닝
1	청주 소고기 밑간용
1	반 건오징어
1	어니언가루
1	홍초나 레몬즙
1	자색고구마쿠키
1	미역줄기볶음
1	밀가루 1/2그릇
1	빵가루 1그릇
1	소고기다짐육 1밥그릇
1	무 0.2~0.3cm두께
1	꽈리고추 기호에맞게
1	윗면에 발라줄 달걀물
1	과립 설탕
1	소금굵은 소금
1	돼지고기 채썬것
1	통조림햄 작은크기
1	호박 생략가능
1	렌즈콩 생략가능
1	파채 기호에맞게
1	된장쌈장
1	동초나물
1	비엔나그릴소세지
1	피망 홍or청
1	데친 비엔나소세지
1	겨울 무
1	소금 이나 간장
1	고구마순 데친 것
1	돼지고기 목살shoulder
1	cayenne pepper파우더
1	물 재료잠길
1	김장김치신김치
1	잔멸치 3줌
1	고추가루 기호따라가감
1	밀가루 추가가능
1	시판냉면 육수
1	염장쇠 미역
1	다크 초콜릿 55%
1	계란 50g
1	다진마늘반스픈
1	아몬드 다른 견과류
1	명태 알
1	대구 이리
1	손질 오징어 링
1	식용색소 빨강색 2방울
1	식용색소 보라색 2방울
1	미니 프레첼
1	아보가도오일
1	모짜렐라치즈 양껏
1	토스트 빵
1	감자 290g
1	고구마 270g
1	밀가루 수북이
1	다시멸치 팩
1	다시마 맛국물
1	통살 연어스테이크 1인분
1	사각어묵 270g
1	볶음밥 용 채소
1	비트절임피클
1	랜치드레싱
1	샤브샤브용 소고기 6cm*9cm
1	청경채 잎
1	흰색 백만송이 버섯
1	물 1600ml
1	계란 노른자 선택사항
1	대지고기간것
1	고추 매운거 좋아하시면 청양고추1개
1	분홍소세지 손가락길이
1	반숙 계란
1	완숙 계란
1	닭볶음용 1kg
1	발효기
1	트러플소금
1	무 중 사이즈
1	유자청 귤청
1	식초 절일 때
1	올리고당 절일 때
1	다진맛술
1	콩비지 시판용
1	김치 국물 100CC
1	참깨 간거
1	간 돼지고기뒷 다리살
1	달걀 작은것
1	채선 대파 1그릇
1	씨없는포도
1	피망 이나 파프리카
1	토마토소스 없어도ᄋᄏ
1	기름카놀라유
1	포도즙
1	고운고춧가루 기호에 따라
1	단 배추
1	황태 머리
1	설탕 신김치일경우 한스푼더
1	참깨 간 것
1	병아리콩 삶은 물
1	팽이버섯 1봉지 대파
1	간 소고기 한근분량
1	소금 허브소금이면 더 좋아요
1	샤르텐 하겐노르딕IH 사각에그팬
1	혼합견과
1	양배추 썬거
1	설탕비정제설탕
1	삶은달걀 완숙
1	크림치즈 실온
1	베이컨 구운 것
1	닭다리 500g
1	차돌박이 6점
1	전장 김
1	멸균우유
1	김장김치포기김치
1	바나나 작은것
1	간질안된 고등어
1	묵은지 작은
1	꽈리고추 넉넉하게
1	무 넉넉
1	멸치 육수생략가능
1	생강 술
1	베이크빈스
1	소시지닭가슴살 소시지
1	케첩과 마요네즈 뿌리는 용
1	박력분 마들렌 24개분량
1	딸기 1바구니
1	소굴
1	가래떡 긴거
1	볶음용 멸치잔지리
1	화이트 후랑크 4개
1	식용유 1설탕
1	불닭소스 취향껏 조절
1	생강 조청
1	두부 450g
1	대파 작
1	무 3.8kg
1	얼린홍고추
1	얼린청양고추
1	소세지 1팩 5개
1	갖가지버섯
1	간장저염간장
1	마스코바도
1	두툼한 갈치
1	원통형 어묵
1	물 1/3-
1	오징어 큰거 한마리
1	전복 작은거
1	무 0.5cm두께
1	페페론치노 없으면건고추
1	밥 작은공기
1	노른자중간사이즈
1	팥밥
1	양조간장 이나 굴소스
1	버섯 여러가지
1	버섯가루 없어도 됨
1	더단 초당옥수수
1	메추리알 삶은것
1	다시마 8x8cm
1	피자소스케찹
1	소고기 등심스테이크용
1	다시마 4×
1	삼겹살 대패삼겹살
1	고구마 1개 200g
1	쉬폰 1호틀 1개분
1	머랭용 설탕
1	커피 에센스
1	카넬로니
1	새우젓 1/2소주잔
1	쌀뜨물물 큰컵
1	쿠스쿠스
1	집조선간장
1	올리고당 올리고당+매실엑기스 1.5T+ 1T
1	대파 송송썬
1	튀김가루 선택
1	식물성오일 향이 강하지 않은 오일은 다 괜찮아요
1	덧가루용 밀가루
1	소면 1인분=500원동전크기
1	우엉 시판용
1	귤통조림
1	나빠주
1	시판 동치미육수
1	무쌈쌈무
1	과일파프리카
1	둥근 애호박 작은크기
1	닭가슴살 135g
1	큐브 크림치즈
1	구운 피스타치오
1	깐 무우청 시래기
1	라면스프 +1/3숟가락
1	네모난햄
1	설탕 취향껏가감
1	햄 먹고싶은
1	빨강 꼬마 파프리카
1	주황 꼬마 파프리카
1	노랑 꼬마 파프리카
1	초코 파우더
1	꽈리고추 약280g
1	무 약3cm 굵기
1	양파 중간 것
1	돼지고기 앞다리살 슬라이스
1	바질 선택
1	국물멸치 큰 사이즈
1	말린표고버섯불린 것
1	요리유 식용유
1	카스텔라빵
1	훈제 연어 슬라이스 1팩
1	단단한 두부 1모
1	캔국물
1	멥쌀가루 건식
1	천연색소핑크
1	고추장 가득
1	야채 양파
1	당근 등
1	전분 듬뿍
1	매실액`
1	애호박 320g
1	계란 90g
1	복숭아아이스티 립톤일경우80g
1	각종버섯류
1	다시마 + 가쓰오부시 육수
1	풋고추중
1	연유설탕
1	해물품은한알
1	쇠고기 치마 양지살
1	다시마 10*10 cm
1	멸치다시마 끓인믈
1	돼지고기 다짐육 1/2종이컵
1	느타리버섯흑타리버섯
1	물에 불린 당면
1	무 큰것2개
1	분말 스틱육수 1포
1	지가 멸치
1	칠갑농산 오징어
1	해물멸치다시팩
1	쪽파 파란부분
1	간 소고기간돼지고기
1	뭍힘설탕
1	물3컵
1	레몬즙 농도조절
1	3층치즈크림치즈맛
1	케첩 선택사항
1	칵테일새우 중
1	얇고 긴 바나나
1	큰 사이즈 식빵
1	초록 상추
1	알타리 24개
1	찹쌀풀 쑤어놓은것
1	소세지비엔나
1	허니머스터드 or케찹
1	미니 크로와상생지
1	명란젓 껍질 발라서 25g
1	김가루 기호에맞게
1	긴 부추
1	참기름 조금
1	식용유 넉넉히
1	상추나 어린잎샐러드
1	쫄면 164g
1	소세지 4개
1	미니 단호박 270g
1	양파 130g
1	치킨스톡 다시다
1	싯은김치
1	마요네즈 기호에맞게
1	머스터드소스 기호에맞게
1	삶은 감자소
1	마늘&양파맛
1	일반 자투리 어묵
1	미나리잎
1	대파 1줌 넣어도 무방
1	다진양파 중사이즈
1	베이컨 2장
1	닭 다리 살 2팩
1	매운불닭 닭가슴살캔
1	쫄면 500원크기
1	부추 50그램
1	매실청 올리고당
1	만송이버섯
1	양배추 잎
1	샌드위치용 빵
1	불고기 제육
1	말린 생선대가리
1	슬라이스 치즈 소량
1	연 양갱
1	햄버거 스테이크
1	육수용 티백
1	양배추 200g 3잎
1	오삼불고기덮밥소스 시판용
1	우동사리 시판용
1	가래떡 1컵 2줄
1	과실청
1	칠리갈릭 스리라차소스
1	프리첼과자
1	두절 꽃게
1	양조간장 선택 진간장
1	화이타가루
1	바지락살 가득
1	무 6센티
1	파 1묶음
1	사골냄비
1	반찬그릇
1	월계수잎 생략 가능
1	파마산치즈가루 마음껏
1	고추가루 마음껏
1	의성마늘햄
1	송송 썬 쪽파 선택
1	조미김 잘게 부신
1	채썬 우엉
1	어묵 선택
1	간장 계량스푼
1	바지락끓인 육수
1	냉동 모둠채소
1	냉동 바지락살
1	고추기름 불맛향미유
1	양파 Onion
1	마늘 Garlic
1	녹말물 녹말가루1TS+물
1	계란 계란빵 한 개당
1	당근 1/4개
1	양배추 1/8개
1	3층카야 치즈
1	감자탕 돼지등뼈
1	알배추 500g
1	돼지고기목살 스테이크용
1	동치미무쌈무
1	문어포
1	치즈 계란의 1/3부피
1	닭넙적다리
1	조각표고버섯
1	생선파는언니 밥새우
1	메추리알 20개
1	참치 캔 작은 거
1	맛살 or어묵
1	시금치 부추
1	김치새김치
1	튀길 식용유
1	화이트체다슬라이스 치즈
1	달걀 100g
1	군고구마
1	백선 느타리
1	훈제된 닭가슴살
1	식초홍초
1	대파 길게
1	덩어리 버터 3~5mm 1덩어리
1	손질된다시멸치
1	산적대
1	쿠키 박력분
1	아이싱 흰자
1	전복 맘대로
1	미역줄기 150~200g
1	소고기감치미
1	닭볶음탕용 닭 1~1.2kg
1	액젓 1/2술
1	물 6~7머그컵
1	미역줄기 400g
1	타르타르소스 선택
1	베이컨5장
1	국산콩천일염두부부침
1	불고기용쇠고기
1	여러가지 어묵
1	올리브유 두큰술
1	머핀팬 12구
1	진간장 종이컵1/2컵
1	대파가루
1	국간장액젓
1	소금 입맛따라
1	다담
1	치즈 양껏
1	간장 125ml
1	설탕 125ml
1	사골 분말
1	오레오 비스킷 크림제거된것
1	계란 40g
1	양파 요리당
1	새우젓맛간장
1	와플메이커
1	갈아만든배음료
1	당면 오뚜기100g
1	올리고당가늘게 2바퀴
1	밥 소복이
1	멸치 + 새우가루
1	액젓 1/
1	오븐트레이
1	우유리챔
1	백설오천년의신비명품천일염
1	퓨리어키친
1	퓨리어 에코파우더
1	풍선
1	딸기 과일
1	큐원 홈메이드 비스킷믹스
1	간장 맥주잔 기본 200cc잔 반컵
1	작은크기 감자
1	신김치 한공기
1	쌀뜨물 꽁치캔
1	굴 500g
1	치즈닭가슴살 소세지 작은것
1	코코아가루무가당
1	다진 대파 10cm
1	베이킹 소다 1TBSP
1	자박하게 썰은 무
1	오일류
1	물 3종이컵
1	팽이버섯 1봉
1	파는 된장
1	소고기 우둔살+다진고기
1	건고추 방송에서는 고추사용
1	파마산치즈가루 방송에서는 모짜렐라치즈 사용
1	케일 5잎
1	적겨자 채 5잎
1	크라생빵
1	로맨상추
1	닭가슴살큐브 or닭가슴살
1	쌀엿 물엿일경우3.5T
1	양배추 1/4크기
1	팽이버섯 60g
1	크래미 게맛살 손가락길이
1	닭다리 부위
1	알감자 3알
1	건조 파세리
1	설탕 기호에따라추가
1	감자 소3개
1	후추가루 크게
1	스리라차 핫소스
1	시판 식빵믹스
1	초코펜 다크초콜릿
1	화이트
1	파프리카 400g
1	토마토 스파게티 소스 200ml
1	슈레드 피자치즈 100g
1	파래 1묶음
1	사골곰탕육수
1	그린 키위
1	명란 1세트
1	새우 or오징어
1	연겨자 취향껏 1/
1	소고기우둔
1	생강청생강즙
1	목우촌 오메가3 훈제오리 슬라이스
1	청양고추 매운거싫으면 생략
1	쪽파 대파1대 다져서 대체가능
1	부추 많이
1	청국장 다담
1	미니로메인 상추
1	슬라이스치즈 마음껏
1	다시마 6센치
1	베이비 감자
1	다이제스티브 과자
1	깍두기 김치
1	깍두기 김치국물
1	배추김치 큰거
1	순두부 1/
1	조선간장 집간장
1	생면 국수
1	알배추 한통
1	삼치 대 사이즈
1	체리조림
1	햇반매일잡곡밥 210g
1	두릅 무침
1	참꺠
1	양송이버섯 여러개
1	마늘 여러개
1	​다크커버춰
1	럼 1~2방울
1	비건새우
1	황태만능육수
1	깍두기 1밥그릇
1	베이컨 취향껏
1	유부초밥 식초 조미볶음 유부피
1	가루육수 2포
1	너비아니
1	생고추냉이
1	장국국수 간장1/2수저로 대체 가능
1	햄 이나 베이컨
1	쓰오부시육수
1	치킨남은거
1	레몬 1슬라이스
1	각종채소류 상추 깻잎 등
1	수삼인삼
1	전분가루 총
1	간장 총
1	토마토쥬스 1/2병
1	장식용 레몬
1	새송이 큰것
1	스뎅그릇
1	내장 뺀 볶은 멸치
1	돼지고기 앞다리살 돼지 불고기거리
1	케찹 색깔내기용도
1	육수냄비
1	탕그릇
1	스파게티면 or생면
1	버터 손가락 2마디
1	부추 5가닥
1	버터 2센티
1	가지 165g
1	가쯔오부시 장국
1	냉동 la갈비
1	반숙달걀
1	팽이버섯 큰 건 1/2봉
1	다짐 소고기 볶음
1	맛소금 이나 고운소금
1	마요네즈 위에뿌릴거
1	멸치 내장뺀거
1	​아욱
1	머핀믹스 300g
1	오뚜기퀵스파게티
1	양상추 작은거
1	소세지 300g
1	시판크림소스
1	파채 두줌
1	잔멸치 300cc 1국그릇
1	조청 or꿀or올리고당
1	자른 불린미역
1	카레 4인분
1	카레분말가루
1	홍두깨살 소고기
1	냄비.채망
1	야파
1	월남쌈 페이퍼
1	멸치다시마육수 약600ml
1	컵떡볶이
1	치킨 꼬치
1	물 300ml기준
1	홍고추청
1	채 썬 배추
1	양상추 큰잎
1	게맛살 짧은것
1	시즈닝 솔트허브솔트
1	샬롯 양파 1/4개
1	감자 껍질깐
1	편썰은 통마늘
1	퓨리어
1	데코용캔디
1	코팅 딸기초콜릿
1	딸기분말
1	만두 왕교자
1	땅콩다진거
1	고추기름 식용유대체가능
1	군고구마필링 군고구마+버터
1	식재료 냉장고 속 남은 식재료
1	콜비잭치즈 피자치즈대체가능
1	핫케이크가루 450g
1	​큰 칵테일새우
1	깻잎 1단
1	대파 1/2뼘
1	모짜렐라치즈 1인기준
1	쇠불고기
1	타르트르소스
1	얇은 녹두국수
1	갈은 닭고기
1	육수 400ml~500ml
1	열무일산
1	만능나물양념장
1	표고버섯가루다짐
1	호박씨 or견과류
1	소금 3비율
1	설탕 2비율
1	후추 0.3비율
1	볶음탕용 닭가슴살
1	애호박나물 만드는법 애호박
1	초코펜밀크
1	초코펜레드
1	초코펜다크
1	생강 손가락 마디 하나 크기
1	반건조무화과
1	후추톡톡 2번
1	식용유 15g
1	고추가루 3~4g
1	굴소스 5g
1	맹물 16g
1	감자 당구공 크기
1	김치5줄기
1	중간크기 무
1	통밀 비스킷 다이제 등
1	피팡
1	오뚜기숙성카레
1	코코아파우더 생략가능
1	참기름 딱 1방울
1	만두 육수용
1	파래 1타래
1	불닭볶음밥
1	​미역줄기
1	무순 생략가능
1	소고기 찜용
1	닭다리살 정육 홍고추1개
1	애사비식초
1	애사비
1	물엿쌀올리고당
1	오븐 예열 180°C 10분
1	맛술 날치알 비린내 제거
1	참꼬막
1	셀러리 줄기와 잎 포함
1	라임슬라이스
1	가지 1.2kg
1	에멘탈 치즈가루
1	교자만두 냉동
1	식혜 티백 240g
1	부추 대파
1	실파 고명용
1	모짜렐라 치즈 양껏
1	인스턴트 사골곰탕
1	3분 햄버그스테이크
1	월계수잎 4-5잎
1	물 첫번째
1	물 두번째
1	도토리묵 1Kg
1	상추 6잎
1	깻잎 11잎
1	스위트바질
1	떡볶이떡 1팩 340g 12oz
1	막걸리 생막걸리 이용 1병
1	맥주 1병
1	메이플
1	숙주나물 라면용기
1	소금 고구마순삶는데넣는
1	반죽에 넣고 남은 달걀물
1	청정원 까르보나라 파스타소스
1	통 식빵 약10cm크기
1	어린 양배추
1	파슬리가루 취향껏 조절
1	떡 선택
1	​진 간장
1	흰설탕 3tbsp
1	갈색설탕 3tbsp
1	다크 초콜렛
1	다시마 3*4cm
1	딸기잼 생략가능
1	다진 피클 생략 가능
1	마늘 선택
1	상하치즈
1	캬라멜시럽
1	토마토 중간 것 150g
1	베이컨 25~30cm
1	검은 후춧가루
1	양파 한대
1	버터 조
1	후추가루 4톡
1	마늘 4알 된장
1	닭고기 1.5Kg
1	양퍄
1	아보카도 큰 거
1	버터 손가락 1마디
1	올리브유 선택
1	염장톳
1	다시마 8*8cm
1	쟌슨빌소세지
1	초콜릿 시럽
1	녹차 아이스크림
1	타임허브잎
1	간장 1/2~
1	치킨가루 or녹말가루
1	골뱅이 1캔
1	돼지 불고깃감
1	바지락한봉
1	어묵 사각어묵기준
1	포토푀 육수
1	베이킹용실리콘매트
1	광목천
1	반죽용기大
1	우유200ml
1	감자 중간
1	슬라이스 오이
1	찐 고구마 작은 사이즈
1	롤케이크
1	초코송이
1	물 재료가잠길정도만
1	육수로 끓인 죽 1그릇
1	채 썬 돼지고기
1	허브가루 생략가능
1	허브 or파슬리가루
1	데코용
1	스팸다진것
1	원칙을지키는 햄 1캔
1	부침가루 한컵
1	튀김가루 한컵
1	물 두컵
1	양송이 3꼭지
1	청양고춧가루 수북히
1	보쌈
1	피자치즈가루
1	건다시마 손바닥크기
1	잘익은배추김치잎
1	피망 약 25g
1	작은 당근 약45g
1	팽이버섯 약30g
1	작은빨대
1	단호박 중 사이즈
1	오징어 큰 것 몸통
1	마진 마늘
1	깍두기 2큰술
1	멸치육수다시팩
1	홍고추 2슬라이스
1	알감자 계란크기
1	3분 카레매운맛
1	빨간 파프리카 1/4~
1	노란 파프리카 1/4~
1	낙지 중
1	고추장 5테이블스푼
1	멸치액젓 2테이블스푼
1	고추가루 2테이블스푼
1	간마늘 2테이블스푼
1	들깨가루 3테이블스푼
1	익은배추김치 6줄기
1	고추씨 청양고추1~2개
1	대파뿌리 대파1/2개
1	황태채 한줌반
1	무 두께 2cm × 지름5cm
1	다시마 10cm × 10cm
1	술+후차
1	현미유+들기름
1	마늘대 1작은술
1	초밥용유부
1	연어 500g
1	해선장소스
1	쪽파 단으로
1	검정올리브
1	치즈 좋아하는걸로
1	뽀또
1	레몬제스트 1개분
1	바닐라엑스트랙
1	절임 굵은소금
1	표고버섯채
1	쪽파자른것
1	부드러운진미채
1	견과류 아몬드+땅콩+호두
1	계란 먹고싶은
1	멜론리큐르
1	말리부코코넛럼
1	소금 기호 간맞추기
1	달걀 삶을 소금
1	줄줄이비엔나
1	우스터소스 or간장
1	토마토파스타소스 2/3병
1	청주 고기가 잠길 정도로
1	​다시마 멸치육수
1	흙설탕
1	분다버그진저비어 365ml 1병
1	총각무 1대접
1	다시용 멸치 머리 내장 제거
1	고구마 삶거나구운것
1	호두 견과류어느것이든
1	소고기슬라이스
1	한우 구이용
1	칵테일냉동새우
1	실온
1	미트볼 레토르트 제품
1	다진마늘 통마늘 7~8개 1/
1	갖은야채
1	와사비간장
1	건새우 1밥그릇
1	꼬막 싱싱
1	시중에 파는 묵
1	깻잎 100장 10묶음
1	​겨울초
1	식초 3배 강한식초로 사용
1	플레인요플레 85g
1	약부추
1	감자중간크키
1	총각김치 한대접반
1	소금 수저 1/2
1	단무지 오이양
1	한우 우둔살
1	돼지고기 잘게 썬
1	윙
1	둥근호박 840g
1	녹차스프레드
1	기름 매운굴소스
1	양파 중간크기1/8개
1	길게 썬 오이
1	작은 파
1	치자 단무지
1	파마산가루 생략가능
1	잠봉 햄
1	바닐라에센스 생략
1	마스카포네치즈 대형마트에 있음
1	블랙알커피
1	두부 320g
1	물 1/2냄비
1	돼지로스
1	가지 작은것 130그램
1	피망 중간크기 30그램
1	빨강 파프리카 큰것
1	피자용치즈 60그램
1	깐고구마줄기
1	아몬드 우유
1	닭고기육수분말
1	까나리액젓 생략가능 5방울
1	삼겹살 or목살
1	시판짜장가루
1	한우양지 덩어리
1	소금 간할 때
1	작은 비엔나소시지
1	꺂잎
1	후춧가루 톡톡 3번
1	야채 집에 있는 1밥그릇
1	장어中
1	채친 생강
1	생강 엄지손가락 크기
1	동태 700g
1	젤리 마이구미
1	닭볶음탕용 닭 1.7Kg
1	시래기 삶아서 물기 짠것
1	페투피치면
1	고등어 큰사이즈
1	떡국 떡 200g
1	미나리 600g
1	무청 매실청
1	요리스푼.밀폐용기
1	생식용두부
1	멜론즙
1	송송썰은김치
1	닭고기 닭다리살 닭가슴살
1	청양고추 옵
1	물 볶음용으로
1	올리브잎
1	쌈용배추
1	콩나물 2줌
1	배추 10잎
1	깻잎 18잎
1	인절미 8개
1	참치 중간 사이즈
1	카레가루 듬뿍
1	감자 보통 사이즈
1	불린미역 눌러담아
1	레몬가루
1	건조 매생이 블럭
1	만두 작은사이즈
1	그외 넣고싶은 야채등
1	김치 이파리 잎
1	청양고추 송송 썬 것
1	체다 고다 모짜렐라치즈
1	고춧가루 3술
1	멸치육수가다랭이육수
1	슬라이스 양배추
1	바지락조갯살
1	식빵꼬다리 1접시
1	설탕 2/3~
1	으깬 깨
1	통마늘 가득
1	재부추 300g
1	당근 양관계없음
1	대파 양관계없음
1	찬밥 따뜻한밥도ok
1	생크림 250ml
1	손질닭
1	떡뽂이떡
1	적양배추 채썰어
1	대파 or청경채
1	고등어 사이즈보고
1	물 끓일양
1	다시마 손바닥사이즈
1	부추 양파
1	빵브레드볼
1	링귀네면
1	통그릴부어스터햄
1	쌀떡 2컵
1	어린잎 새싹채소
1	핫케익믹스 200ml 2컵 반
1	닭가슴살통조림 270g
1	닭날개 윗날개
1	생강 소
1	두부 소량
1	치즈 아기 단계에 맞는
1	크래커 1봉지
1	설탕 기호에 따라 가감
1	통통한통삼겹 오겹
1	월계수잎 4잎
1	스팸 or리챔
1	해바라기씨 초코볼
1	스프링클레인보우
1	잴리
1	레지아노치즈 마무리용 생략가능
1	냉동 블랙쿠키반죽 1덩어리
1	냉동 화이트쿠키반죽
1	건버섯
1	쪽파다진거
1	현미 떡국떡
1	깻잎순 3~4줌
1	어린 열무
1	설턍
1	소급
1	두부 부침용 1인분
1	물 볶음에서1/4씩 2번 사용 1/2머그컵
1	토르티야 6인치
1	할라페뇨슬라이스
1	슈레드체다치즈
1	황태 포
1	베이컨 크럼블
1	지 고추청량고추
1	시래기 삶은 것
1	닭똥집모래집
1	슬라이스마늘 여러개
1	아삭이 고추 5개
1	얇게 썬 연근
1	컬리플라워 삶은
1	레몬즙 옵션
1	맛살 닭가슴살 대체가능
1	노지 시금치
1	우리쌀 미소된장
1	대파 취향껏
1	큰 아삭이 고추
1	당근 얇게 채썬것
1	베이컨 채썬거
1	소세지 잘게 썬
1	꽁치통조림 한개
1	참치액 국간장
1	슈가아이싱
1	홀그레인 머스타드 소스
1	청정원요리통후추
1	바질 4잎
1	대림선숯불구이맛비엔나
1	해표 옹가네 진간장
1	바지락 3사발
1	꼬마김밥
1	양송이 큰거 60g
1	와빠양
1	바닐라익스트랙 2-3방울
1	우무
1	깨 작은술
1	쌍노 두유
1	닭요리 소스
1	초코
1	찰떡 아이스크림
1	귤칩
1	불린쌀 이나 찬밥 한컵 1그릇
1	염장된 미역줄기
1	고춧가루 케이엔 페퍼
1	요리에센스 생략가능
1	오이고추피망
1	버터 볶을때
1	알배춧잎 10~15잎
1	깻잎 20~25잎
1	표고버섯 뿌리
1	조림유부
1	숙주 생략가능
1	냉동 찐만두
1	스팸or다진고기 100그램
1	물 300리터
1	상추모둠
1	찬밥 3그릇
1	두부 작은 것
1	그릇 16 * 11cm
1	물 이나 우유
1	토핑용 콩가루
1	말린표고 생표고도Ok
1	짜투리무 5cm두께
1	무 500g
1	단무지 250g
1	백일송이버섯
1	소고기 ​
1	고추 취향것 조절가능
1	머위대 삶은 것
1	들깨가루 6스푼 같은
1	도삭면
1	갈아놓은딸기
1	폰즈 간장
1	양파 작은 사이즈
1	깻잎 이나 애호박 생략가능
1	당근 퓨레
1	식힌 밥
1	고체형 카레
1	현미국수
1	콘밀옥수수가루
1	계란 41g
1	계란물 계란노른자+물
1	식용유 3+
1	납작 사각어묵
1	김말이튀김
1	카스테라 컵 크기로 얇게 자른
1	냉동 치즈케이크
1	빠다 코코넛 등 비스킷
1	생크림 생크림양의 10%설탕 휘핑해서 준비
1	파 송송썰은
1	멸치육수​
1	베이컨 80그램
1	토마토 있는과일
1	고지이쑤시게
1	연겨자 머스타드
1	멸치다시마 우린물
1	우리밀 강력분 지름 9cm 원형 5개분량
1	통오이피클
1	애호박 소
1	문어 다리부분
1	오일 ​
1	비트 1/2분량
1	고운고춧가루 듬쁙
1	크래미 작은 거
1	치킨무 80g
1	빨간양파
1	청양고추 5g
1	마늘 5g
1	실파 10g
1	돼지고기 불고기앞다리살
1	피칸 + 캐슈넛
1	코코넛채
1	물 160ml
1	생강 엄지손 한마디 정도 크기
1	비엔나 소세지 작은거 한봉지
1	쇠고기 다진거
1	냉동감자칩
1	갈치 국내산
1	멸치다시마육수 2+
1	고추 장아찌 다진것
1	도토리묵 반모 상추
1	아라비아따 스파게티소스
1	안심팜
1	경기미가와지1호쌀
1	디포리다시마육수
1	족발남은것
1	바질 2잎
1	믹서로 간 빨강 파프리카
1	건표고 슬라이스
1	묵은지 반포기
1	무 중간
1	닭 닭 볶음탕용
1	갈아낸돼지고기
1	소보루 빵
1	팥 양갱
1	아몬드가루 40g
1	제육볶음 1접시
1	커스터드크림프리믹스
1	생크림 90%
1	사과조림
1	물 생수병 기준 1/2병
1	가래떡 250g
1	우리밀가루
1	식물성유지
1	방식용 바나나
1	고사리 한 주먹
1	파래 300g
1	신김치 잘익은 김치
1	탕수육 1/2접시
1	브로콜리 1/4~
1	꽈리고추 10~15개
1	​간 소고기
1	표고버섯끓인 물
1	미나리 줄기 묶음용
1	단호박小
1	대합
1	애플민트 데코용
1	편의점 치킨
1	돼지고기안심사태
1	로즈마리 말린것
1	연유 선택
1	잼 선택
1	김치배춧잎
1	아보카도중
1	토마토1개 소
1	양파 60g 소
1	그릭요거트 1컵보다 적게
1	달걀 계란 1개 약 50g
1	멸치 육수용 1/3밥그릇
1	난백달걀흰자
1	손질한닭모래집
1	제크
1	깻잎 20장 정도 2묶음
1	대파송송
1	면수 스파게티면삶은
1	통조림 옥수수스위트콘
1	슬라이스 모짜렐라치즈
1	김치 씻은거
1	범일콩된장
1	초코 데코펜초록 파랑
1	다시물 3대접
1	스파게티면 삶은것 1대접
1	햄 채 썬것
1	땅콩버터무가당
1	배추속대 자른것
1	다듬은 마늘쫑
1	핫케익 믹스가루
1	냉면면
1	구운 양파
1	구운 대파 흰 부분
1	건 빵
1	포피시드
1	작은 골뱅이통조림
1	건더기 스프
1	굵게 다진 견과류 호
1	참치 1캔 200g
1	양파 ​
1	피쉬소스 선택
1	국물용손질한 멸치
1	반숙란 달걀
1	나쵸 과자
1	토마토페스트
1	장마
1	냉이 손질후
1	바지락 1봉 150G
1	멸치 8개 14G
1	된장 볼록하게 1스푼 31G
1	고추장 볼록하게 1스푼 31G
1	춘장 250g기준
1	카옌페퍼 고운고춧가루
1	당근 1/5분량
1	대파 있으면 고명
1	건조 산딸기
1	마늘 10알
1	모든 견과류가능100g 정도입니다
1	돼지고기 다진것
1	훈제 연어 시판용
1	계란용 소금
1	훈제오리 500g
1	셔인머스켓
1	냉동용과
1	두툼한 식빵
1	시판하는 간장
1	바나나 프로틴 2회
1	바닐라맛 프로틴
1	버섯 송이버섯2개
1	우유나 무가당 두유
1	훈제닭다리
1	고구마 찐 것
1	카스테라가루
1	계란 취향껏
1	다시마 가로세로5cm
1	밥 양에따라
1	비엔나소세지 양에따라
1	옥수수콘 340g
1	떡국떡 200g
1	샌드위치용 슬라이스햄 55g
1	식용유 30ml 2테이블스푼
1	진간장 10ml
1	메이플시럽 45ml 3테이블스푼
1	깍두기 1대접
1	참치액 or저염액젓
1	중국간장
1	월계수 3잎
1	실멸치
1	감자 주먹만한것 기준
1	양파 주먹만한것 기준
1	김치 큰 것
1	생새우 150g
1	다진양파 40g
1	다진 적양파
1	청고추 다진 것
1	홍고추 다진 것
1	아가베시럽 올리고당 물엿 대체 가능
1	다크커버처 초콜릿
1	식초 1컵
1	해찬들고추장
1	마늘쫑 200g
1	청색 피망
1	홍색 피망
1	다진마늘 or1/2큰술
1	닭가슴살 칠리맛
1	식용유 복음용
1	타바스코소스 1+
1	시판용 유부초밥 재료 2인분
1	잡채 30인분
1	하오츠마라소스
1	바닐라시트
1	믹스커피 적은양의 물로 진하게 1스틱
1	전분 소스양 조절
1	소고기샤브샤브 원하는
1	각종채소 원하는
1	와사비 취향껏
1	오뚜기 돼지갈비 양념
1	콩나물 무침
1	김치 잘익은김장김치
1	양배추 중간잎
1	칼칼한맛 굴소스
1	계란대란
1	풀무원 유부초밥 2세트
1	크래미8입
1	돼지목살 3장
1	쇠고기 부채살
1	홀토마토캔 400g
1	시판 토마토소스 200ml
1	레드와인 200ml
1	삼치 대자
1	청양 고추가루
1	자숙 랍스터
1	노란 프리카
1	청양고추청 청양고추2개
1	우엉볶음잔반
1	치킨데리야끼잔반
1	신김치 1/4쪽
1	쌀뜨물 1200ml
1	보리굴비
1	양조간장 간맞춤
1	유부초밥 기본 재료
1	들기름 원하는
1	다듬어 손질한 부추
1	닭 다리살 약 90g
1	스팸 작은 한 캔
1	미나리효소 물엿 3~4국자
1	버터 1cm*2cm
1	갈비탕용 소고기
1	깻묵
1	유부초밥 set
1	다양한버섯들 새송이
1	백만송이
1	바지락등조개류
1	스파게티 소금
1	물 쌀뜨물 추천
1	치킨톡스
1	통후추 3바퀴
1	쌀뜨물 380ml
1	무 1100g
1	밀가루풀 물 600ml+밀가루 3T
1	들기름 초벌 1 + 마무리 0.5
1	현미잡곡밥
1	김밥용김 1/4컷팅한것
1	통 호두
1	통 피칸
1	위에 바를 꿀
1	돼지목살 or삼겹살
1	강황가루 생략가능
1	어묵사각어묵4장
1	하인즈스위트랠리쉬
1	커리플라워 1송이 다듬은후
1	체다치즈 잘게 자른
1	훈제 닭가슴살 캔
1	랍스틱낱개로
1	참치통조림 작은 것
1	다진 할라페뇨 생략가능
1	사각어물
1	소고기 우둔살 사용
1	찬 밥 2/3그릇
1	파프리카 집에 있는대로
1	식초 물
1	다시마물육수
1	자색고구마 파우더
1	닭 절단육 750그램
1	깻잎단
1	고기버섯
1	밀양 한천천연색소
1	무 580g
1	들참 기름
1	스프링클 생략가능
1	베이컨6줄
1	다진생강 or생강가루
1	LA용 소갈비
1	절일굵은 소금
1	메추리알 40개
1	뜨거운물 필요
1	햄 작은거 1캔
1	베이컨 2팩
1	메추리알 1봉지
1	바지락 크게
1	부침가루 수북하지 않게
1	양배추 1/4통크기
1	당근 작은 사이즈
1	맛소금 구운 김밥김
1	연근 350g 1마디
1	머위대 삶아논거 한근
1	시판용 닭가슴살큐브 100g
1	새싹채소 20g
1	시판용오리엔탈드레싱
1	실온에둔 버터
1	구운 고운 소금
1	부대찌개용 콩
1	계핏가루 기호에 맞게 선택사항
1	마시멜로 큰거
1	행복한콩생식용두부
1	닭가슴살 삶은 물
1	민찌
1	배추김치 잎파리
1	무 중간사이즈
1	파프리카 짜투리채소
1	베이컨 이나 햄
1	사골곰탕 500g
1	계량: 밥스푼
1	참치 작은 거
1	마늘 집간장
1	돼지고기목살 4덩어리
1	달걀 소금 간
1	그외다양한야채
1	사과 대략 4개분
1	주름 파이팬
1	돼지고기 or소고기
1	굴소스 기호에맞게
1	꽃빵 냉동제품
1	식초 2비율
1	전복 대사이즈
1	통마늘 취향것
1	마른 매운 고추
1	맛술 200ml
1	파뿌리채로
1	부침가루전분가루
1	토마토 껍질 벗겨 다진
1	강낭콩 통조림 Red Kidney Beans 2컵
1	삶은 파스타
1	오렌지과즙
1	우유 불린 쌀에 사용
1	흰밥에 우유
1	팝콘 옥수수
1	무가당 코코아 파우더
1	딸기 소주잔크기 만한거
1	된쌈장
1	양파 간것 생략 가능
1	비엔나소시지 2봉
1	파프리카 주황색
1	케첩 크게
1	어묵 작은 것
1	무 없으면패스
1	당근 채썰어
1	오이小
1	시판용 골뱅이
1	전자레인지용 가라아게 코스트코
1	무 기호에맞게
1	배 간거
1	사과 간거
1	당면 불린거
1	전복 특대사이즈
1	​통깨
1	당면 40g
1	사워크림플레인요구르트
1	백진미
1	시금치 손질과 데친 후
1	닭가슴살 100g
1	물 130ml
1	봄동 약 280g
1	통마늘 편으로 썬다
1	마늘 깐 것
1	된장 가감
1	멸치다시마육수 계량스푼 & 계량컵 기준
1	말린 표고버섯 우린 물
1	카놀라이유
1	멸치다시마육수 2종이컵
1	손질된 닭 한마리 7호
1	캐러멜소스 생략가능
1	큰볼
1	데코접시
1	간장 30ml
1	물엿꿀
1	소금 +1/3숟갈
1	유부 초밥
1	들깨 선택
1	청양고추 작은거
1	삼겹살 570g
1	미역줄기 수북히 1대접
1	맛늘
1	화이트발사믹식초
1	소금+화이트페퍼 선택
1	까나리액젓 간보며
1	밥 찬밥
1	양배추 다진
1	참치통조림 큰거
1	동원구운골뱅이
1	오이 반달 썬 것
1	인스턴트커피 2포
1	동원 골뱅이 270g
1	당근 꽃모양
1	야채 볶음용 식용유
1	생크림 선택사항
1	파슬리 건파슬리 가능
1	소금 10g
1	참기름 10g
1	굵은 소금 배추 절이기
1	생선 중
1	맛술생강술
1	불닭 마요 소스
1	불린 톳
1	단호박슬라이스
1	채소 채썬것
1	오징어 500g
1	감자 큰
1	피조개살
1	각색파프리카
1	깻잎 3~4묶음
1	파 쪽파 무순등
1	초코칩 먹고싶은
1	감자 작은 사이즈 300g
1	굴소스 간장1t
1	냉동 돈가스
1	맛술미향
1	비트즙
1	숙주 180g
1	팽이버섯느타리버섯
1	쑥갓 다진
1	양파중간사이즈
1	당근중간사이즈
1	말차가루녹차가루
1	얼린 흰우유
1	장식용청크초코칩
1	완두콩 삶은 물
1	그린홍합일반홍합
1	버터 양은 조절가능
1	중간굵기 천일염
1	갈아준 깨
1	찹쌀현미
1	달랑무김치국물
1	청양고추 100g
1	간마늘 60g
1	밥 440~450g
1	참기름 3g 밥비빌때
1	멸치액젓 16g
1	물 16g
1	굴소스 5~6g
1	기다란 어묵
1	멸치다시물 1그릇
1	브로콜리大
1	다진 청 홍피망
1	대파 500g
1	다담부대찌개양념
1	쿠민파우더
1	설타나건포도
1	목우촌 원칙을 지키는 비엔나
1	햄 넉넉히
1	사골육수 or멸치다시마육수
1	시판 토마토 소스 500ml 2/3병
1	모짜렐라 피자 치즈 200g
1	브로콜리 크게
1	햄 당근양과동일
1	올리부유
1	소고기국거리양지
1	무꼭지푸른부분
1	청양고추 청+홍 사용
1	긴 어묵
1	다시다 티백 2스틱
1	익은김치 큰 포기
1	캔햄 or베이컨
1	복문자술
1	게간장
1	파 채썰은것
1	달걀 오뚜기 1등급란
1	마요네스 오뚜기 골드
1	허니머스타드 오뚜기
1	스위트칠리소스 오뚜기
1	크루아상 빵
1	오뚜기 순후추
1	으깬두부 생략가능
1	물엿 취향대로
1	콩나물 자엽을 제거한 무게
1	양파 야구공 크기
1	청량고추 다진거
1	찐고구마무스
1	시나몬슈가
1	구운고등어
1	시판버터롤빵
1	당면 삶기전 무게
1	빵집생크림
1	진주햄육공방브라운스모크
1	간장 조리과정에서 더 필요할 수 있음
1	삶은 고구마 320g
1	막장 찌개 양념
1	손 만
1	파르메산 치즈 갈은것
1	뻥튀기조
1	토마토페이스토
1	양파중 중간크기로
1	마른 취나물
1	물 2/3냄비
1	삼계탕재료팩
1	양면팬
1	버터 깍뚝썰기한 차가운
1	차가운 달걀
1	녹말가루전분
1	총각무 무청
1	청양 고추 다진 것
1	가래떡 먹을
1	에어후라이기
1	시간 20분
1	파쪽파
1	얼린 계란
1	다이제쿠키나 오레오 등
1	실온의 버터
1	젤라틴 불릴 물
1	참치 작은 것
1	곱게갈아준 깨
1	다진 이탈리안파슬리
1	초코 시트
1	럼주 생략가능
1	빵가루 식빵
1	돼지등갈비2줄
1	소떡소떡 소스
1	레드 식용색소 3방울
1	국간장 없으면그냥간장도!
1	달걀 1인당
1	김치 속
1	참치캔 400g
1	곱게 간 깨
1	대나무체
1	일회용봉투
1	무스링 지름 15cm 1개분
1	작은 무스컵 1개분
1	오레오 쿠키 70g
1	딸기 토핑
1	코팅 다크 초콜릿
1	카카오닙스 생략가능
1	주황색 게맛살
1	녹차쌀유
1	적파프리카 다진것
1	만가닥버섯 1/2분량
1	까진 새우
1	행복한콩부침용두부
1	알짜란
1	닭고기 육수가루
1	피자용치즈
1	얇게썬 김
1	돼지고기 찌개용앞다리살
1	초간장 소스 원하는
1	문어 사이즈 작아요
1	손질된 고등어中
1	치즈 부재료
1	말린 표고버섯 기둥 제거 후
1	다시마물 400ml
1	배추겉잎삶은것
1	소고기삶은것
1	매콤한 고추가루
1	즉석밥 or쌀밥
1	카놀라유 250ml 1병
1	꺳잎
1	여리고추
1	애호박 1/
1	무 라면용기가득
1	감자 큰거 250g
1	아보카도 잘익은
1	탈리아텔레면
1	청포묵가루
1	유리용기 여러개
1	돼지고기 2근
1	야채 원하는
1	쌀국수 건면
1	김치 묵은지
1	들깨가루 1/
1	소고기아롱사태
1	참깨 + 흑임자
1	다진 마늘 1/2~
1	통깨 1/2~
1	냉이 순
1	감자중간싸이즈
1	치즈 아가용
1	납작사각 어묵
1	그랑마니에
1	김치 만두
1	마늘 다진분
1	치킨무 400g
1	참깨 소량
1	소금 무칠때
1	맛술 1바퀴
1	글루텐프리 믹스
1	고구마순 고구마줄기
1	물 머그컵 기준 1.5 2맥주컵
1	다진고기 돼지
1	떡 1인분
1	치즈떡 or일반떡
1	미나리부추
1	김치 300g
1	스팸 100g
1	물 약1520g
1	산야초효소 매실청
1	깻순깻잎
1	닭도리용 닭
1	파프리카색상별로
1	구운김밥용김
1	맛소금 3/
1	뼈없는 닭고기
1	간 건새우
1	떡볶이떡 원하는
1	칵테일새우 크기는 취향대로
1	피클 먹을
1	빨강 미니파프리카
1	등갈비 500g
1	월계수잎 6잎
1	오리고기 무항생제 생 오리훈제
1	스프링믹스
1	간장진간장 2테이블스푼
1	발사믹식초 4테이블스푼
1	남은한우뭇국
1	대파흰부분과초록부분
1	저염숙성명란젓
1	감자 총 약 300g
1	소금 반죽
1	소금반죽 마무리
1	닭다리살 500g
1	핫초코 가루 제티기준
1	시판용 바베큐 소스
1	식초 1.5술
1	새우젓 200ml
1	까나리액젓 100ml
1	매실액 100ml
1	뉴슈가 작은커피수저
1	민어대
1	영양부추 생략가능
1	양파채 생략가능
1	김가루 크게
1	바다장어
1	저염 크래커
1	바질잎 작은 바질잎
1	고형카레 +1가능
1	어묵4장
1	삶은돼지곱창
1	우동사리 당면
1	돼지고기 뒷다리불고기용
1	시판용 가쓰오국물용
1	스팸작은것
1	카이옌페퍼
1	쉬레드 치즈
1	자반
1	실파쪽파
1	팽이버섯 큰것
1	소불고기양념 중간크기 1병
1	키세스초콜릿
1	베이킹채망
1	찹쌀가루 밀가루 대체가능
1	계란 물
1	전복 크기는 대
1	통후추그라인더 3번
1	베이컨 삼겹살 베이컨 사용하신다면 14장
1	견과류 다져서
1	가쓰오부시 굴소스
1	파란색이온음료
1	밀크초콜릿 150g
1	화이트초콜릿 200g
1	초코펜 맛별20g
1	몰드
1	현미누룽지
1	찬밥 400g
1	시판 짜장가루
1	식용유 올리브유
1	올리브오일+갈릭솔트+그라인드후추소고기 밑양념용
1	진미채오징어
1	핫도그랠리쉬
1	알룰로스 꿀&올리고당
1	마늘 250g
1	고등어 4조
1	간장 돼지고기밑간
1	설탕 돼지고기밑간
1	묵은 총각김치
1	우엉 50g
1	숙주 100g
1	애호박 큰 거
1	참기릉
1	눈개승마 나물 삶은
1	고추가루 크게 1술
1	설탕 1~2술
1	소불고기 등심
1	육우 불고깃감
1	손질한 홍합
1	펜넬
1	타임 1가지
1	파슬리 1/2묶음
1	깜빠뉴 빵
1	어묵 한 입 크기로 썬
1	닭백숙용
1	소주 닭삶을때
1	백숙용티백
1	닭육수 1주걱
1	된장 선택
1	시금치 포항초
1	노지시금치
1	곱게 갈아준 깨
1	우동사리 소시지
1	남은 소불고기 양념
1	시판 유부초밥 유부
1	양념불고기 시판용 가능
1	밥 420g
1	자색당근 당근으로 대체가능
1	다진소고기 두부반모분량
1	파스타를 만들자 아라비아따 소스
1	밥즉석밥
1	아삭이고추 작은거
1	건새우 소량
1	돼지고기 불고기용삼겹살
1	오징어 사이즈 작아요
1	만두 소 12개분
1	신김치 가득
1	시판 닭안심
1	유부초밥재료 유부
1	바닐리익스트릭
1	단무지 먹을
1	옥수수통조림 1캔
1	다진 빨간파프리카
1	다진 주황파프리카
1	미정
1	메이플 시럽 원하는
1	초코청크 다크
1	무설탕 코코아 분말
1	베이글빵
1	허니머스타드 or원하는소스
1	파 쪽파 대파
1	색파프리카
1	생강술 이나 청주
1	옥수수 전분 이나 감자전분
1	분홍소세지 소
1	김치국물 1/2밥그릇
1	멸치다시다육수 5밥그릇
1	기름 물 1큰술 대신
1	느타리버섯우린 물
1	물 1/5머그컵
1	참치액 새우젓
1	깻잎 10묶음
1	베이킹 소다 1.5Tsp
1	럼 2Tsp
1	염장용 꼬시래기
1	쌀뜨물 + 다시마
1	양파 다져서
1	사각어묵 소
1	닭정육살
1	그린빈 450g 1파운드
1	cider
1	두부 부침용이나 단단한것
1	참치캔 중간크기
1	피넛버터 땅콩버터
1	된장 재래된장 시판용
1	고추장 시판용
1	청홍 고추
1	월계수잎 3잎
1	볶음용채소 양껏
1	냉동후르츠
1	반건조 오징어 다리
1	작은 작은크기
1	양배추 한주먹거리
1	방울토마토 추가함
1	버터 마가린
1	맛살 8가닥
1	다진 미나리
1	남은국물
1	동글이 호박
1	밥물용 물
1	칵테일새우 원하는
1	남은장조림&국물
1	물 참치캔 기준으로
1	웍소스
1	집된장 수북히
1	대파 송송 썬것
1	로띠커피향 선택가능
1	건고추 다진것
1	청양고추 잘게 썬것
1	채친 당근
1	채친 파프리카
1	연유 기호에맞게
1	쌀국수 볶음용 굵은면
1	파 채썰어준
1	바나나엑기스
1	총각김치 1그릇
1	고추장 넉넉히
1	젤리밥
1	쇠고기우삼겹
1	비엔나소세지 큰것
1	파슬리 가루 생략 가능
1	볶은 다진 아몬드
1	노랑색 파프리카
1	소고기 홍두께살
1	통깨 간것
1	소고기불고깃감
1	엑스트라 버진 올리브오일
1	건조 오레가노 선택
1	치즈류
1	옥수수통조림 약3큰술
1	다시마 4* 4cm
1	햇 감자 큰감자
1	두부참치쌈장
1	홍고추 추가
1	상추 큰잎
1	도톰한 동그랑땡
1	사골곰탕 육수
1	물 10머그컵
1	누룽지 1대접
1	들깨 듬뿍
1	떠먹는 요구르트
1	오징어 작은크기
1	새우 큰 사이즈
1	소금 입맛에 따라 추가
1	낙지 450g
1	콩나물무침 원하는
1	삶은소면 원하는
1	핫케이크 가루 100g
1	빙수 팥
1	메이플시럽 or꿀
1	불린미역 욕심나게
1	피자치즈모짜렐라
1	산딸기 향향료
1	식용색소빨강노랑초록핑크
1	스텐믹싱몰
1	믹싱기
1	귀여운접시
1	원형주름커터
1	씻은 신김치
1	육수용 팩
1	쌈채
1	만두​
1	압착 오트밀
1	스팀 닭가슴살
1	그래놀라 시리얼
1	플레인요거트 170g
1	꿀 조절
1	돼지고기 1국그릇
1	오징어 큰것
1	두부 290g 한팩
1	사조 자연산 골뱅이
1	해표부드럽고쫄깃한국수
1	해표순창궁햅쌀고추장고추장
1	종이대접
1	떢볶이
1	날콩가루 2테이블스푼
1	국간장 1/2테이블스푼
1	올리고당 1/3테이블스푼
1	참기름 1/2테이블스푼
1	물 6테이블스푼
1	꽃빵 원하는
1	감자튀김 라지사이즈
1	크래미 4~5덩어리
1	자른 목이버섯
1	갈치 500g
1	썬대파
1	수비드림 IQF 큐브 닭가슴살
1	냉면육수 290ml
1	다진묵은지 공기
1	간 돼지고기 1/2컵
1	팽이버섯 100g
1	불고기용 소고기 200g
1	국간장 40ml
1	녹차쿠키믹스
1	당고믹스
1	닭가슴살 90g
1	라구소스
1	라자냐파스타
1	넛맥 가루
1	청포묵 동부묵
1	떡볶이떡 넉넉하게
1	다시멸치왕멸치
1	생강차
1	삼각김밥
1	소금후추
1	부침가루 종이컵보다 조금 더큰
1	물 취향것조절
1	대파 초록부분 제외
1	적양파 작은크기 1/4등분
1	스파게티면 넉넉히
1	연어캔 1개
1	파마잔치즈가루
1	배추 5잎
1	된장 시판용
1	참치 캔中
1	밤통조림 180g
1	황태채 두줌
1	송송 썬 부추
1	메추리알 40알
1	다시마 명함 사이즈
1	시판 곰탕 600g
1	김치 많이
1	찬밥 2그릇
1	밀가루 가감
1	물 국대접 3대접
1	계란 3알
1	라이스페이퍼 닭한개에한장
1	강황카레가루
1	비름나물 한팩
1	참깨​
1	삶은 감자 대
1	오징어 조미 진미채
1	세 멸치
1	크랙커
1	빨강스위트파피피망
1	노랑스위트파피피망
1	초록스위트파피피망
1	무염버터 녹인
1	깍뚝썰기용 버터
1	분무기
1	둥근 애호박 큰것
1	​김치 1컵
1	쌀뜨물 2컵
1	부추크게
1	생강작은
1	레몬수
1	카레가루 안 넣어도 무관
1	버터 카놀라유무관
1	오이 긴걸로
1	물 o r육수
1	데친 토란대 나물
1	대파 20Cm
1	전분가루 없어도 무방
1	채썬 무우
1	또띠아 20센치
1	치즈소스
1	마늘 뚱뚱한거
1	대파반뿌리다진것
1	양념고추장
1	사과2배식초
1	양파 갈아준비
1	핫초코 분말
1	따뜻 물 1/4머그컵
1	식용유카놀라유
1	빨간색파프리카
1	대파푸른색부분
1	알룰로스 취향에 따라 추가
1	피 더덕
1	킹크랩맛살
1	닭가슴살 다이어트용
1	소금천일염
1	새우 양껏
1	소금 or후추
1	다시다스틱
1	간마늘 작은술
1	새우젓소금
1	스냅퍼 필렛
1	레몬즙 1/4개분
1	가니쉬용 대파
1	대패 삽겹살
1	깻잎 충분히
1	유자절임
1	애기 고추
1	두부 큰손두부1/4쪽
1	볶음김
1	다시마 중간크기
1	커스터드분말
1	삼진 어묵 황금어죽
1	작디 작은 참외
1	매살청
1	깨 생략가능
1	코다리 큰 것
1	초코칩 카푸치노
1	표고버섯 불린것
1	절임 고추
1	샐러드모듬 야채
1	시판 두부면
1	버터 조각 월계수잎
1	생수나 육수
1	고사리 불린것
1	다진 당근 1+ /
1	사과 찌꺼기
1	옛 느타리버섯
1	다진마늘듬뿍
1	고등어 자반
1	카레가루강황가루
1	삼겹살 300g
1	쯔유간장 +1큰술 추가
1	대파 간장
1	무슈구슈설탕
1	캔터키프랑크소세지
1	시판스테이크햄
1	쯔유 키꼬망 3배 혼쯔유
1	시판 짜장분말
1	천일염 두릅 데칠 때
1	백숙용 영계 닭
1	토마토 약200g
1	참치小
1	돼지고기 앞디리살
1	참깨 드레싱
1	삶은 메리추리알
1	물 0.5소주잔
1	중간고춧가루
1	파소스
1	대파흰줄기
1	꽃 설탕
1	다시마끓인물
1	유부 초밥 세트 시판용
1	소불고기 거리
1	닭볶음탕 닭 600g
1	만능 간장
1	매생이 1사발
1	콩나물 70g
1	소금 면삶을때
1	패스트푸드 감자튀김
1	통마늘 다진마늘 1숟가락으로 가능
1	당근 썰어서
1	키위 생략 가능
1	미나리 50g
1	알배기 배추잎 5장
1	돌문어
1	버릴라 익스트랙
1	​생크림
1	생굴 200g
1	프레첼 과자
1	가나 초콜릿
1	종이 호일
1	바닐라 익스트랙 1/
1	박력문
1	초코가루 허쉬가 좋더라구요
1	생크림 빵집판매용
1	간장 기호에맞게 가감
1	중력분 아무 밀가루로 대체 가능
1	매실액 25ml
1	미림 25ml
1	본설렁탕 450g
1	닭볶음용 절단 닭
1	안동간고등어
1	죠리퐁 과자
1	요거트 4큰술
1	쌀뜨물 참치캔 기준
1	오뚜기3분카레
1	거피 들깻가루
1	카놀라유 or식용유
1	깻잎 두부 사이즈에 조절
1	두부 깻잎크기에 조절
1	배추 신김치 2/3대접
1	슈레드 체다치즈
1	묵은지 1/4포기
1	감시럽 요리당대체가능
1	북어 머리
1	작은 배추 15잎
1	레몬 청 건더기
1	레몬 청 국물
1	전골 육수 식힌 국물
1	브로콜리 크게썰은것
1	피클용 오이
1	시금치섬초
1	홍합 17개
1	멸치와다시마 육수용
1	간장 끓일때넣는양
1	고추 썰어놓은거
1	양념용간장 재료가 잠길
1	스팸 340g중
1	냉동 꼬막살
1	쯔유소바간장
1	모짜렐라 치즈 잘게 잘린
1	손으로 두번 집어서
1	새우 30미
1	라면면
1	오징어반건조
1	돼지고기 전지앞다리살
1	밀 떡볶이떡
1	믹스 견과류
1	데니쉬시트
1	무 3cm두께로
1	대파 양파와같은양
1	푹 익어버린 총각무
1	국물용 멸치 머리와 내장 손질한
1	요리붓
1	참치캔통조림 100그람
1	양파 1//
1	레몬껍질 간것
1	매운고추 생략가능
1	꽈리고추 17개
1	흰설탕 1/
1	깻순 깻잎
1	소고기 완자
1	식용유 튀김옷용
1	식용유 튀김유용
1	가을무순
1	밥 630g
1	참치 통조림 큰것
1	다진 할라페뇨
1	옥수수수염차
1	연근 중간 사이즈
1	부침가루 90g
1	설탕 연유
1	냉동새우 게맛살 대체가능
1	이탈리안 드레싱
1	비타민 샐러드채소
1	파프리카붉은색
1	다크코팅 초콜릿
1	초코크런키 토핑
1	런천미트 작은거
1	닭발용양념
1	올리고당 간봐서
1	물 미역 1묶음
1	찹쌀물 찹쌀가루
1	지단
1	양념김치
1	비엔나소시지 작은것
1	무항생제 닭윙
1	우유 닭윙재울
1	국산콩 간장
1	스팸 700g
1	슬라이스한 마늘
1	돼지고기 통겹살 4덩어리
1	새우살 100g
1	멸치 액젓 새우젓 1숟가락
1	대파 흰 부분 다진 것
1	참치 통조림 한캔
1	삼겹살 300g ~
1	생강즙생강채
1	자숙문어 몸통
1	파프리카 색색깔로
1	통조림팥
1	브로콜리 100g
1	먹태
1	다쿠아즈
1	스카이블루 색소
1	샐러드채소 소량
1	각종과일
1	그릴햄 선택
1	커스터드 믹스
1	얌운센소스
1	냉동해산물
1	치커리 1뭉치
1	녹두실당면
1	시원한 물
1	새우젓 1~1+
1	양파 큰것 1/4개
1	기름 지지미1장당
1	애호박 일반 애호박1.5개
1	대파 필수
1	당근 대체 및 생략가능
1	버섯 대체 및 생략가능
1	깻잎 대체 및 생략가능
1	양배추 대체 및 생략가능
1	청양고추 대체 및 생략가능
1	사각어묵 갈치어묵
1	물 두부가 잠길
1	매운고추 선택사항 원하는
1	육수멸치와디포리
1	고운고춧가루 1+
1	마른새우 60g
1	볶은양파
1	코끼리 마늘
1	달걀 지단 넓게
1	어묵 넓게
1	김치 김치 길이
1	머스타드소스마요네즈
1	생크림 시판용
1	우유 큰컵
1	삼겹살통삼겹
1	다진대파 흰대
1	보라색소
1	포도잼 이나 블루베리잼
1	도토리묵 1팩
1	달걀휜자
1	콩팥완두설탕절임
1	매운맛 카레가루
1	볶은 소고기
1	삶은 국수
1	얇게 썬 돼지고기 앞다리살 600g
1	고추가루 마지막에 넣어줄
1	고추가루 약간매운
1	풋고추청량고추
1	시판용 떡갈비 소
1	파슬리가루 or바질가루
1	영양부추 or쪽파
1	바질 순
1	토마토대
1	올리브유엑스트라버진
1	대나무트레이
1	수저세트
1	수저받침
1	상주
1	계란 간장
1	뱍력분
1	수육용 돼지고기 삼겹살
1	통후추 50원 동전크기
1	월계수잎 큰거
1	인스턴트커피블랙
1	케찹 기호에 맞게
1	썬 스팸 작은
1	오이 원하는
1	다진고기 소고기100/돼지고기 100
1	파프리카 생략가능. 방송X
1	돼지고기 한근
1	느타리버섯 큰거
1	어묵 얇은납작
1	돼지고기갈비양념장 한병
1	꿀 3바퀴
1	와사비분말
1	캐러멜리제바나나 위에서만든거 전부
1	데코용바나나
1	오징어 약간작은
1	알과 곤이
1	미림소주 1비율
1	디포리 멸치로 대체 가능
1	생크림 or버터크림
1	아이스크림콘
1	진
1	식용류 튀길 때
1	올리브유 식용유대체
1	컵꾸밀토핑
1	요리당 or물엿
1	쪽파 3~4cm
1	딸기 작은크기
1	삶은 시래기 크게
1	김 or김가루
1	묵은김치 잎
1	마트표 콩나물
1	닭고기 영계
1	초코 크런치
1	나무막대
1	레드 초콜릿
1	계란샐러드
1	밀가루 1머그컵
1	설탕 3/4머그컵
1	생새우 말린것
1	뿌려줄설탕
1	덧가루용강력분
1	라면 분말스프
1	국수 소면or중면
1	올리고당 or꿀or물엿
1	당분시럽 100ml
1	맛살 생략 가능
1	생막걸리
1	어린 채소
1	​배춧잎속대
1	청양고추소
1	사과 슬라이드
1	구워먹는 치즈 125g
1	부추 50원짜리 동전크기만큼의
1	케찹 원하는
1	아마씨 가루
1	국수 동전크기분량
1	​반으로 자른 쪽파
1	고구마말랭이
1	참기름 + 들기름
1	우리밀 통밀중력분
1	열무 크게
1	두툼하게 썬 연어회
1	고슬고슬 지은 밥 1그릇
1	알감자 1봉 600g
1	불고기햄
1	건무청시래기
1	녹말가루 듬뿍
1	새싹 모둠팩
1	아구 小
1	홍합 1대접
1	보리 건새우
1	배춧닢
1	생면 면사리
1	올리고당생수
1	고추가루 1/
1	고구마 삶아서 으깬
1	베이킹 쌀가루
1	햄통조림 K로스팜 큰캔 1/2등분
1	당근 작은것 1/2등분
1	귀리 밥
1	멕시칸시즈닝 선택
1	시판 깐메추리알
1	다시마 7x 5
1	물과식초
1	꽈리고추 선택
1	랍스타
1	가니쉬
1	다시마 5cm x
1	아기 새송이 버섯
1	양파 작은크기는 한 개
1	참기름 4~5방울
1	들기름 +1t
1	다진 마늘 큰크기
1	아스파라거스미니
1	빨강 고추
1	물450ml 3번
1	밀가루 유기농
1	소금 1번
1	무우 생략가능
1	짧게 채 썬 오징어
1	마른 잔멸치
1	유리병 열탕 소독 후 사용
1	훈제닭가슴살 500g
1	메추리알 300g
1	동치미무 중간 것
1	무 채썰었을때
1	매실액물엿
1	카레 한봉지
1	당근 4분
1	카스테라 130g
1	바나나 토핑용
1	볼락
1	크로와상 생지
1	다시마 없으면 생략가능
1	된장 물 염도에 따라 조절
1	해감 바지락
1	조미료 사골액기스
1	볶음땅콩다진것
1	튀김옷
1	돼지고기 잡채용돼지고기
1	베이킹 파우더 생략 가능
1	마른 꼴뚜기
1	고기왕만두
1	​채썬 무
1	슈레드 샐러드 치즈
1	쌀뜨물 1L
1	믹스샐러드
1	케이쥰시즈닝
1	발사믹비네가
1	참깨 갈은 것
1	물 3~4국그릇
1	하프 케첩
1	무청시래기 크게
1	당근 반개
1	삽겹살 300g
1	소면 2인
1	밥사랑 생략가능
1	피스타치오 다른 견과류 대체가능
1	닭 볶음용 550g
1	목심
1	앙글레즈버터크림 남은 양 전부
1	빙수떡
1	파프리카 큼직한것
1	리얼 그래놀라
1	참기름 2-3방울
1	그라뉴당
1	바닐라 에센스 5방울
1	치즈가루 선택
1	대파 초록색 부분 20센티
1	낙지 머리빼고
1	스모크햄 햄 1개
1	청양고추 취향껏조절
1	닭봉 350g
1	당근 약간
1	다진생강 생강가루 대체가능
1	당근 다진당근
1	케첩 이나 머스터드소스
1	아이스망고
1	오징어 中
1	대파 잘게 썰은
1	미니 캐럿
1	그린빈 소량
1	묵은지 큰것
1	저염 된장
1	골뱅이통조림 1캔
1	애호박 한토막
1	민트 에센스 2~3방울
1	콩 계량컵 기준
1	청량 홍고추
1	깻잎페스토
1	대두소프트 Daedoo soft
1	중력분 Medium flour
1	황치즈분말 Cheddar cheese powder
1	다진 모짜렐라치즈 Chopped mozzarella c
1	파마산치즈가루 Parmesan cheese powder
1	버터 Butter
1	계란 Egg
1	식용유 Cooking oil
1	설탕 Sugar
1	우유 Milk
1	소금 Salt
1	​큰 둥근 애호박
1	허브소금 두번 톡톡
1	베이컨 두껍게는 12줄
1	두부 대략 240g
1	매운맛굴소스
1	아욱 1줌
1	대파 실파
1	부추 새끼손가락만큼의양
1	조선간장 국간장 밥숟가락
1	감자 주먹사이즈
1	신김치 오징어의 2배
1	배추썬것 수북히 2대접
1	쇠고기썬것
1	소고기 우삼겹
1	오리주물럭
1	연어통스테이크 통조림
1	​ 굴
1	양파 큰거 1/2개
1	후추 취향에 따라
1	불고기맛햄
1	등심돈가스
1	오리훈제슬라이스
1	후레쉬 모짜렐라 치즈
1	쌀밥 약 250ml
1	양파 넣고싶은채소
1	모듬 버섯
1	채소류
1	양배추 크게 1줌 1국그릇
1	진달래꽃
1	쑥잎
1	햄 반개
1	깻잎 5잎
1	남양 크림맛 3층 치즈
1	간장 100cc
1	물 200cc
1	삶은 계란 or구운계란
1	연어통조림 135g
1	깔루아 시럽
1	자숙 문어 작은거
1	까나리액젓멸치액젓
1	데미글라스소스
1	우유 1/2컵
1	생강 마늘 크기로 1개
1	콜라 약1컵
1	파푸리카
1	들기름 2+
1	딸기 작은 것
1	인스턴트 카레 가루
1	큐브 카레 1 조
1	작은냉동새우
1	우엉 약 400g
1	어묵 넙적한거
1	삶은 메추리알20알
1	간장 종이컵반컵
1	물 종이컵반컵
1	메추리알20알
1	소금중간굵은소금
1	햇반 일반 밥 한 공기
1	참치 중간캔
1	토마토소스 2/3국그릇
1	발효식초
1	청피망 다진 것
1	홍피망 다진 것
1	대파 3가닥
1	치킨염지제
1	핫스파이스치킨가루
1	KFC치킨가루
1	초록색 파프리카
1	국거리 돼지고기
1	크래미 8개
1	조미 유부 28개입
1	배추김치 잘게 썬
1	열무김치 잘게 썬
1	밤 선택
1	메밀면 130g
1	돼지고기등심 잡채용
1	붉은마른 실고추
1	호박 고추장
1	황물엿
1	무우 1/3등분
1	배 1/4등분
1	어린잎 넣고싶은채소아무거나
1	통마늘 편썰기
1	양파 채썰기
1	후추 허브솔트 가능
1	아몬드나 땅콩 가루
1	대파 하얀뿌리
1	대파 초록뿌리
1	식용유 파기름낼
1	참기름 마지막
1	작은 소시지
1	핫케익 믹스
1	닭가슴살 슬라이스햄
1	비엔나소시지 꼬치당
1	떡 꼬치당
1	대파 꼬치당
1	전접시
1	사각볼
1	일미채
1	소고기 조미료 생략 가능
1	돼지고기살코기
1	간장 1머그컵
1	소주 1머그컵
1	설탕 1머그컵
1	남은 소고기 고추장볶음
1	딸기잼 등 과일 잼
1	당면 6인분
1	간장 원하는
1	설탕 원하는
1	등갈비 약5인분1400g
1	간장 1.5컵
1	코코아가루제티
1	시금치 약 110g
1	삶은고구마 큰것
1	파인애플 통조림 슬라이스
1	맛타리버섯 한줌
1	당면데치기용 간장
1	잡채양념용 간장
1	물 돼지고기데칠물
1	작은 다시마 큰 1장
1	만두고향만두
1	야채 냉장고에있는것들
1	우유 1/2밥그릇
1	딱새우
1	쌀뜨물 4컵
1	안매운 고춧가루
1	양상추 or치커리
1	생강술 생략가능
1	도토리묵 2사발
1	돼지고기 앞다리살 찌개용 1밥그릇
1	백숙용 닭고기영계
1	케이준시즈닝 카레
1	샤브용 쇠고기
1	시판 칼국수
1	케익시트
1	포장용품
1	코코넛 플레이크
1	설타나
1	주방전자저울
1	보관병
1	훈제연어 레드 140g
1	피자치즈 후라이팬덮을
1	배추 만두
1	수육 육수
1	건미역 넉넉하게
1	생강가루 약간만
1	분식그릇
1	케일 자투리
1	베이킹 파우더 2/3ts
1	쌀엿물엿
1	달걀 노른자 2개+흰자 1개분
1	양파 작은거 큰양파는1/2개
1	오징어 마리당 250g
1	만개한알 육수
1	백설찹쌀 호떡믹스
1	스위트리 자일로스설탕
1	닭가슴살 1/2덩어리
1	무쇠팬
1	쌈무 선택
1	스팸 약 1컵
1	소고기밑간청주
1	홍삼가루
1	갈치젓
1	금귤
1	메추라알
1	스팸 큰거 340g
1	새우젖 다진거
1	우삼겹양지
1	대추씨 우린 물
1	새우젓 1/2~
1	수박속껍질 겉껍질 제거한
1	절일 소금
1	고운소금 조절
1	송송 실파
1	남은 알타리 김치통작은거
1	다진 쇠고기우둔살
1	김치 2줌
1	누룽지 시판용
1	굵은소금 조개해감용
1	다시마&표고버섯 우린물
1	치즈 슬라이스치즈 가능
1	물 생략가능
1	비엔나소세지 작은
1	다시물 4대접
1	밀가루나 전분가루
1	흰 후추
1	소고기볶음고추장
1	햄버거용빵
1	시판용 떡갈비
1	천혜향
1	구운 견과류
1	돼지앞다리살 2덩어리
1	쏭쏭 썰은 김치
1	삶은 뒤 물기를 꽉 짠 시래기
1	맛술 고기가 촉촉할
1	국수 1손
1	생강 손가락 한마디
1	70% 초콜릿
1	청상추 여러장
1	물 종이컵 1/3
1	간장 50ml
1	진미채 한줌
1	다짐 대파
1	물 500CC
1	치즈 김밥치즈 두줄
1	배추김치 먹고싶은
1	당근 얇게썰은것
1	마늘 약간모자라게
1	핫케익믹스 종이컵 두컵반
1	캐슈넛호두
1	크랜베리주스
1	빨간 고추
1	얇게썬부챗살
1	부추뿌리
1	실파 2가닥
1	가마솥
1	소세지빵
1	묵은지 1대접
1	김치 볶아서
1	삶은 단배추 1덩어리
1	그라나파다노 선택
1	무우 600~700g
1	건다시마 5×5cm
1	화이트 쉘초콜릿
1	분유 생략가능
1	말차가루 생략가능
1	코코아가루 생략가능
1	초코칩 생략가능 양껏
1	말차크림 생략가능 양껏
1	팥앙금 생략가능 양껏
1	계란 노른자 흰자 분리
1	시판 육수
1	생크림액체
1	초코칩 취향껏
1	밀 떡 1대접
1	돼지고기다진것
1	전분가루 200g
1	도리닭
1	무화과 잼
1	머스타드 선택가능
1	찜용소고기
1	간배
1	대파 얇은거
1	생 바질잎 바질가루가능
1	발사믹식초 일반식초가능
1	아가베시럽 꿀이나설탕등
1	치즈볶이
1	빨간순대
1	훈제란
1	무파마라면
1	대파 초록부분 있으면 고명
1	도라지 굵은부분
1	파초록색 부분만
1	바닐라에센스 1/2ts
1	베이킹파우더 1/3ts
1	소금 1/8ts
1	고구마 깍뚝썰기한
1	새우 큰것
1	칠갑농산 소면 100g
1	부침가루 수북이
1	어린 무
1	멸치팩 다시다 육수용
1	사각 햄
1	왕란
1	무 1.2kg
1	실파 반줌
1	참치 100g* 2
1	냉이 데친것
1	솔부추다진것
1	파인소프트 T
1	양송이크림스프
1	황태채 100g
1	조미김 김가루
1	닭 마리당 800g
1	깐 땅콩
1	떡 마트에서 파는것추천
1	썬 당근
1	오뎅 마트에서 파는것 마음대로
1	치즈 편의점 100원치즈추천
1	바닐라 익스트렉 2방울
1	끝물 청양고추
1	절임물 물10컵:소금1컵
1	밀가루풀 물1컵:밀가루2큰술
1	식힌 밀가루풀
1	사과 갈은거 배
1	몬스위트 칠리소스
1	국수 500원 동전보다 살짝 크게 움켜쥔
1	무 1국그릇
1	쪽파 대파 1/2대
1	식용금박 소량
1	오일 소량
1	자숙 우렁이
1	표고버섯우린육수
1	안창살
1	고구마줄기 고구마순 1/4단
1	자숙 바지락
1	살사 소스
1	쌀국수분말
1	새송이버섯 약 150g
1	팽이버섯 500원크기
1	양념 1비율
1	소세지 베이컨 2~3줄
1	간장 장조림간장 추천!
1	후추가루 많이
1	로제스파게티소스
1	옥수수콘 작은것 통
1	쇠고기스프
1	들깨가루 1테이블스푼
1	진간장 1테이블스푼
1	들기름 3테이블스푼
1	매실액 1테이블스푼
1	식초 1-2방울
1	홍초 바이탈플러스 석류맛
1	라즈베리 냉동
1	로즈바나나
1	해물 육수팩 멸치
1	간장 이나 마요네즈
1	당근대
1	채소육수 1포
1	물 기호에맞게
1	야채는냉파
1	소금 다진마늘
1	밀가루떡볶이떡
1	우리밀운동본부 통밀가루
1	밥스레드밀 유기농 통밀가루
1	참기름 없어도 무관
1	파스타면 듀럼밀
1	갈아놓은 돼지고기 600g
1	간장 1200g
1	감자칼국수면
1	스파게티면 80g
1	국수 양을 조금 넉넉하게
1	국물
1	떡국 떡 2그릇
1	소고기돼지고기
1	돼지목살 슬라이스 앞다리살
1	멸치 국물
1	콩나물 1냄비
1	새우젓 간맞추기
1	얼그레이tea
1	무가당코코아
1	김치볶음밥
1	마쉬멜로우
1	건과일 그 외 올리고 싶은 건과일
1	불고기용 or샤브샤브용 소고기
1	월계수잎 4~5잎
1	할라피뇨 고추
1	소금 2번
1	느타리버섯 2뭉치
1	소금 좀 많이
1	스팸 185g
1	대파 한 주먹
1	고등어 한마리
1	단호박 900g
1	마른 튀김가루
1	마른다시마 자른것약간
1	참치맛나니
1	매실발사믹 식초
1	굵은소금 시금치 삶을때 사용할것
1	다시마 10 x 10
1	청량고추땡초
1	등푸른생선
1	18 * 8.5*
1	식물성 오일 포도씨유
1	레몬껍질 다진것 1/2개분
1	토핑용크렌베리
1	호박고구마 큰 것
1	날 튀김가루
1	가쓰오부시 우린 물
1	하얀설탕슈가파우더
1	대구 원하는
1	시금치남해초
1	닭 근위닭똥집
1	골뱅이 큰거
1	얼지않은모짜렐라치즈
1	꽂아줄 꽂이
1	시금치 포항초 섬초
1	천연조미료다시마&새우&표고가루
1	건새우 소복하게 2컵
1	물 15컵
1	닭다리살정육
1	마른 미역 1국그릇
1	보리새우 말린것
1	사과 어른주먹크기
1	물엿 평평하게 깍아서
1	돌나무
1	닭가슴살스팸
1	마늘쫑 30cm 30개정도 1묶음짜리
1	순대 약500g
1	망가닥버섯
1	모짜렐라치즈 70g
1	골뱅이 300g
1	느타리버섯 20g
1	달래 10가닥
1	녹말물 전분가루 1 티스푼+따뜻한물
1	칠리오일
1	식빵 or베이글
1	멸치소
1	슈가파우더 취향것조절가능
1	파슬리가루​
1	절단닭
1	6인치 또띠아
1	사과 토핑
1	멸치까나리액젓
1	돼지고기 통 삼겹살
1	물 닭발이잠길
1	소고기간거
1	무 1kg
1	토마토 방울토마토로 대체
1	만두피 또띠아 사용
1	슈가파우더 +여분
1	모닝롤 빵
1	홈그레인머스터드소스
1	미강유 포도씨유
1	물 통조림 캔으로 계량
1	오징어진미채 원하는
1	튀김가루부침개가루
1	돈가스소스 소량
1	쌈장 소량
1	범일국 된장
1	진간장 기호에 따라 가감
1	사이즈 다른 빨대
1	올리고당 1/
1	무우중
1	연어 150~200g 인당
1	아보카도 1인당
1	양상추등 2-3잎
1	회초고추장
1	메추리알 생략가능
1	레드파프리카
1	골뱅이통조림 400g
1	양파와 키위 갈은 즙
1	얼갈이배추 1묶음
1	재방풍나물
1	한국 광어
1	다진 무김치
1	마요네즈 취향것
1	곤약 개봉전
1	통대파 육수용
1	무 4cm두께
1	양념갈비
1	통밀 파스타
1	페퍼론치노 땡초
1	양배추 중간크기
1	식용유 약간
1	다진마늘 약간
1	스파게티 500원동전
1	브로콜리 큰거
1	꼬막 싱싱한
1	맛타리버섯 1덩어리
1	소주고량주
1	멸치 100g
1	고추 70g
1	​시금치
1	소고기 저는 등심 사용
1	먹물 스파게티
1	야채수
1	다시마 멸치액젓
1	수박껍질 국그릇으로 하나
1	고춧가락
1	큰오징어
1	굵은 소금 면삶을때
1	계란큰걸로 흰자 약1/3컵
1	계란 되기조절
1	면삶는 물
1	식용유 대략 조금 넣으시면 되요. 0.7oz
1	통통한무
1	파마산 치즈가루 듬뿍
1	드라이토마토
1	김장김치 길게
1	손질한 국물용 멸치
1	왕교자
1	사각 유부 초밥
1	물 계란과같은양
1	파프리카다진거
1	차슈덥밥그릇
1	가쓰오부시 소량
1	김칫국
1	표고액젓
1	향신료 바질
1	치킨스톡물 물만 넣어도 됩니다
1	물 두번에 나눠서 넣기 2000+
1	돼지 등갈비 2줄 3Kg남짓 7파운드
1	감자 1Kg
1	새송이버섯 굵은거
1	그외 치커리
1	쇠고기부채살
1	백숙 닭
1	밀떡 떡복이떡
1	어묵스프
1	육수다시물
1	피망 부추
1	채썬 양파 1사발
1	채썬 양배추 1사발
1	채썬 애호박 1사발
1	홍합 넉넉히
1	시판용 미트소스
1	엿질금 500g
1	삼겹살 3줄
1	고추장아찌 큰 고추
1	고추장아찌 국물
1	납작당면 1뭉치
1	파프리카 간장
1	곤약 250g
1	대파 20cm 흰부분위주
1	물 1컵
1	올리고당 50ml
1	식초 절임용
1	후랑크 소세지 물에 데친것
1	물 1/3+
1	제티 초코
1	제티 딸기
1	제티 바나나
1	제티 쿠키앤초코
1	습식멥쌀가루
1	청고추 기호에 따라
1	스팸 통조림햄
1	닭안심살 닭가슴살ok
1	르쿠루제팬
1	야채 냉장고속에있는
1	불린검정콩
1	다진새우젓
1	미인 풋고추
1	부추 작게
1	돌미역
1	돼지 or소고기
1	돈까스용 돼지고기 등심
1	당근 옵션
1	간 양파 옵션
1	후추 옵션
1	초록 색소
1	소바 장국
1	들기름 듬뿍
1	소고기 살치살
1	다진 돼지고기 1비율
1	다진 소고기 1비율
1	쪽파 잘게 다진
1	으깬명란젓
1	우리밀 밀가루중력분
1	슬라이스 백아몬드
1	구운김 김밥용김
1	채썬 김장김치
1	크리미 버섯
1	풀 국
1	주꾸미 큰거
1	채 썬 무 1개분
1	소금 1/2+
1	가와지1호
1	잘숙성된김치
1	우유 조금만
1	파프리카당근
1	메추리알 28개입
1	뚜껑있는유리그릇
1	통조림햄슬라이스
1	햇 감자 대.중.소
1	다시다 시판 쇠고기다시다
1	핫초코가루 30g
1	호박줄기
1	멸치양념해놓은것
1	감자 많이
1	초콜릿 다크커버쳐+코팅
1	쿠키크런치
1	밥숟가락 기준입니다
1	판초콜릿
1	썬푹익은 김치
1	참치액 이나 청정원국간장
1	청량고추 취향껏
1	자숙 문어
1	송송 썰은 신김치
1	불고기용 소고기 한우
1	냉동 모듬해물
1	감자 작은거 큰거 하나
1	편의점 우동
1	편의점 치킨 꼬치
1	꽈리고추 약 20개
1	동태머리
1	해물다시다
1	불고기소세지햄
1	미니새송이버섯양송이
1	잘린미역
1	송송 썬 풋고추
1	파슬리분태
1	슬라이스한 블랙올리브
1	생크림소금
1	전분 T
1	부침가루 T
1	지리멸
1	얼갈이 배추4포기
1	닭다리살 500~600g
1	킹크랩 게맛살 큰 거
1	물 그릇 크기별로 조절
1	엿기름물 + 물
1	양배추 한공기 3잎
1	굴소소
1	소고기채끝등심
1	시레기 1묶음
1	납작한 오뎅
1	청파프리카피망
1	마늘종 1Kg
1	설탕 매실청
1	통깨 간 것
1	파프리카 3가지색
1	오이피클 오이
1	참치 작은캔 1캔
1	간장진간장
1	샌드위치용 식빵 1묶음
1	설탕 간장이랑동량
1	새싹아채
1	불고기양념장
1	대파 가득
1	어묵맛대장
1	크라비아
1	라오깐마 고추기름
1	양념소고기
1	사골곰탕 1팩
1	손질한 쭈꾸미
1	홍고추 다진거
1	매운 라면
1	드라이 오레가노
1	계란 약 54g
1	오레오 12개
1	생크림무가당
1	머스코바도설탕
1	그릭요거트 선택
1	불고기양념
1	불고기 양념
1	﻿다진 마늘 ﻿
1	고춧가루 ﻿
1	참기름 ﻿
1	리코타치즈 크게
1	참치액 치킨스톡
1	통조림 밤
1	파프리카빨강 노랑 초록
1	중간 사이즈 새우
1	다시마 선택재료
1	카놀라유 200ml
1	수박 속껍질
1	머위 잎
1	노란 치즈
1	하얀 치즈
1	두부참치 쌈장
1	쌀뜨물 없어도됨
1	수제비 없어도됨
1	꽃게 손질한것
1	무 손톱* 4높이
1	진공순대
1	소고기안심 다진것
1	피자치즈​
1	콩나물 1줌
1	단감 중간 사이즈
1	돼지고 목살
1	청주 선택
1	김 도시락김
1	순두부 202g
1	무우 손가락
1	애호박 손가락
1	양배추와 적채 채썰어
1	삶은 무
1	동태 사이즈가 작아요
1	밀가루 *감자와 밀가루 비율 1: 1
1	건더기용채소 당근 애호박 감자
1	밥 1/
1	고춧가루 취향에 따라 준비 1/
1	파마산 기호에맞게
1	머위나물 1소쿠리
1	전분 부침가루
1	삶은백 골뱅이
1	조림용 알감자 1200g
1	콩나물숙주
1	대패삼겹살 불고기용
1	양파양송이버섯
1	호박등 각종 없음 생략
1	오렌지 말린것
1	호두 간것
1	통감자 작은거
1	8호 또띠아
1	미나리 줄기 부분
1	순두부 1대접
1	멸치 디포리
1	고추기름 고춧가루1큰술 참기름
1	청정원스파게티면 사진참고
1	로제소스 1병
1	파스타면 2인분
1	바질가루 소량
1	소고기 우둔살
1	깐메추리알 300g
1	청양고추 빨강
1	청양고추 초록
1	소금 고기밑간용 소량
1	후추 고기밑간용 소량
1	가와지 쌀
1	무 나박썰기 한것
1	쌀뜨물 1그릇
1	베이컨 작은 사이즈
1	호박 4cm 반달모양으로 손질
1	오이 6cm
1	활전복
1	고구마 350g
1	사과 작은 사이즈
1	피방
1	마늘장아찌
1	영계닭
1	제육볶음용 고기
1	참치 중
1	꽁치톰조림
1	찰순대
1	​가지
1	올리고당 1소주잔
1	고운면포
1	풋고추 or꽈리고추
1	대파 쫑쫑썰어
1	메밀생면
1	생낫또
1	샐러리 작은것
1	풋고추 큰사이즈
1	아이스크림 콘
1	송송 썬 쑥갓
1	통항정살
1	생그림
1	멸치大
1	순대 1국그릇
1	묵은지 신김치
1	떡국 떡 1컵
1	육공방 브라운스모크
1	닭볶음탕용 닭 1000g
1	만두피 300g
1	양파 작은사이즈1개분량
1	케일 다듬은 후 크게6줌
1	청크 초콜릿
1	크로아상
1	브로콜리 등 집에 있는 야채
1	어린이용 잔멸치
1	최상급 블루 아가베시럽
1	다진 빨간고추
1	콩나물1봉지
1	동원 어묵 305g
1	동원 미앤미 소시지
1	도넛가루
1	묻혀줄설탕
1	치킨스톡가쓰오부시
1	자숙연근
1	올리고당쌀올리고당
1	﻿대패 삼겹살
1	닭 845g
1	골뱅이캔 큰거
1	스테이크용 소고기 등심
1	등갈비양념
1	캡사이신소스 조절가능
1	청양고추 조절가능
1	들기름 마지막에
1	바닐라에센스 2방울
1	키위 껍질깐것4~5개분량 300g
1	키위 토핑용
1	파스타콘킬리에
1	양파 찹
1	올리브 절 인물
1	물 통조림 1캔
1	묵은지익은 김치
1	통조림 참치 큰것
1	황태 한줌
1	바닐라오일 1방울
1	얼린생블루베리
1	통갈비삼겹
1	가지 1개
1	남은 소주
1	깻잎 큰묶음
1	얼음`
1	골뱅이 캔 소
1	쫄면 사리
1	삶은 시래기 물기를 꼭 짠 무게
1	파슬리 후레이크
1	튀김가루 3+
1	애기고추
1	김치 4잎
1	양념 소금
1	순대 250g
1	고향만두
1	데침용 굵은소금
1	체다치즈흰색
1	체다치즈주황색
1	생닭8호 700g
1	캔맥주 500ml
1	강아지개껌
1	강아지육포
1	표고버섯양송이버섯
1	청고추피망
1	쌀뜸물
1	참외 작은건 2개
1	네모 유부초밥
1	소불고기 소량
1	통삼겹살 2덩어리
1	필링 바나나
1	팽이버섯 30g
1	바게뜨빵
1	허브치킨
1	칵테일새우 크게
1	마요네즈토핑
1	파슬리후레이크토핑
1	감자 손질한 것
1	잘 익은 김치 300g
1	봄동 350-400g
1	매실청 설탕대체가능
1	멸치액젓 소금대체가능
1	황태 북어포가능
1	레몬즙 1개분
1	시판 오이지 약 300g
1	물 계란 양의 1.5배
1	피치 젤리
1	건해초
1	미나리 잎
1	찹쌀가루 깎아서
1	간장 3Tsp
1	식초 1Tsp
1	올리고당 2Tsp
1	참기름 1/2Tsp
1	명란알
1	생강가루 or생강즙
1	식빵바게트호밀빵
1	소금 무염버터의 경우
1	버터 크림치즈용
1	슈가파우더 크림치즈용
1	부추 1묶음
1	당근 1/5개
1	반죽 생략 하실꺼면 또띠아
1	마른미역 원하는
1	오이 미역양의
1	오이양의
1	짜장 오뚜기
1	건미역줄기
1	삶은고구마 2개
1	오뚜기 양송이 스테이크 소스
1	떡 600g
1	대파 송송썬 것
1	연근 500g
1	배추 묵은지 1/2등분
1	홈런볼
1	카스타드
1	초코하임
1	브라우니
1	칸쵸
1	참붕어빵
1	초코칩쿠키
1	굵은후춧가루 넉넉하게
1	돼지고기 막창
1	참기름 김치양념
1	월계수 생략가능 8잎
1	후추 톡톡 2바퀴
1	돼지고기 목살앞다리살 등
1	호두 잘게 부순
1	두반장 2술
1	후추 먹을
1	건미역 밥공기2/3공기
1	칵테일새우 or햄
1	밀크 or다크초콜릿
1	오레오 생략 가능
1	메추리알 30알
1	건표고 한줌
1	쌈 다시마
1	쌀핫케이크믹스
1	미역 20g
1	종이컵 7컵
1	스테인레스냄비
1	다진 마
1	청양고추 작은크기
1	맛간장 진간장가능
1	케이틀
1	썬 대파흰부분
1	썬 대파잎
1	홍초 or레몬
1	소고기 국거리 양지머리
1	무 3도막
1	숙주 2줌
1	삶은 고사리 2줌
1	당면 2줌
1	후추 톡톡 4~5번
1	시금치 한봉지
1	돼지고기 목살앞다리살등
1	생 라면 1/
1	돼지살코기
1	대파흰부분쪽
1	다시마 or멸치
1	​어묵
1	다시마육수 800 ml
1	옥수수 통조림 =340g
1	꽈리고추 3줌
1	그라인더 후추 2 g
1	노른자 20 g
1	삶은 고춧잎
1	레몬 후르츠
1	냉장고속 채소
1	인삼 1/
1	떡볶이떡 쌀떡추천
1	병아리콩 불릴 생수
1	병아리콩 삶을 생수
1	미니 표고버섯
1	대파 손질된
1	김장김치 국물
1	홀그레인소스
1	깨 원하는
1	버터 양파볶을때
1	버터 식빵구울때
1	참치캔고추참치
1	양조 진간장
1	물 달걀과동량
1	닭다리&날개
1	파프리카 홍색 자투리
1	파프리카 주황 자투리
1	돼지고기간것볶음
1	일가집쫄깃치자단무지
1	냉동페이스츄리생지
1	레몬엑기스
1	충전용 마가린
1	가지 200g
1	여러가지 견과류 60g
1	시판용 멸치육수
1	진한진간장골드
1	땡초지
1	건조크렌베리
1	어묵 네모 얇은것 4장
1	백설팬케익믹스
1	베이킹파우더BP
1	바닐라오일 생략 가능 2방울
1	쇠고기 갈은거
1	된장 가득
1	전분물 마지막에
1	길게 썰어놓은 삼겹살
1	피망 or풋고추 두개
1	짬뽕라면
1	두부 낮은거
1	손질한 꽃게
1	백오이 1kg
1	부추 1/3단
1	굵은소금 백오이 절일때 사용
1	콜라비 한개
1	숙성 연어
1	다진대파흰부분
1	파르마산치즈
1	자장라면
1	닭 꼬치
1	송화버섯
1	감자 작은거 계란알크기
1	미니 단호박 지름 11cm
1	새우 8미
1	참치베이컨
1	김치국물고춧가루
1	빨간
1	마가린버터
1	새송이버섯 5꼭지
1	얇게 썬 돼지고기목살
1	풋콩
1	빈 믹스커피 봉지들
1	비스켓
1	꿀짱구
1	크래미 생략 가능
1	국시장국 100ml
1	작은 배춧잎
1	상추 150g
1	참기름 선택 1방울
1	시판생칼국수면
1	양념에 잰 소고기불고기 1그릇
1	두절새우
1	프레시모짜렐라치즈
1	다시마 5cmX5cm크기
1	팽이버섯 75g
1	설탕 3스푼
1	청양고추가루 1스푼
1	진간장 2스푼
1	물엿 1스푼
1	다진마늘 15g
1	대파 2큰술
1	물 100cc
1	시판하는 초고추장
1	구운 김밥김
1	당근 5~6cm길이
1	시판 호떡믹스
1	동치미 무 작은것
1	슈레드 모짜렐라치즈
1	스퀴저
1	다진 청피망
1	그외 생수 원하는
1	뼈없는 닭다리
1	곱고 매운 고춧가루
1	밥물 200ml컵
1	굴소스 2술
1	두부 시장거라 좀 커요
1	물미역 2다발
1	소금 미역데칠때
1	돼지등뼈 3kg
1	새웃젓
1	월계수잎 5-~
1	스팸작은사이즈
1	조미김 원하는
1	파슬리 마음대로
1	미니쥐청오이
1	당면 두줌
1	한우 소고기 국거리
1	생크림 휘핑크림 가능
1	스테인레스 볼
1	과일 고명
1	청양고추와 홍 고추
1	닭다리 북채 500g
1	우스터소스 간장
1	썰은 부추
1	데친단 배추시래기
1	만두 원하는
1	더위사냥
1	우유 또띠아
1	무 갈아서
1	국간장 멸치먹어보고 생략가능
1	명란 2덩어리
1	양상추상추
1	찜통
1	치자단무지 물기가적은
1	명란젓 없어도 무방
1	식초 이거대신 고추기름2T가 더 좋아요 .
1	식초 선택재료
1	청주 2소주잔
1	닭 중간사이즈
1	크레미 맛살
1	멸치 다시마육수 400ml
1	파프리카 작은거 색상별로 1개
1	꼬들한 치자단무지
1	설탕 뿌리는용도
1	요구르트 10병
1	아삭이고추 피망 1/2개
1	재래 김
1	멸치다시팩 1포
1	물 가득 2대접
1	어슷썬파
1	물 1000c
1	버터 +@
1	닭 토종닭
1	소고기 잡채용
1	버섯세트
1	무 250~300g
1	떡국떡 2인분
1	쌀뜨물 재료가 자박하게 보일
1	액젓피쉬소스 간 보면서
1	닭 약750~800g
1	국물용손질멸치
1	감자 195g
1	닭가슴살 190g
1	행복한콩두부 부침용
1	햄과 소시지 원하는
1	콩나물무침
1	버섯볶음
1	공기밥 0.5그릇
1	두부 시판300g
1	사과잼살구잼
1	육수 다시마 멸치
1	닭자른
1	깁밥용 김
1	건다시마 조
1	닭 날개 1팩
1	허브솔트소금
1	빵 식빵
1	슬라이드햄
1	냉동알새우흰다리 새우살
1	소세지 생략가능
1	쇠고기 반줌
1	미역 자른미역 한 줌
1	박력분 soft flour
1	베이킹파우더 B.P
1	버터 butter
1	슈가파우더 sugar powder
1	우유 milk
1	생크림 fresh cream
1	소금 salt
1	초코칩 chcolate chip
1	돼지고기 목살 구이용
1	들기름 고기볶을때
1	토마토 작은
1	요리당 꿀
1	진간장 올리브유
1	당근잎
1	솔티드 카라멜 오레오
1	레드벨벳 오레오
1	썰어둔 대파
1	돈골액기스
1	아가베시럽올리고당
1	시판사골국물
1	감자 600g
1	소금 감자 찔 때
1	물 감자 찔 때
1	드라이 방울토마토 있으면
1	물 충분히
1	단호박中
1	겨자디종
1	타임 허브 말린것
1	정육된 닭다리살 닭다리8개
1	전분가루부침가루
1	게맛살 긴것
1	부침가루 가득
1	옥수수 1작은캔
1	연어캔 135g
1	부침 기름
1	살라미 8슬라이스
1	정향 cloves
1	떡 떡국떡or떡볶이떡
1	다이제 초코
1	무 1뼘
1	또띠아 지름6인치
1	햄버거패티 75g
1	모짜렐라치즈 또띠아
1	마늘 편썬 것
1	소세지 비엔나
1	무 300g
1	물 400mL
1	배추알배기
1	밀가루풀 밀가루 1Ts + 물 2Ts 풀어끓인것
1	대파 뿌리까지
1	메로
1	잣 다른견과류로대체가능
1	냉동 차돌박이 1밥그릇
1	청양고추 + 일반 고추 얼린 것
1	흰부분대파
1	청고추 or실파
1	홍고추 당근 조금
1	시금치나물 or데친시금치
1	연근 2~3mm로 썬것
1	딸기 잘게 썬
1	검은깨 가루
1	마른미역 종이컵1컵
1	채썬 단무지
1	만능간장 설탕+간장+다진고기
1	브랏비엔나
1	레몬제스트생레몬
1	주꾸미 1kg 14미
1	다진 쥐똥고추 생략가능 5개
1	어린이 소시지
1	la소갈비
1	소갈비양념장
1	옥수수모짜렐라치즈
1	케이크 17cm크기 1개분
1	다코 커버춰 초콜릿
1	초코 제누와즈
1	오렌지 마말레이드
1	볶은검정깨
1	소면 한줌 하고 조금 더
1	해표더고소한김
1	흑임자 없어도 무방
1	타르트렛 클래식
1	하이포크 등갈비 1팩
1	두부 170g
1	배추겉잎
1	맛느타리버섯
1	오렌지주스 1+
1	사각용기
1	스리차라소스
1	계란 55g
1	말리 표고
1	흰우유 닭봉이잠길
1	다듬어진 콩나물
1	메추리알 1판
1	물 종이컵 1컵
1	야채 기호에맞게
1	얼음 적당히
1	시판용 핫케이크믹스
1	통후추 100원 동전크기
1	슬라이스 무 1.5cm
1	국수 1인분 보다 적게
1	조미김 고명용
1	새우 대하
1	냉이 크게2줌
1	대파 초록부분 빼고
1	시판콩비지
1	새우젓 소금으로 대체가능
1	화이트초코렛
1	설탕 토핑용
1	돼지고기 뒷다리
1	발효버터
1	비정제유기농설탕
1	멸치다시마 육수 400ml
1	멸치다시가루
1	고등어 500g
1	다시마를 우려낸 물
1	일본된장
1	견과류 아몬드.캐슈넛.잣
1	광양매실당
1	작은조기
1	꽁치 캔통조림
1	육수 따뜻한 물에 육수팩 1개 준비
1	새우젓 작은
1	홍 고추 취향껏
1	밥이랑 야채맛
1	참치 캔 제일 작은 사이즈
1	감자전분 녹말가루로 대체가능
1	런천미트 얇게
1	매실액 or설탕1/2큰술
1	말차췌이프로틴
1	시판용 삶은메추리알
1	어묵 1팩
1	검은콩가루 생략가능
1	포크빈스
1	사골육수나 멸치육수
1	라면사리등
1	믹스 견과류 원하는
1	소면 원하는
1	홍고추건고추
1	닭 5호 500g
1	브로콜리 윗부분
1	정식품 콩국물
1	스프가루 한봉
1	인디안밥 과자
1	브로콜리 작은것
1	파프리카 빨강 노랑 초록
1	식용색소빨강초록
1	황기 삼계탕 재료세트 성분표시
1	대추 삼계탕 재료세트 성분표시
1	오가피나무 삼계탕 재료세트 성분표시
1	칡 삼계탕 재료세트 성분표시
1	참당귀 삼계탕 재료세트 성분표시
1	음나무 삼계탕 재료세트 성분표시
1	헛개나무 삼계탕 재료세트 성분표시
1	단호박 일반크기
1	흑임자 생략가능
1	옥수수콘 작은 것
1	물 간장이맑게희석될
1	쌀떡볶이 20개
1	후춧가루 4바퀴
1	양념 양조간장
1	양상추 푸른잎
1	치킨 스톡액체
1	맛소금 참기름 통깨
1	시금치포한초
1	믹스 커피
1	마스카포네크림 치즈
1	오징어 중간 사이즈
1	배추 우거지시래기
1	굵은소금 콩나물데칠때
1	오일 야채볶을때
1	액상소스
1	액젓 입맛따라
1	돼지고기 반근 좀 넘게
1	다진파뿌리부분
1	캡사이신 없어도됨
1	더덕 껍질 제거 후 중량
1	메추리알 한팩
1	버터 6테이블스푼
1	꿀 5테이블스푼
1	베이킹파우터 1테이블스푼
1	골뱅이통조림골뱅이
1	파인애플 생략가능
1	손질한 닭한마리
1	올리고당 꿀
1	다크커버춰 초콜렛
1	카카오닢스
1	떡국떡 500g
1	메로 목살
1	버섯야채육수 1그릇
1	팽이버섯 1/6뭉치
1	엄마표아기 케첩
1	파슬리가루허브가루
1	돼지고기앞다리 600g
1	쌀뜨물 육수
1	간생강 생강가루 사용
1	채썬 양배추 눌러서
1	건새우 육수용 팩
1	바닐라에센스 1/4ts
1	붂은소금
1	식빵 두툼하게
1	닭 날개 500g
1	타바스코 핫소스
1	아귀내장
1	아귀 간맞추기
1	청주 1잔
1	크게 썬 양파
1	어슷 썬 홍고추
1	시판용소갈비양념장
1	레드와인 생략가능
1	굴 200g
1	제스트 오렌지 1개분
1	오렌지잼
1	데코용 오렌지 필
1	다진돼지고기목살
1	오천년의신비명품천일염
1	백설자일로스설탕
1	백설자연발효현미식초
1	백설자연발효파인애플식초
1	국내산 광어 회
1	다진파인애플
1	다진사과
1	애느타이 한송이
1	황금팽이 한송이
1	대파 흰부분 쏭쏭 썬
1	신갓김치 1그릇
1	맛살小
1	하이라이스분말
1	물 300CC
1	재료 2호 케이크팬1개와 18cm 정사
1	다진 견과류 땅콩
1	꽃게 집게
1	달래 작은 한묶음
1	오레가노 생략가능
1	미림 이나 청주
1	햄 양파의
1	단무지 양파의
1	튀김가루 수북하게
1	생강 엄지크기
1	대
1	맛술 300ml 1+
1	돼지목살 4.4lbs 2Kg
1	소금 +다시다
1	소주 or맛술
1	해산물가루
1	서리태검은콩
1	소고기 간거
1	닭 볶음탕용도 가능
1	신김치 1대접
1	순대 시판제품
1	쇠고기안심
1	녹차웨이퍼
1	건조야채칩
1	고추 파프리카로 대체가능
1	물만두용 만
1	중멸치 1대접
1	불리 미역
1	흰 팥앙금
1	적고구마 가루
1	고추기름 양념고추기름 듬뿍
1	밥 살살
1	허니머스터드 소스
1	고등어 160g
1	생강 마늘
1	두부 작은
1	프렌치토스트
1	채썬김치
1	섩탕
1	​둥근 호박 한개
1	대파 푸른 줄기
1	다진 청양고추 홍고추
1	산초기름
1	베이컨 긴거
1	말린허브가루
1	차돌밖이
1	통마늘 편썰어서
1	또띠아 큰 사이즈
1	양념 불고기
1	김치 볶음
1	토마토 소스나 피자 소스
1	모짜렐라 치즈나 프로 볼로네 치즈
1	콘 통조림
1	서대
1	무 높이5.5cm
1	물 =600+ 400
1	무 길이 23cm
1	염장 다시마채
1	청크초코나 초코칩
1	로띠 커피향
1	1/ 이나 커피가루
1	오븐망
1	황태채 60g
1	달걀 인원수대로
1	현미쌀눈가루
1	샤워크림 플레인요거트 물기 빼서 사용 가능
1	설탕 1
1	설탕2
1	브라우니 시판 믹스제품
1	기준
1	간장 210ml
1	물엿 120ml
1	냉이 한봉지
1	통마늘 슬라이스
1	밀가루 떡볶이 떡
1	대파 흰부분 2cm크기
1	육공방 드라이에이징 베이컨
1	꽁치 캔
1	멸치 다시마 육수 꽁치 캔 기준
1	전분가루 감자
1	칡등
1	튀김 기름 스테인리스 냄비 높이의
1	시판용마파두부소스
1	으깨기
1	김치 김치국물
1	야채소세지 270g
1	김치만두 속
1	반건조 참가자미
1	작은단은
1	열무절임소금
1	물350ml컵
1	꿀 고구마 160g
1	당면 70g
1	양파 큰 것 70g
1	조림간장진간장
1	마른 다시마 물 생수 1병+우유 1팩
1	콩나물 1/2봉
1	쑥+쌀가루
1	시판용 깐 굴 10~11알
1	자른 건 미역
1	두부 1cm*1cm
1	육수 500CC
1	굵은 소금 손질용
1	적 새우 30마리
1	파채 or깻잎
1	가쓰오부시국수장국
1	마카롱믹스
1	마카롱 도안
1	따뜻한 물 45ml
1	초코잼
1	바나나 껍질 제거한 잘 익은
1	꼭지 제거한 딸기
1	토핑용 딸기
1	시금치 1/2묶음
1	소세지햄
1	냉동새우튀김
1	멸치다시마육수 엑기스
1	베이컨 스팸
1	리챔 작은거 1통
1	불닭볶음면 액상스프
1	김가루 스프
1	멸치 다시마 육수 400ml
1	다진마늘 1큐브
1	크레카
1	머스트
1	케얀
1	레몬 약4개분량
1	물 연근이 잠길
1	메추리알 70알
1	골뱅이 1 캔
1	회초장
1	버터 or포도씨유
1	청양홍청고추
1	말린파뿌리 생략가능
1	양조간장진
1	더덕 8개
1	식빵 두꺼운 것
1	천연무염버터
1	김치 600g
1	통밀 푸실리면
1	큰 새우
1	핫케잌 가루
1	토핑용 생블루베리
1	블루베리 시럽
1	삭은 오이지
1	소고기 8x4cm
1	어린 꽈리고추
1	팽이버섯 다른버섯가능 1/2묶음
1	청양고추 다진
1	올리고당 생략가능
1	설탕 3비율
1	간장 3비율
1	고춧가루 2비율
1	비파 열매
1	비정제 원당
1	양배추 작은 거
1	미트볼 시판용
1	스파게티소스 시판용
1	고추장 약 230g
1	밑간한 소고기
1	물 1/3컵 ~ 1컵
1	감자 주먹만한크기
1	건조큐브마늘
1	생강술 굴데칠때넣는
1	소금 씻을때
1	김치 2~3잎
1	고추장 보다 조금 적게
1	자숙피꼬막
1	부추 7가닥
1	우엉 15-20cm
1	감자전분 1tbsp
1	밀가루 1tbsp
1	삶은 고사리 1국그릇
1	마른 황태
1	부추 넉넉하게
1	꼬막 국물
1	식용유 2대접
1	손질된 소세지 많이
1	파김치 잘게 자른
1	후춧
1	사골육수팩
1	해물육수 물
1	콩나물 삶을물
1	배소
1	불린 건표고
1	손질된 구이용 닭
1	사과 중간크기 깍은사과180g
1	밀페용기
1	천연색소 빨강
1	천연색소 노랑
1	천연색소 그린
1	올리브유 2.5바퀴
1	물엿 1바퀴
1	닭고기영계
1	다진생강 5쪽
1	물 1000CC
1	국간장집간장
1	페페로니 소세지
1	달걀노른자 3개
1	레몬즙 1~2방울
1	무 중간 사이즈 초록색 부분 사용
1	치즈파우더
1	긴꼬치
1	양념솔
1	표고버섯 다른 채소로 대체가능
1	마른 오징어중
1	시럽 설탕
1	닭다리살 3개분
1	통마늘 20알
1	문어 삶은물
1	요리용 올리고당
1	카레가루 생략 가능
1	갈치 두마리
1	대파 1 대
1	청양고추 4개
1	마늘 8 쪽
1	상추 대궁
1	우리밀 통밀
1	타르트 페스츄리
1	아몬드 페이스트
1	알짜란 달걀 노른자
1	엿기름 350g
1	기름 충분히
1	꽈리고추 100g
1	고추가루 2~3g
1	대파 5~6g
1	물 40g
1	참기름 3~4 g
1	올리고당 갈비삶을때
1	닭다리 12개 1kG
1	홍청양고추건고추
1	참가지미 큰것
1	무 은행잎모양
1	멸치육수 종이컵 2컵
1	​국간장
1	색깔 파프리카
1	코팅초코렛
1	시판바베큐소스
1	​ 무
1	절임용 굵은 천일염
1	탄산음료
1	블루색소
1	한우볶음 고추장
1	물 7밥그릇
1	굵은소금 절이는데 사용
1	생강 생강가루 사용해도 됨
1	백태 흰콩 약 150g
1	물 삶을 때
1	다시마 선택
1	감칠맛을위해
1	매실액올리고당
1	물 or정종
1	삼겹살 선택
1	당근 선택
1	목이 선택
1	청경채 선택
1	중화 면 이나 칼국수 면
1	고춧가루 안매운
1	고춧가루 매운
1	톡톡채소 생강
1	톡톡채소 청양고추
1	참치 통조림 250g
1	침치액젓
1	아지노모토조미료
1	오코노미야끼소스
1	아오노리파래분말
1	베니쇼가 생강초절임
1	양배추 양파만큼 필수 아님
1	브로콜리 양송이
1	도씨오일
1	바나나 3개분량
1	닭 작게 잘라진 것
1	다시마육수 1머그컵
1	청피팡
1	소면 양껏
1	스팸 小
1	돼지고기 불고기감 목살
1	두부 1/5모
1	새송이버섯 말린것
1	오이지오이
1	식용색소 생략가능
1	소세지 3인분 200g
1	피망 고추가없으면
1	간장 or소금
1	파와 마늘 다져서
1	소주 작은
1	국거리멸치
1	얼린 홍고추
1	돼지고기 다짐육 물컵
1	멸치갈은것
1	후랑크
1	핫케이크믹스 250g
1	진주햄 생소시지 트리플치즈
1	​쏭쏭 썬 쪽파
1	청주 고기핏물제거용
1	볶음짜장참치
1	양송이버섯 큰것
1	닭고기안심
1	대파 흰대 부분
1	오리염통
1	다진 새우
1	카무트 밥
1	집국 간장
1	고춧가루 작은
1	백 간장
1	무 각1.2Kg
1	팽이버섯 1/ 2~
1	칼국수 320g
1	다진 돼지고기 약 350g
1	대파 1뿌리
1	시판 만두피
1	감자 삶은것
1	넣고싶은야채
1	딸기젤리
1	다담양념듬뿍쌈장
1	페퍼론치노 쪼끄만거
1	팽이버섯 사십g
1	양배추 1cm 이상 두껍게 썬것
1	삶은 무 청
1	물미역 데치고 물기를 뺀 무게
1	파 흰부분만
1	양송이버섯 아무버섯이나
1	칵테일새우 생략가능
1	깻잎 고명용
1	소고기 기름기 없는 부위
1	닭가슴살 270g
1	시판용 불고기 양념
1	물 냄비에닭을넣고잠길
1	작은 포기 배추
1	쪽파 5~6cm
1	매운 건고추 선택
1	다진마늘 통마늘 가능
1	다진생강 통생강 가능
1	마늘 편 썬것
1	스모크빈
1	베이크빈 국물
1	달래 묵음
1	간장 e
1	아스파라거스 굵기 1cm
1	자연맛술
1	냉이 많이
1	무 1300g
1	파 파란 부분
1	카누커피 1포
1	간 양파 중
1	간 배 중
1	파 흰색 위주로
1	호박발효액
1	멸치다시마 물
1	양파 큰크기
1	고구마 작은사이즈
1	버섯 양껏
1	생강 엄지손가락
1	해산물 갑오징어 주꾸미
1	햄 여러가지
1	dark chocolate
1	unsalted butter
1	sugar
1	cocoa powder
1	rice powder
1	egg
1	baking powder
1	salt
1	sliced almonds
1	시금치 450g
1	냉동해산물믹스
1	애호박 잘게 다진것
1	당근 잘게 다진것
1	대파 잘게 다진것
1	불림미역
1	전복내장 =110g
1	곱게빻은 새우가루 or북어채
1	식용유 고추오일 대체가능
1	굴소스 간장으로 대체가능
1	식빵 롯데제품
1	달걀 이마트제품
1	커피음료
1	버터 남양유업제품
1	소금 청정원제품
1	소금김전장
1	식용유나 포도씨유
1	간장 고추장
1	된장 기호에맞게
1	감식초 1+
1	밥새우멸치
1	컵라면 소
1	피클소금
1	양상추 빵크기에맞게
1	감자 튀김먹을사람만
1	튀김가루감자드실분
1	아일랜드소스 시판용
1	스파게티소스 1접시
1	앤초비 필렛
1	파슬리가루 조절가능
1	저염 액젓 or참치액
1	멸치팩국멸치나 디포리
1	앉은뱅이밀
1	달걀물 이나 우유
1	초코 스프레드누텔라
1	토핑용 휘핑크림
1	데코용깨
1	소고기 육수
1	소금솔솔 2번
1	호박 애호박기준
1	국간장 5TS
1	진간장 5TS
1	쪽파 채썬거
1	모둠 채소
1	소 다시다
1	콩나물 320g
1	쌀 올리고당물엿
1	레몬케이크믹스
1	레몬익스트랙 1~2방울
1	믹스커피 연아커피
1	메추리알 한 판
1	바질 5잎
1	쌀국수 4인분
1	숙주 원하는
1	홍초붉은고추
1	물 4인분
1	청정원 베트남쌀국수 소스 4인분
1	그외버섯
1	시중마시는요거트
1	두부작은것
1	사골 국
1	가루 마늘
1	칠리가루
1	무 1.7kg
1	밀가루풀국
1	근대 1바구니
1	멸치육수 3국그릇
1	신김치 2잎
1	멸치 다시 국물 티백
1	잘 말린 코다리
1	다시마 조각 4*4 size
1	쭈꾸미 데친것
1	치킨소스
1	초밥
1	코코아 스펀지케이크 16cm 원형
1	인스턴트 커피 가루
1	물 800+
1	미나리 쫑쫑썰어
1	식추
1	청주 생략가능
1	생강즙 생략가능
1	홍고추 아이들이랑함께먹을거라면고추는빼셔도좋아요
1	호박 40g
1	당근 60g
1	감자중 100g
1	오이고추 풋고추가능
1	오이 작은사이즈
1	세송이 버섯
1	청포도식초
1	동원 어묵 150g
1	꼬치막대
1	시래기 삶은것 라면용기
1	큰 흰살생선
1	냉동 아로니아
1	감자 소사이즈
1	플레인 요구르트 100g
1	새우젓 건더기
1	대파 흰부분 4cm
1	파르미지아노레지아노치즈 파르메산치즈
1	오레오 분쇄쿠키
1	피시소소
1	꽃게다리
1	양념소스
1	삶은계란실키란
1	케찹 or피자소스
1	식빵 4슬라이스
1	인스턴트우동
1	소주나맛술 1~2소주잔
1	닭가슴살 캔 1캔
1	감자전분 45g
1	매생이 1/2덩어리
1	떡국떡 한봉지
1	시판토마토스파게티소스
1	물 1/3냄비
1	느타리버섯 데치치 않은 기준
1	통베이컨 6슬라이스
1	다진 마늘 3개분
1	햄 80g
1	표고버섯 육수우린거
1	멸치육수 약 400ml
1	쌈용 배추 무게 총1670g
1	컵누들 매운맛
1	연어샐러드캔
1	연어칠리캔
1	피망다진것
1	물 1400cc
1	멸치 약20마리
1	감자 주먹 크기
1	꽈리고추 10개
1	구운김채
1	어묵 여러장
1	계란 반숙 후라이
1	틀에 발라줄 버터
1	김장김치 2잎
1	두분
1	다크커버쳐초콜릿
1	무 채썰어서
1	식용유 냄비 절
1	멸치다신물 1컵250ml
1	자두 간것
1	옥수수전분 감자전분
1	페이스트 슈거파우더
1	크림 설탕
1	엿물
1	체다고형치즈
1	넛멕가루 생략가능
1	양파 큰양파1망
1	물 3비율
1	썰어놓은파파
1	업진살 소고기
1	국수장국가쓰오
1	빨가 파프리카
1	익은배추김치 1/4등분
1	양파효소매실액
1	얇은 구이용 소고기
1	샐러드잎
1	디종머스타드
1	메추리알 1판×24개
1	간장 1/2밥그릇
1	고추장은 짠맛에 따라 조절하세요 .
1	채썬사과
1	작은표고버섯 여러개
1	김치 종
1	얼음물찬물
1	무 약300g
1	미역불린것
1	소금 배추삶을때
1	흑임자 or참깨
1	콘옥수수 생략가능
1	빠게트롤 200g
1	연근小
1	들기름 추가
1	통깨 0.5솔
1	무스비틀
1	돈까스 등심
1	돼지고기 불고기감앞다리살
1	감자 약 300g
1	블루베리우유
1	참치 기름뺀것
1	조청 올리고당 꿀 사용가능
1	시판 콩비지 포장팩
1	체다샐러드용치즈
1	화이트식초
1	캔 햄 1/3등분
1	과립형중화풍소스
1	곡물 과자
1	아메리카노
1	가장
1	돼지고기 삼겹살이나앞다리살
1	쌀뜨물 2대접
1	호두등
1	익은 갓김치
1	참기름 기호에따라준비
1	테트론시트
1	밥 가득
1	하이라이스 분말 100g
1	케이준 시즈닝
1	캐이엔페퍼
1	갈릭 파우더 약 1.5T 분량
1	어니언 파우더 약 1.5T 분량
1	소금 약 1.5T 분량
1	후추 약 1.5T 분량
1	설탕 약 1.5T 분량
1	오레가노 약 1.5T 분량
1	무 채썰었을때4줌
1	홍고추 있으면 고명
1	콩나물 데친거 2대접
1	안데친거 3대접
1	참치 1작은캔
1	소면 1인분
1	상추나 깻잎
1	매실약
1	작은 떡볶기떡
1	스파게티 면묶음
1	방울토마토 큰것
1	쌀국수소스
1	닭볶음용 생닭
1	마카롱 선택
1	슈거파우더 선택
1	창란젓
1	물엿 or매실청
1	손질한 닭고기 볶음용
1	맛술 와인
1	새우 큰사이즈
1	마사고날치알
1	양파즙 사과즙 배즙중
1	파 흰대
1	크래미4개
1	사과 150g
1	전분가루 1tbsp
1	멸치 다시 육수 600ml
1	전분물 전분 1큰술+물
1	흰다리 새우살
1	차돌박이허브솔트
1	토마토소스 약180g
1	으깬마늘
1	시판 스위트 칠리소스
1	생수물
1	대패삼겹살 600g
1	스 팸햄
1	올리브유 등 기름
1	흑임자묵
1	초콜릿 공 모양
1	물 700+
1	만두 or고기
1	토마토소스 폰타나
1	카레가루매운맛
1	통그릴 오리스테이크
1	국내산 냉장 돼지등뼈
1	하프 마요네즈
1	씨 머스타드
1	바지락 1그릇
1	표고밑둥
1	시장 두부
1	부추 1대접
1	쇠고기 다짐육 양지+목심
1	누룽지 가루
1	갑오징어 작은크기
1	연두 청 양초
1	캐러멜소스
1	사이다 중간거
1	시판 사골 육수
1	건표고 우린 물 100CC
1	건표고 불린건표고
1	식빵미니
1	마른 매운고추
1	청양고추 조절
1	토막 낸 갈치
1	녹색색소
1	묵은김치 1접시
1	깻잎 추가
1	상추 2잎
1	시판용 고추장
1	​돼지고기
1	상황버섯
1	더덕말린것
1	고운 청양고춧가루
1	파르지미아노 레지아노 치즈
1	물 파스타 브로콜리 삶을 용
1	파르미지아노레지아노치즈 체더치즈 대체 가능
1	선진팜 돈까스 에어
1	시판 돈까스소스
1	선진팜 멘츠까스 에어
1	닭고기정육
1	깻잎 기호에맞게
1	고추 다진것
1	무 10cm크기
1	초장 1종지
1	블루 치즈
1	휘밍크림 요리용
1	치킨부용
1	피망가루
1	느타리버섯 데친거
1	전분물 1/3밥그릇
1	잔멸치 약 60g
1	갈아놓은 참깨
1	쓴맛 제거된 깐 도라지
1	꼬리새우
1	콘옥수수 170g
1	밑간한 돼지고기
1	오렌지 큰거
1	계란 小
1	황태껍질 손질 후
1	달걀 먹고싶은
1	작은 대파 큰 대파 1/2
1	두부 큰두부1/2모
1	비트청
1	오징어 총알오징어 5마리
1	스키야끼간장양념
1	댜파
1	닭 1.2kg 12호
1	애기깻잎
1	숙주나물 닭
1	부추 닭
1	콩나물 400g짜리
1	볶음용오일
1	다진생간
1	양배추 1그릇
1	소고기스테이크용
1	떡국떡 2밥그릇
1	만두 생략가능
1	전분가루 넘치게
1	물육수 1/
1	새송이버섯 큰거
1	떡 기호에맞게
1	미림 이나 청주 소주
1	햄 옛날소시지
1	반건조 바지락살
1	데치는 물
1	​채썬 양배추
1	새우 15-20미
1	슬라이드아몬드칩
1	토마토작은거
1	적양파 슬라이스
1	레물라 샐러드소스
1	파프리카 소
1	김 도시락용
1	한우안심
1	드라이레드와인
1	번데기 통조림 250g
1	불볶음면 볶음컵라면
1	대파 흰 부분으로 준비
1	청홍 고추 생략가능
1	뒤포리 육수
1	올리브오일 or포도씨유
1	샤브용 고기
1	참치 통조림 1캔
1	돼지고기목살 전지
1	고형커리 가루커리 1봉
1	떡갈비 옵션
1	유부초밥키트
1	슬라이즈치즈
1	국수양념 간장
1	국수양념 참기름
1	중 파
1	칠리 고추
1	백설요리당
1	보리새우 육수용
1	손질한 닭
1	떡국
1	홍고추와 청고추
1	육수 다시마와 건새우
1	황태채 먹기 좋게 자른
1	카네시로어묵
1	어묵 둥글고긴모양
1	고사리 15가닥
1	김치 길게 썬것 9가닥
1	로제붉닭볶음면
1	갈릭
1	홍피망빨간파프리카
1	일본바몬드 카레
1	스파게티용 토마토소스
1	당근 1cm 두께
1	콩단백
1	마스카바도
1	linsen 납작한콩
1	미역 불린 물
1	냉면육수 국자
1	프라이팬.도마.계량컵
1	반건조 가자미 2마리
1	무 2cm 두께로 통썰기를 한
1	집된장+ 쌈장
1	썬 묵은지 김치
1	후춧가루 제외가능
1	오징어북어채
1	건블루베리 포함 견과류
1	치즈 모짜렐라
1	분말 짜장 소스
1	가지2개 양념장
1	비비고 사골곰탕
1	로메인 아삭이상추
1	찐 달걀
1	스텐대접
1	스테인리스 냄비 집게
1	실리콘 냄비장갑
1	샌드위치 사각햄
1	다진흰파
1	다시 백
1	앙퍄
1	고소한 콩고물
1	새우마요
1	참치마요
1	고구마필링
1	감자필링
1	생면 칼국수
1	후랭크 소세지
1	쇠고기 다진 것
1	마요네즈양배추
1	올리고당양배추
1	차가운 고메 버터
1	맛간장 1술
1	꿀 1/2술
1	​파채
1	콩나물 약200g
1	레몬익스트랙 2~3방울
1	오이 두 개
1	부추 4줄
1	돼지고기 살고기
1	​청양 고추
1	맛살긴거
1	전동믹서기
1	대파 파뿌리포함
1	빻은통깨
1	부침용 두부 290g
1	마른 고추 1개분
1	미니밤호박 150-200g
1	버터 올리브오일 생략가능
1	파 마늘 다진것 파
1	먹다 남은 소주 2잔
1	피망작은것 24g
1	양파 큰것 54g
1	미림 9g
1	전복굴소스 8g
1	다시마육수다시마멸치육수
1	자투리채소 다양하게
1	된장한된장
1	페파로니
1	쇠고기다시마육수
1	국간장 or소금
1	어린잎채소 데코용
1	잘은 도토리묵 1인기준
1	적 포도주
1	비스킷 과자
1	바자락
1	스파게티면 80그램
1	깻잎 약3~40장 4묶음
1	국물 육수팩
1	물 4컵
1	멸치 육수팩
1	돼지고기안심 다짐육
1	골뱅이 140g
1	손질 아욱 200g
1	한돈뒷다리살
1	묵은지 잘익은김치
1	실파 생략가능
1	다시마 10X 10
1	저염맛 간장
1	사과 120g
1	백오이 60g
1	전자레인지뚜껑
1	천일염 파래씻을
1	무 0.3~0.5cm
1	검정콩 200cc
1	올리고당조청
1	돼지고기목삼겹
1	포도주 우유대체가능
1	냉동 돈까스
1	참지
1	남해시금치
1	성탕
1	후추가루 많이넣음
1	소금 약간 더
1	각종시럽 메이플
1	불린잡채
1	꽁치통조림 7조
1	파 ​
1	다진 고수 생략 가능
1	페다 치즈
1	새우젓양념
1	굵은소금 +2큰술
1	액젓 조선간장
1	새우젓 1/3~
1	버터 2술
1	채소 선택
1	표고버섯 다진것
1	애호박 다진것
1	브로콜리 약간
1	명란중
1	면수우유
1	볶음통깨
1	찰현미
1	청양청고추
1	퍄마산치즈가루
1	마른이역
1	간고등어2손
1	파르팔레
1	맛술 or화이트와인
1	9호닭
1	육수멸치다시마새우
1	돼지고기 등심 = 10장
1	주황파프리카 원하는
1	고구마줄
1	식용색소 이쑤시개로 퍼주시면 됩니다
1	샐러드 어린잎
1	미니 감자
1	다시마채소 육수
1	샐러리 잎파리
1	덴마크 인포켓치즈스트링 치즈
1	말랑한 곶감
1	잔파 대파대체가능
1	무 3cm두께
1	굴 작은 것
1	달래 2.5묶음
1	황태포 머리
1	황태포 꼬리
1	기
1	육수간 소금
1	육수간 간장
1	멸치해물 육수팩
1	꼬마 양배추
1	노각 손질 후 800g
1	미원 소량
1	물 6-7머그컵
1	생각가루
1	바이츠냉동생지 라즈베리
1	곁들일과일
1	닭대
1	달걀 취향대로
1	한우 불고기감
1	파 1줌
1	돼지고기뒷다리살 불고기용
1	차전자피 가루
1	딸기잼설탕
1	빠네 빵
1	양배추채 듬뿍
1	건베리
1	소고기 차돌박이
1	멸치다시팩 1개
1	무 2cm두께
1	칼국수면 수제비대체가능
1	아메리칸 치즈
1	슬라이스 양파
1	슬라이스 토마토
1	아보카도 과콰몰리 선택사항
1	갈릭소스
1	포두부 60g
1	채소 튀김
1	돌나물 2밥그릇
1	삼겹살 어느부위든상관X
1	생강 다진생강
1	호박 1/4~
1	떡볶이 떡 20개
1	고형짜장
1	고춧가루 중
1	당근 큰것
1	올리브오일 5~6큰술
1	우엉 잎
1	청양고추 다대기
1	찜솥
1	반건조 양미리
1	초롱 무
1	무가당 코코아 가루
1	롤 빵
1	떡갈비 시판냉동
1	새송이버섯 작은새송이
1	인스턴트 스프
1	잘익은총각김치 잎부분
1	파스타 500원크기
1	바지락 작은것
1	화이트와인 반컵
1	달걀 삶은거
1	시금치 2뿌리
1	사과 1/4조
1	바나나 작은것1개
1	호두 3알
1	단호박 1개
1	카놀라유나 식용유
1	생도너츠에 찍어먹을 백설탕
1	스노우킹크랩
1	백후추 or후추
1	홍피망 잘게 썬
1	각얼음 4-5인분
1	표고 밑동딴것 전부
1	견과류 간 것
1	닭가슴살캔 150g
1	세발나물 한 팩
1	천일염 많이
1	흑임자우유
1	휘핑한크림
1	메추리알 시판용깐거사용
1	백설쿠킷팟타이
1	병어 중간사이즈 이상
1	연생강
1	다짐육 돼지고기
1	계란과자 여러개
1	호박 130g
1	홍감자 165g
1	천연 발효종
1	곱게 간 흑임자
1	잘 익은 김장김치
1	다시마 선택사항
1	디시마
1	그뤼에르치즈
1	믹스야채 80g
1	아몬드 작은
1	시판용 오리엔탈소스
1	아보카도:
1	액스트라 버진 올리브유
1	통깨:
1	대파와 당근
1	얼려둔 순대
1	분태 호두
1	장식용 오렌지필
1	소면 칼국수면 가능
1	쯔유 1병
1	가쓰오부시 장국 1병
1	유자폰즈소스 1병
1	물 우엉이 잠길
1	파마산치즈 농도에따라
1	파슬리가루 데코용
1	통후추 3번
1	피클링스파이스 생략가능
1	야채혼합샐러드
1	레드키위
1	고형커리
1	다진마늘 취향껏 조절
1	밀가루 종류상관없이
1	멸치 크게
1	인스턴트 수프가루 60g
1	김가루 추가
1	배추 3잎
1	천연조미료 멸치
1	세멸
1	숙주 어묵양의 2배
1	알배추 크기따라
1	파 뿌리부분까지
1	페페론치노 매운맛조절
1	소금 김치 간에 따라
1	라즈베리퓌레
1	젤라틴 판젤라틴2장
1	퓌레 B
1	콩나물 밥의두배
1	간장 쌍화탕병기준 1/2병
1	맛술 쌍화탕기준 1병
1	강낭콩배기
1	소금 오이 절일 때
1	무 5cm짜리
1	꽃게 작은 사이즈
1	홍파프리카 옐로우 파프리카
1	​후춧가루
1	자른미역 크게
1	액젓 입맞에맞게끔
1	소금 파래세척
1	토란대삶은거
1	채 썬 쇠고기
1	통깨 참깨
1	삼계탕용 약재팩
1	대파 40~50g
1	고추가루 3스푼
1	간마늘 1스푼
1	멸치액젓 1스푼
1	매실액 1스푼
1	메추리알장조림
1	더블샷에스프레소
1	말린무
1	참송이버섯
1	골 파 소량
1	대패삼겹살 1국그릇
1	생강 갈은거
1	갈치 4토막
1	냉동 흰다리살 새우
1	돼지고기 1200g
1	멸치 다시물
1	초간장장아찌간장
1	양배추 1사발
1	꽃게 냉동
1	다진가지속
1	홈메이드오이피클국물
1	대추 있으면
1	신김치 원하는
1	물고추
1	모찌꼬가루 1파운드
1	바닐라 익모찌꼬가루
1	코코넛우유
1	사골 농축액
1	멸치육수 2대접
1	마른다시마 10x10cm
1	어묵 얇은것
1	다진소고기우둔살
1	다진마눌
1	오뚜기 어린이카레
1	멸치다시티백
1	당면 있으시면
1	양파 있으시면
1	냉동새우 있으시면
1	멸치액젓 있으시면
1	어묵탕 스프
1	오이 2개
1	깐바지락
1	씨겨자 홀그래인머스터더
1	무우탕국
1	쌀뜨물 2머그컵
1	라면사리 좋아하는면사리
1	﻿﻿당면
1	어묵 550g
1	태국피시소스
1	달걀물 바르는용
1	달걀물 1/4개분
1	닭 다리 살 500g
1	야생 미나리
1	어묵 300g
1	자른 무
1	알배추속배추잎
1	건조된 대파 잎
1	검정깨 간 것
1	밴딩이
1	새싹 인삼
1	닭육수 없으면 물
1	설탕 A 노른자용
1	설탕 B 흰자용
1	또띠아 28cm
1	이온음료
1	매실청 선택재료
1	초당두부 큰두부
1	마라 소스
1	연한 쑥
1	고기밑간
1	청포묵양념
1	달래 마트에서 묶음 1묶음
1	꽃소금 오이절임
1	단무지 채썬단무지
1	프렌치랙스테이크
1	프렌치랙
1	달래초간장간장
1	다진달래
1	홍고추 1/
1	굵은소금 절임
1	쪽파 약25대
1	멸치액젓 절임
1	다시다물
1	다진생강 30g
1	다진마늘 약20개-100g
1	럼 Ts
1	고구마 제법 큰 사이즈랍니다
1	허니머스터파우더
1	매운 붉은 고추 1/
1	양파 청
1	미소된장 된장
1	열무김치 기호에맞게
1	도넛믹스 215g
1	다크초콜릿 코팅용
1	화이트초콜릿 코팅용
1	미니하트스프링클
1	일회용 비닐봉투
1	손질주꾸미 대략 220g
1	양배추 120g
1	피글
1	생수 큰컵
1	팥앙금 30g씩 분할 40g씩 분할
1	토핑용 흑임자
1	신김치볶음
1	어묵볶음
1	시래기 두줌
1	돼지등뼈 등갈비로도 가능
1	청양고추 약간매운맛
1	소라 크게
1	남은 반찬 아무거나
1	토핑재료 아무거나
1	말린무말랭이
1	요플레스푼
1	냉동고
1	파 초록색 부분 사용
1	고춧가루 3g
1	올리고당 17g
1	참기름 4g
1	북어 담근 물
1	베이컨 작은 거
1	유자소스설탕
1	멸치액젓진간장
1	감시럽 요리당 대체가능
1	파프리카 노랑빨강
1	돼지고기 부위는 상관없습니다 있는걸로 준비를 해 주세요
1	스콘
1	모짤레라 치즈
1	홀스래디쉬소스 시판용
1	냉동 닭윙
1	전분100%
1	생물 미역 1다발
1	참치 캔 통조림
1	두부 160cm x
1	레드비트 300g
1	치킨스톡 농축액
1	카레가루과립형
1	물 1000ml
1	레이디핑거오크라
1	꽈리고추 큰걸로
1	어니언양파파우더
1	무생채 무침
1	고형카레 6인분
1	돼지불고기양념
1	마른 잔멸치 100g계량컵 기준
1	캐슈너
1	두릅 1접시
1	팬케익시럽 생략가능
1	배추절임용 소금
1	체다딥
1	쌀 1/3밥그릇
1	카레라면
1	고사리나물 1밥그릇
1	큰대파
1	후춧가루 2~3번
1	쑥갓 데친물
1	슬라이스치즈 2장
1	쪽파 다짐
1	알감자 껍질벗긴거
1	캐나디안 베이컨
1	묵은지겉잎
1	고기밑간하고남은양념장
1	물 ​재료가잠길
1	작은 멸치
1	저당 그래놀라
1	황태채 25g
1	무 250g
1	달래 4~5cm
1	닭볶음탕용 닭 1마리
1	건방풍나물
1	건고구마순 나물
1	건머위대
1	참기름 넉넉하게
1	키친타올 생략가능
1	물 약1520ml
1	색깔 피망
1	파 흰대부분
1	귤제스트
1	귤필링 취향껏
1	붂은참깨
1	피자호빵
1	불고기호빵
1	수육용 삼겹살 세덩어리 1135g 2.5파운드
1	우엉차
1	떡볶이떡쌀떡
1	고춧가루 입자가 고운
1	바다 장어
1	쌀 한컵
1	다진대파 넉넉하게
1	슬라이스 치즈 18g X 5
1	고추가루 +청양고추가루
1	조미김 2개
1	깻잎 3-4묶음
1	옥수수캔 340g
1	소금허브솔트
1	땅콩새순
1	신김치 다진거
1	당면 50원 동전크기
1	꽃소금 간맞추기
1	새송이버섯 길게 잘라서
1	우동다시
1	흰 강낭콩
1	소면 500원짜리 동전만큼 2묶음
1	천연조미료 다시마ᆞ새우ᆞ멸치 작은
1	배추김치 400g
1	줄줄이 소시지
1	불린납작 당면
1	오이 1/
1	청호고추
1	참치액 or액젓
1	시판유부 2인분
1	크래미 90g
1	다진양파 양파1/4개
1	머스터스
1	오미자청매실청
1	봄동 1뭉치
1	고추가루 선택
1	﻿황도복숭아
1	캔즙
1	햄 식빵에 올릴
1	콘 샐러드
1	생강 손톱크기
1	시판용 꽃빵
1	대파 선택재료
1	전분가루 선택재료
1	고추기름 선택재료 1/
1	익스트라 버진 올리브오일
1	배춧잎 양배추
1	칠갑농산 고기만두
1	칠갑농산 사골육수
1	표고버섯꼭지
1	당근 1마디
1	랠리쉬
1	배추김치 3잎
1	씨레기 한뭉치
1	명태코다리
1	식용유`
1	호두살 80~83g
1	동원자연산 골뱅이 235g
1	쑥갓등
1	계란밑간용 소금
1	오이지 450g
1	대파 흰 부분 고명
1	고구마 큰 거 400g
1	납짝 어묵
1	돌나물 1밥그릇
1	부추 잘라서 1그릇
1	제누와즈 쇼콜라 1호
1	미림 1-
1	헷반
1	파프리카적색
1	김치 작은공기
1	믹스샐러드 크게
1	김치 1접시
1	베이크드빈캔콩
1	대파 흰대부분
1	카레가루 작은
1	절임 설탕
1	치즈 체다
1	뭔스터
1	양배추 자른것 1대접
1	설탕 이나 소금 기호에맞게
1	계란흰자 약 100g
1	헤이즐넛과 피스타치오 다른견과류ok
1	새우 대
1	길쭉한 소시지
1	견과류크랜베리 호두
1	버터 손가락마디 2마디
1	홍두깨 살
1	소금 기호에따라
1	2호 사이즈 지름 18 cm 1개분
1	모과청
1	레드벨벳 시트
1	크리스마스 픽 몇가지
1	알배기배추 1kg
1	무 지름6cm에 2cm두께로
1	고춧가루매운맛
1	청량고춧가루
1	식용유+들기름
1	냉동바지락살
1	무배즙
1	고기삶은 육수
1	﻿통조림국물
1	미니바나나
1	아몬드슬라이
1	풀 찹쌀풀
1	칼국수 면 300g
1	멸치육수 1.6L
1	부추 자른것
1	크리스피 오트밀
1	열무물김치 건더기 1대접
1	밀가루 떡
1	배추속 김장때남은것
1	들기름 마무리 볶음
1	참기름 4바퀴
1	T월계수잎
1	가늘게 썬 양배추
1	아가베 시럽 올리고당 2큰술
1	베트남 고추가루
1	탕수육 고기
1	과일 1접시
1	아몬드칩
1	건라즈베리 생략가능
1	녹차소금
1	식초살균
1	볶은소금 부드럽게 갈린
1	깨소금 부드럽게 갈린
1	무화과즙
1	불고기용고기
1	흙애서병아리콩
1	각종 야채
1	해물육수 티팩 달인물
1	대파2대
1	중 갈치
1	서래태콩
1	꼬마전복
1	모시 조개 큰거
1	플레이팅사각접시
1	요리스픈
1	차슈양념
1	소금 양파 볶을 때
1	소금 나머지 채소 볶을 때
1	아라비아따 소스
1	바질 잎 깻잎
1	당근 중간 사이즈
1	마늘쫑 장아찌
1	뼈 없는 닭
1	하이라이스 소스
1	오뚜기 오리엔탈 드레싱
1	물미역 1다발
1	소주생강술
1	반죽용 밀가루
1	반죽용 물
1	반죽용 소금
1	고추연어
1	슬라이스 블랙올리브
1	들깨가루 원하는
1	무 170g
1	쌀뜨물 닭한마리 잠길
1	드라이이스트효모
1	식용유 코팅용
1	아빠 육수
1	오뎅 어묵
1	토마토페이스트 소스
1	토마토 큰거
1	주꾸미 볶음면
1	말랑한가래떡
1	만능매운장
1	사과 큰크기
1	작년 김장김치
1	떡볶이떡 1봉지
1	치츠
1	핑크 식용색소 2방울
1	앵
1	딸기 등 데코할 수 있는 과일
1	전복 중간 사이즈
1	면 수
1	오꼬노미야끼소스
1	고구마 말랭이
1	김치 잘게 썰은
1	바닐라빈 1/
1	사과小
1	한방 삼계탕 약재
1	된장 듬뿍 70~80g
1	냉동 쭈꾸미
1	다시마 백
1	코리앤더 씨드
1	레몬대
1	보드카등
1	소금 오이세척용
1	비엔나소세지 500g
1	닭목살
1	레몬설탕
1	건파파야
1	연어 통조림
1	대파 줄기 고명할것
1	양파 링형태
1	포도씨유 볶음용
1	즉석 현미밥
1	오이지무침
1	떡 먹고싶은
1	소세지 먹고싶은
1	닭가슴살슬라이스햄
1	과일통조림
1	쥐포 중간사이즈이상
1	브랏 비엔나
1	장조림 사서해도됨 2~3T 수북하게
1	버터나 마가린
1	잘 익은 배추김치 1/4등분
1	천일염굵은소금 1.5밥그릇
1	쪽파 작은단으로
1	삶은 계란 흰자
1	견과류나고추
1	느타리벗섯
1	마늘쫑 썬것
1	​ 시금치
1	설탕 배즙반컵
1	표고버섯 이나 느타리버섯
1	당근 6cm크기
1	메추리알 60알이상
1	꽈리고추 120g
1	생강술 1소주잔
1	캔 닭가슴살 小
1	애호박 1/4덩어리
1	돼지등갈비 1.3kg
1	​월계수잎
1	돼지고기 퍽퍽한것이 싫으면 적당히 섞인것
1	샐러드채소 65g
1	명란젓 무침
1	명란 200g
1	다듬은쪽파
1	생미역 1다발
1	손질 생새우
1	돈까스 시판용
1	곤약사
1	마크니커리
1	두꺼운 쌀국수
1	샤브샤브용 쇠고기
1	알배추 속배추
1	알 커피
1	콩나물 취향껏
1	버섯 표고.느타리.새송이
1	멸치 한줌
1	양배추 썰은것
1	대파 1/2등분
1	맛다시마
1	자연맛술 건고추포함
1	백설 자일로스 설탕
1	장식해줄견과류
1	스파기티면 500원동전크기
1	홍당무 중간것
1	먀요네즈
1	기름 뺀 참치
1	치킨스톡액상
1	소금 기호껏
1	건 파뿌리
1	매실효소물엿
1	매식액
1	소고기 얇은것
1	양파 큰건1/2개
1	건조열대과일 믹스
1	무 한 토막
1	어묵 1묶음
1	밤잼
1	호두살
1	가루 젤라틴×
1	물×
1	​물엿
1	전골용냄비
1	청오이소
1	참치 작은걸로 준비
1	다진 양파 양파1/4개
1	다진파 파 12cm 정도 1대
1	다진 홍고추 고추 조금 큰걸로 하나
1	애호박 둥근호박
1	된장 유기농된장
1	감자 종이컵 만한거
1	양파 종이컵 만한거
1	당근 색깔 낼
1	양배추 반통기준
1	깨소금햄프씨드
1	청양고추붉은고추
1	대파 반대
1	닭고기 10호
1	돼지고기 소 돼지 상관없음
1	부침가루 1+
1	절임양배추
1	아보카도 스프레드
1	대패삼겹살 먹고싶은
1	다진스팸 햄
1	채소 데칠 소금
1	월게수잎
1	블랙타이거새우 or다른새우도무방
1	포기 배추김치 1100g
1	들깨가루 듬쁙
1	탕용
1	야채절임 소금
1	밑국물멸치&다시마&표고
1	애호박 900g
1	건고추 생략가능
1	안 매운 홍고추
1	파프리카 등 붉은색 채소
1	렌치드레싱
1	양배추 2/3냉면기
1	소세지나베이컨류
1	백세 카레 오뚜기 고형
1	빵가루 오뚜기
1	양파 4cm
1	야채필러
1	메실액
1	명태채 없음 명태 썰어 대체 .
1	버터 2큰술
1	콩비지 320g
1	닭밑간 진간장
1	닭한마리 뼈
1	닭가슴살 3조각 350g
1	유부 초밥 시판
1	파프리카칼라별로반
1	실파 있으면
1	당근 2cm크기
1	​천일염
1	고기양념장
1	표고버섯 한줌
1	사각어묵 100g
1	부추나 대파
1	참치 작은 캔
1	시판 칼국수면
1	청양고추 조절 가능
1	계란 약 100g
1	얼그레이 티백 약 한개 반
1	얼그레이 티백 반개~한개
1	돼지고기 보쌈용
1	닭 윙봉
1	파인애플 국물
1	파스타 토마토소스 1병
1	식초 1tbsp
1	통깨 1/2tbsp
1	간장 1tbsp
1	참기름 0.5tbsp
1	다진파 1tbsp
1	표고버섯꽁다리 생략가능
1	고추가루 14g
1	맛소금 1g
1	미림 8g
1	꽃소금 7g
1	소주 1/2소주잔
1	삶은계란 기호에맞게
1	골덴옐로우
1	블랙
1	당근 높이 2cm
1	대파파란 대 부분
1	쪽파 먹을
1	익은김치 3컵
1	올리브유 식용유대체가능
1	스위트콘 원하는
1	참깨 원하는
1	썰은 실파
1	닭다리 1kg
1	매콤 풋고추
1	아로니아 원액
1	고춧가루 색감용
1	치킨양념소스
1	무화과 과일
1	스리라차 케찹
1	링기니면
1	야채 순
1	고춧가루 1소주잔
1	삼겹살목살
1	시판용카레가루
1	발사믹식초 없으면 안넣어도
1	염장 미역줄기 300g
1	마늘 채 썬 것
1	깻잎 데친 육수
1	시크릿코인 육수
1	삶은 고사리 1냉면기
1	만능간장 새우젓없으면
1	당근 홍고추로 대체
1	애호박버섯
1	쪽파 부추
1	청주 맛술
1	백옥앙금
1	삶은 시래기나물
1	블루베리 선택
1	된장 수북하게
1	콘옥수수 양파비율과 동일
1	훈제오리 슬라이스 1팩
1	참나물 500원 동전크기
1	레몬 수
1	달걀 전란
1	바닐라빈페이스트
1	냉동삼겹살고기
1	바닐라 에센스 2-3방울
1	마늘 1큰술
1	새우젓 1/2~1술
1	닭가슴살 삶은물
1	허니마카다미아
1	중력분코코아가루
1	베이킹파우더 1큰술
1	도루묵 큰 것
1	감자 주먹 만한 것
1	무 4cm길이
1	중멸치 1국그릇
1	매실청 or올리고당 1큰술
1	염장 다시마
1	부추 크게 2줌
1	쌀 + 수수 + 차조
1	미쯔칸 쯔유
1	로제파스타소스 1/2병
1	날계란 노른자
1	양배추 3대접
1	고추가루 생략
1	자숙 왕꼬막
1	​낙지
1	​다시마
1	굴 9-10개
1	파스타면 저는 조금 더 넣었어요
1	토마토소스 간보면서넣기
1	닭고기윙 1팩
1	설탕 살짝 볼록하게
1	올리고당 살짝 넘치게
1	요리나무스푼
1	마늘 2블럭
1	삶은검정콩
1	마리브리자드 헤이즐넛시럽
1	콩가루 인절미가루
1	마리브리자드 헤이즐넛 시럽
1	에스프레소 1~2샷
1	얼음 가득 1잔
1	설탕 섞으면서 너어주기 3번
1	페타치즈 1블럭
1	숏파스타 아무거나
1	계란 60g
1	긴 오이
1	다진마늘 취향따라
1	참나물 썰어서
1	조선 호박 큰거
1	조랭이 떡볶이칠갑농산
1	미네랄소금
1	쌀면 삶은
1	식빵 120g
1	케첩 기호에 따라
1	천도복숭아대
1	마늘 잘게 다진
1	국물 멸치
1	냉장고의 자투리 채소 활용
1	생강 3술
1	알롤로스 2술
1	탕수육용 돼지고기
1	녹말가루찹쌀가루
1	소금 데치는데넣는
1	대파 18cm 한뼘
1	캐슈넛 or땅콩
1	피쉬소스까나리액젓
1	문어 작은거
1	​묶은 김치
1	홍고추 작은것
1	냉면육수 320g
1	생수 냉면육수와동량
1	김치국물 50ml
1	땅콩분태 or견과류
1	홈메이드귤청
1	홈메이드요거트
1	계란크기 감자
1	물 감자가 잠기게
1	냉면 2인분
1	샤브레
1	푸딩믹스 1포
1	문어 머리
1	세발나물 1묶음
1	건꼴뚜기
1	자몽 1개 300g
1	참치마요무침
1	절단 닭 12호
1	갈치 2마리 5토막
1	다진 피클 저는 올리브를 사용했어요
1	플레인요구르트 선택
1	멸치다시마육수 1600ml
1	칼국수 생면 2인분
1	패티
1	무 소
1	양념장 선택
1	굴소스 간장대체가능
1	노랑 비트
1	빨간 비트
1	착즙기
1	치킨스톡 2방울
1	돼지육수
1	빵 남은빵아무거나사용
1	버터 녹여준비
1	우유 휘핑크림가능
1	바닐라아이스크림 녹인것
1	식초 깻잎세척
1	﻿월계수잎
1	후츳가루
1	다시마 끓여 우린 물 ​
1	잠봉
1	납작어묵 더 넣어도 됨
1	무 8cm 1덩어리
1	건멸치 육수용
1	손질한 다시멸치 크게
1	시판하는 된장
1	중국부추 2묶음
1	무청 천일염
1	무청 데친 것
1	대파 채썬거
1	올리고당 2~3번
1	감자 큰 걸로
1	토마토소스 1병 455g 1병
1	밀가루나부침가루
1	청량고추 작은거
1	참치 작은
1	마늘쫑 1단
1	무우 중간것
1	미니 비엔나소세지
1	집간장조선간장
1	전부가루
1	고형 하이라이스
1	북어 대
1	감자 작은거 큰거1개
1	양파 작은거 큰거1/2개
1	천연다시
1	청양고추 다져서
1	올리브오일레트레비아
1	왕왕크기 감자 3개
1	감자 갈은국물
1	검은깨나 통깨
1	에어프라이어로 10분
1	도토리 가루
1	국물내기티백
1	얼음 많이
1	오리엔탈소스 생략가능
1	채더치즈
1	떡볶이용 쌀떡
1	황
1	밥다시마
1	마요네즈+머스터드
1	참깨참깨튀일
1	박력분참깨튀일
1	계란참깨튀일
1	설탕참깨튀일
1	식용유참깨튀일
1	참깨참깨라떼
1	우유참깨라떼
1	커피 인스턴트 커피도 가능 참깨라떼
1	설탕참깨라떼
1	토핑용 참깨참깨라떼
1	토핑용 참기름참깨라떼 4~5방울
1	햄 or베이컨
1	시판또띠아
1	피조개
1	설탕 딸기의
1	댜진파
1	계란노른자 마무리용
1	김치 썬거
1	호박 썬것
1	대파 어슷썬것 반뿌리
1	빠네
1	단호박 크림수프
1	씨없는 포도
1	마요네즈 플레인 요거트 대체가능
1	물 세컵
1	닭다리북채
1	허브솔트 생략가능
1	쇠고기 국거리 절단용
1	건조표고버섯 30g
1	돼지고기 분쇄육
1	작은 동치미 무
1	가래떡 6개
1	보통고춧가루
1	다진마늘 손톱
1	​ 케일
1	오이 120g
1	그린빈 455g가량 1파운드
1	사이다 생수
1	명란젓 7-8cm
1	튀김가루 집에 있는 가루 사용
1	마요네즈 흰자용
1	마요네즈 노른자용
1	CJ 알래스카 연어 올리브유
1	샤브샤브소고기
1	보리차
1	김 30g
1	닭 볶음탕용 600g
1	채썰은 양배추
1	달걀소금톡톡
1	계란 7개
1	야끼소바
1	견과류 땅콩or해바라기씨
1	한우채끝등심
1	향신즙 맛술+생강즙
1	가루바질
1	닭 복음탕용
1	배즙 배주스 대체가능
1	국거리 멸치
1	밥 330g
1	카카오파우더 없으면 핫초코가루
1	마른 미역 크게
1	물 취향것 조절가능
1	오뚜기 맛있는 새우 볶음밥
1	쌀뜨물 생략가능
1	호두 좋아하는 견과류
1	우유 종이컵 2/3
1	화이트청크 초코칩
1	구운 마카다미아
1	유기농 통밀분
1	플랙시드 가루 옵션
1	바닐라엑기스
1	손질 시래기 1대접
1	팔팔 끓인 물
1	물 종이컵 4컵
1	풀무원평양물 냉면육수
1	맛숣
1	새우 大
1	소금맛소금
1	스팸 큰거반
1	송화고 버섯
1	오징어 다리 4세트
1	야채 샐러드
1	물 4.5머그컵
1	생강 엄지손톱크기
1	홍합 1냄비
1	진주 드라이에이징베이컨
1	양념비법
1	돼지고기앞다리살 찌개용
1	젖은국수
1	대파썬것
1	국거리 소고기양지
1	어린 새송이버섯
1	팽이버섯 100원크기 생략가능
1	콩나물 350g
1	매콤떡볶이소스
1	블랙커피 1포
1	우무용 한천
1	곤약 분말
1	돈까스소스 먹을
1	고기볶음
1	햄스팸
1	피자치즈 150g 1포
1	토마토케찹 토마토소스로 대체 가능
1	양파 주먹사이즈
1	간마늘 통마늘 5개
1	다시마 9* 9
1	호박 볶음
1	생선파는언니 삼치
1	샤브수끼소스
1	바닐라 익스트렉 1~2방울
1	오븐전용팬
1	제빵주걱
1	돼지호박애호박
1	진간장만능맛간장
1	생선육수물3L
1	생선뼈
1	절단 오징어
1	강력분 or중력분
1	논콜 마요네즈
1	통깨나 검은깨
1	오뚜기 넓은당면
1	견과류 다진호
1	오이 작은크기
1	파래 1덩어리
1	닭다리 600그람
1	스터브소스
1	미트볼 소스
1	천일염 절임
1	방풍나물 400g
1	야채 집에남은
1	제누와즈 1호 2cm 두께
1	마라시노체리
1	디포리육수팩
1	채썬 파프리카
1	비트 익혀서으깬것
1	바닐라 에센스 2방울
1	식용유​
1	다진멸치
1	건미역 손바닥크기
1	멸치액젓 or간장
1	피클국물 or식초
1	캔참치 210g
1	통마눌
1	밀폐유리용기
1	소 불고기감
1	우동다시 쯔유
1	진간장 재료잠길
1	멸치육수 1.5국그릇
1	연두순 or국간장
1	설탕흰
1	매운 핫바
1	치즈떡볶이떡
1	또띠아 제일 작은사이즈
1	돌나물 한봉지
1	고형카레 2블럭
1	깐 봉지 메추리알
1	다시마 사방 5cm
1	멸치액젓 1큰술
1	시판 동그랑땡
1	치커리 4잎
1	일반 순대
1	찹쌀순대
1	에어프라이어용 치킨
1	양배추 샐러드
1	양파 채소육수용
1	다시마 4cmX4cm
1	청주 or맛술
1	돼지갈비양념간장
1	사골육수 1팩
1	미림 돼지고기 잡내에 민감한분만
1	양파 12~13g
1	대파 10g
1	쌈장 15g
1	데리소스
1	가재 새우
1	북어채 크게 황태채
1	무 중간 사이즈
1	멸치 크게 큰것
1	송송 썬 열무김치
1	청양고추 or홍고추
1	홍고추청양
1	물 차가운
1	맵쌀가루
1	열무 싹 크게
1	소금 1술
1	된장 1/2술
1	열무김치 선택
1	토마토 선택
1	명란젓 3개
1	분홍소세지 작은거
1	​깻잎 20장 2묶음
1	​마요네즈
1	생 고추냉이
1	쫄면삶을물 쫄면 부피 1.5배 이상
1	고추장 2테이블스푼
1	매실청 4테이블스푼
1	케찹 8테이블스푼
1	꿀 4테이블스푼
1	아가베
1	볶은통깨 마지막
1	된장 염도에 따라 가감
1	소고기 400g
1	무 1/2개
1	물 3600cc
1	부추 반 줌
1	장흥 유기농 건표고채
1	표고버섯 슬라이스
1	식용유오일
1	무 2cm크기
1	오렌지 익스트랙 오렌지 제스트 한개분
1	가당 요거트 파우더
1	블루베리 파우더
1	된장 50g
1	재래김
1	뉴질랜드단호박
1	깐은행
1	감초우린물
1	통후추갈기
1	바닐라에센스 1~2방울
1	고구마줄기 껍질 벗긴 것
1	멸치 가득
1	호두 작게자른거
1	이소말토 올리고당
1	감자 작은
1	초록 콩나물
1	소주 2소주잔
1	계란 작은것
1	참기름 채썬 파가 자박
1	아무버섯 생략가능
1	생강 작은사이즈
1	무우 슬라이스
1	고추가루 매운거
1	건 코코넛 가루
1	멸치가루 없으면 국물용 멸치
1	일반부추
1	생선 임연수
1	삼치 등
1	길쭉이햄
1	틈새 라면
1	짠지 무중
1	육수 다시마
1	밴댕이 1포
1	미역 약 40g
1	마요네즈 1.5바퀴
1	배추 작은 배추 300g
1	소고기 등심 슬라이스
1	황태채 50g
1	불린 미역 150g
1	검은 서리태콩
1	꽃게깨다시꽃게
1	무 0. 5~1cm두께
1	깻잎 양껏
1	매실청1T
1	칵테일새우자숙새우
1	​ 보리새우
1	닭 큰것
1	칼국수면 1인분
1	다진마늘 국수 비빌때
1	라면 야채분말
1	연유 생략가능
1	채소 고명용
1	새송이버섯 1/
1	쌀 불리지 않은쌀
1	동원참치 150g* 2
1	건조생강가루
1	수삼꿀절임
1	멸치 원하시는
1	불닭발
1	무 약1.2kg
1	파프리카 약 270g
1	맵지않은 고운고춧가루 생략가능
1	조청쌀엿
1	물 땅콩 잠길
1	액젓 선택
1	물 전분물용
1	배추김치 500g
1	토마토케챱
1	참치 참치캔 크게
1	쪽파 or깻잎
1	백종원 만능간장 간장 1큰술
1	곤지 느타리버섯
1	현미밥 1그릇
1	무 손바닥만 한 크기
1	김칫국물 200ml
1	노란색소
1	깔리바우트
1	버터헤드
1	바다장어 6마리 1kg
1	맨김
1	드라이 토마토 있으면
1	밥과 빵 원하는
1	다진브로콜리
1	돼지고기갈비
1	간장 양념 마트판매용
1	삼겹살 긴거
1	쌀떡 먹을만큼만
1	현미튀밥
1	버터 1작은컵
1	호박고구마 쪄서 으깬것
1	아이싱용 동물성 생크림
1	비정제황설탕 생크림의 10%분량
1	멸지
1	생크림 우유
1	통식빵 3cm정도 썰은 것
1	생크림 휘핑한것
1	얼음 물 차가운 물ok
1	물 1냄비
1	딸기 싱싱한
1	HACCP인증 양념편육
1	HACCP 맛살
1	귤 600g
1	당근 손가락한마디
1	멸치야채육수
1	초란
1	진짬뽕 액상소스
1	향미유
1	잔
1	소세지 비엔나후랑크 등 1대접
1	당근 썰은것
1	후르츠통조림 건더기 듬뿍
1	후르츠통조림 국물
1	핫소스 취향에따라생략
1	경수채 2다발
1	술청주
1	넛트 크런치
1	스팸슬라이스 3mm
1	파프리카 마리네이드 닭 가슴살일반 닭가슴살
1	농심 건강한쌀 부침가루
1	슬라이서
1	옛날소세지
1	코다리 몸통
1	미니 모짜렐라치즈
1	화이트 와인 비네거
1	오징어 각종해물
1	황태머리 생략가능
1	영양부추 크게
1	물만두 1밥그릇
1	황태불린물
1	닭다릿살 2덩어리
1	갓지은 밥
1	옥수수 통조림 생략 가능
1	커피 가루 생략가능
1	손질다시멸치 1대접
1	봉지 굴
1	행복한콩한식발효볶음김치생나또
1	비비고썰은배추김치
1	굵은소금 마지막 간
1	다시마 + 표고버섯 우린 물
1	향신료 생략가능
1	핫소스 선택
1	파슬리허브가루
1	꽈리고추는 안매우니 훨씬많이
1	소고기 우린물
1	펜네 양파 다짐
1	토마토소스 3/
1	찰토마토 작은크기
1	꼬치용꽂이
1	얼린 홍시
1	데코 홍시
1	오징어 짜근거
1	뒤진 마늘
1	뒤진 대파
1	양파 갈갈
1	와이드전기후라이팬
1	냉동 블루베리 1그릇
1	석박지
1	찰 현미밥
1	포도씨 오일
1	배즙 이나 양파즙
1	배추 중간크기 3포기
1	곤드레 데친거
1	카레가루 1/2기준
1	떡국떡 1대접
1	생강or생강가루 생강은1개
1	양파 작은건2개
1	마늘 1컵
1	생강 두 토막
1	강황가루 카레가루
1	물 고기양의 3배
1	국간장 작은국자
1	삶아놓은 시래기
1	홍고추 옵션
1	흰 대파 있으면
1	대파 양껏
1	소금 고구마줄기데칠때
1	구운 애호박
1	채 어묵
1	사각 라이스페이퍼
1	국수면 500원동전
1	오징어 작은 사이즈
1	통그릴소세지
1	마늘빵
1	무말랭이 크게
1	피자치즈 미니
1	어린잎채소 미니
1	마른미역 종이컵 1컵
1	국거리 종이컵 1컵
1	액젓꽃게액젓
1	진짜장
1	물 이나 다시마물
1	챙
1	육수 다시마+멸치 200ml
1	파슬리 토핑
1	만능볶음간장
1	당근 듬뿍
1	애호박 듬뿍
1	부추 듬뿍
1	삼계탕 재료
1	진주햄 줄줄이비엔나
1	황태 물
1	멸치육수 넉넉하게
1	애호박 `
1	대파큰줄기로
1	물 얼음물
1	송이고버섯
1	냉동치킨
1	고슬고슬지은 밥
1	버섯팽이버섯
1	달걀초란
1	계란 삶은
1	김치 ﻿
1	다진 마늘 ﻿
1	쪽파 ﻿
1	물 ﻿
1	기름 간장
1	분말수프
1	페페론치노 건고추대체가능
1	물 통조림깡통 기준
1	코다리 2~3마리
1	무 토막 낸 것
1	생강 작게
1	기름 포도씨유
1	햄 양파와 동일한 양
1	다시팩다시멸치 다시마
1	야채순액
1	양파 400g 대
1	핫도그 번 8개 340g 14oz
1	동치미무
1	깨보생이
1	플레이팅매트
1	아몬드시럽
1	시판 토마토소스 1병
1	고츠장
1	고추장 약 11g
1	간장 약1g
1	물엿 약15g
1	다진마늘 작은크기
1	통밀가루부침가루
1	말린 호박나물
1	설탕 절일때
1	굵은소금 절일때
1	돼지고기 앞다리살 900g
1	아보카도 퓨레
1	참나물잎만
1	컬러방울토마토
1	앤쵸비
1	화이트와인조리시
1	궤시디아 시즈닝
1	고형카레 4블럭
1	오뚜기 메밀소바장국
1	편의점 닭 꼬치
1	맥반석계란
1	초코제누와즈카스테라
1	감자부침가루
1	얼그레이홍차잎
1	난황계란 노른자
1	물 오이가 잠길 정도 이나 육수
1	명태살 채
1	마니라
1	소세지분홍소시지
1	The더건강한 베이컨
1	백설5가지자연재료 부침가루
1	식초 백설100%자연발효파인애플
1	백설스위트리 자일로스
1	소주 1/4병
1	맛살 잘게 썬
1	파 어슷썰기
1	양파 고추양에맞추기
1	생식두부 160그램
1	시나몬 계피가루
1	전자레이지
1	통 밀밥스레드밀
1	백 밀스펠트
1	멀티그레인 토핑
1	국산 우엉 큰것
1	찹쌀풀 끓인것
1	말린 고춧잎
1	오징어다리 1개분
1	다짐육 돼지고기 등심
1	돼지고기앞뒷다리살
1	튤립햄
1	흰떡
1	배추잎 손바닥만한
1	부침유 카놀라유
1	동글호박
1	푹익은 배추김치
1	길쭉한 어묵
1	계란지단 계란
1	김가루 도시락김
1	작은 건새우
1	감자 마음대로
1	바닐라 extract
1	초코 청크
1	토핑용 코팅 초콜릿
1	머피틀
1	뻔데기
1	매운고추 생략가능 원하는
1	호두등 견과류
1	골 파
1	김치째개용 참치
1	잘 익은 김치 1대접
1	돼지비계
1	고사리 1대접
1	쌀뜬물 1대접
1	물 1/3대접
1	피멘톤
1	샤프론 10술
1	전분 이나 부침가루
1	돼지고기 다짐
1	쇠고기 얇게 편썰은것
1	치커리 잎 12잎
1	다진생강생강가루
1	삼겹살 1덩어리
1	3-
1	스펀지
1	파 선택가능
1	호박 선택가능
1	와사비고추냉이 가루
1	무 크기 5×5× 5
1	가쓰오다시
1	다시마 5× 5
1	다다기오이
1	부추 3~4cm
1	다양한야채
1	선식가루
1	미니 새송이버섯 1소쿠리
1	자반 고등어 1손
1	삼겹살 어느부위상관없음
1	두절새우국산
1	썬 소고기 1대접
1	썬 무 2대접
1	물 6대접
1	감자 손질 후 145g
1	홍고추 18g
1	블루베리 양껏
1	시래기 원하는
1	바지락 약 200g
1	설탕 깍아서
1	간장 or소금 간맞추기
1	고르곤졸라치즈피칸테
1	견과류 각종 견과류
1	진라면 순한맛
1	안익은 김치
1	진라면 스프
1	달걀 Egg
1	판초콜릿 1개
1	바지락 500g
1	베이컨 밥은 햇반 1개 기준
1	밥 햇반1개
1	첵스 2컵
1	땅콩버터 1.5T
1	올리브유 백종원 스테이크소스
1	매운 양념
1	불맛향미유 기름
1	감자 중 3개
1	멸치 2/3컵
1	삶은닭고기등
1	설탕 2t
1	치킨부이용파우더or혼다시 옵션
1	겨자 옵션
1	천연설탕스테비아
1	생표고버섯 자연산이면 더 좋음
1	바질 페이스트
1	바질식초 레몬으로 대체 가능
1	페코리노 치즈 파마산 치즈
1	호밀또띠아
1	썬드라이 토마토 다진것
1	블루베리 잼
1	돼지고기 청주밑간
1	멸치 15마리
1	다시마 10cm X 10cm
1	광어 슬라이스
1	실 미역
1	썬조선호박
1	깍지
1	튀김만두
1	참외 속씨
1	무 1/3개
1	메추리알45알
1	쌀 불린것
1	황태 불릴 물
1	깻잎 다듬은 양
1	고운천일염
1	다시육수 큐브
1	소스냄비
1	묵은김치 4~5잎
1	설탕 종이컵 한컵
1	쌀조청 종이컵 반컵
1	물엿 종이컵 반컵
1	버터 큰수저 한숟갈
1	유기농설탕 종이컵
1	물 종이컵 한컵
1	톡톡채소 대파레시피
1	커피가루 생략가능
1	고기삶은 물
1	청양고추 홍고추 생략가능
1	훈제 돼지고기
1	오가닉 시즈닝
1	레드벨벳시트
1	산딸기리큐르
1	산딸기 리큐르
1	파스타 시판제품
1	젖은 멥쌀가루
1	반건조고구마
1	다시물 1.5대접
1	가지건가지
1	곤드레건곤드레
1	국화건삼잎국화
1	무무나물
1	고춧잎고춧잎나물
1	경기미 가와지 1호
1	생물간고등어
1	찐 옥수수 알갱이
1	순살돈까스
1	멸치다시마 육수용
1	숱얇은 식빵
1	탕냄비
1	시판발사믹소스
1	국산콩 즉석 두부
1	달래 1cm 썬것
1	야채 자유롭게
1	매실장아찌 다진 것
1	매실장아찌에서 우러난 물
1	진미오징어채 o쥐포r
1	전복 끓인 육수
1	유기농발아 미숫가루
1	총각무 1단 23개
1	굵은소금 120g
1	홍시 or설탕 1T
1	통마늘구이
1	후무스
1	궁채장아찌 단무지나 우엉 대체 가능
1	스리라차소스 생략 가능
1	향신기름
1	치킨 종류 상관없음
1	물 멸치다시 육수 사용 가능
1	쪽파 송송썬 것
1	데코용 우동면
1	식용색소 2~3방울
1	부추 한 줌
1	새송이버섯 작은 것
1	프리키누태국고추
1	삼겹살훈연
1	달걀프라이 옵션
1	계란특
1	새우외에조갯살
1	쌀뜨물 6머그컵
1	다시마팩 과 면보
1	소고기갈빗살
1	소고기불고기감 앞다리
1	만능뚝딱 소불고기양념
1	느타리버섯 다른버섯대체가능
1	당면 선택재료
1	떡 선택재료
1	밀복
1	복어애
1	애플 사이다 식초
1	조선맛간장
1	다시마양조간장
1	열무물김치
1	삶은닭고기 원하는
1	오이 5개
1	액젓 액기스
1	인스턴트 알 커피
1	쪽파 7가닥
1	절임 물
1	카레 80g
1	쌀 튀김 가루
1	팽이버섯 큰봉지
1	cp치킨텐더 대략
1	적 새우살
1	적포도
1	초대리
1	버터 ​
1	건새우 국내산
1	체다치즈 짠것은1장
1	청양고추 생략 가능
1	어슷썬 대파 흰부분
1	대파 어슷썬 흰부분
1	파마산치즈 토핑용
1	분홍 색소 소량
1	케첩매운맛
1	대멸치
1	파뿌리 없으면 생략가능
1	근위 한팩
1	백설찹쌀 호떡믹스프리믹스
1	백설찹쌀호떡믹스쨈믹스
1	라면사리 먹을
1	떡사리 먹을
1	베투치네파스타면
1	딸기초콜릿
1	녹차분말가루
1	별사탕
1	데코펜
1	물 끓는것
1	돈안심
1	소멸
1	들기름 1+
1	냉동만두 물만
1	김치만두 1접시
1	참기름 강추
1	고두밥으로 지은 백미 밥
1	가쓰오부시가루 선택
1	굴마트
1	부친가루
1	기름 사용할
1	물 계란과동량
1	닭고기 포장육
1	새송이버섯 2~3꼭지
1	브랏 비엔나햄
1	작은피망홍피망
1	양상추 2~3잎
1	블루바스켓 노르웨이 생물연어 스테이크용
1	그린빈스 생략가능
1	타르타르소스 생략가능
1	참나물 두줌
1	새우대하
1	요리에센스연두순&청양초
1	멸치육수 or생수
1	다시마소
1	포도당가루
1	버터 30g
1	식용유나 포도씨오일
1	두부 한팩
1	병아리콩 한캔
1	오트
1	0. 매실청 없으면 설탕
1	쪽파 600g
1	감자 어른 주먹크기
1	양파 어른 주먹크기
1	호박 어른 주먹크기
1	파 썰어서대파
1	세라노고추
1	할라피뇨등
1	애플비니거
1	간장 중간국자
1	감자 삶은 것
1	계란 지단
1	데침 소금
1	해바라기씨 견과류는 취향것 적당량
1	동우바른닭고기 닭다리
1	톳피클 국물포함
1	호두다진것
1	라임식초
1	물 다시마 우린 물로 하면 더 맛있어요
1	기꼬망 간장 몽고간장도 가능
1	돼지고기 항정살
1	볶음 건새우
1	무절임
1	링오징어
1	아라비아따토마토소스
1	데코레이션용 어린잎
1	내장 뺀 멸치 중간사이즈
1	판젤라틴 4g
1	시판 마늘쫑
1	밀가루 부침
1	물 2/3컵
1	묵말랭이
1	식초 토마토식초사용했어요
1	설탕 자일로오스
1	마요네즈 + 고추냉이 +1t
1	모닝고추
1	배추 1포기
1	​데친 깻잎 순
1	색소 빨
1	초
1	검
1	청경채 1잎
1	표고버섯 밑둥
1	초코시리얼
1	돼지고기 한근반
1	장식용sprinkles
1	무우 우릴 물
1	팬케잌 믹스 가루
1	초코칩스
1	흰생우유
1	황도
1	효모
1	발효배양액종
1	땅콩버터 크게
1	무설탕 두유
1	빠네빵
1	호박잎 10개
1	몽꽁떼
1	코다리 한코
1	작은 코다리
1	대파 흰뿌리 손가락 2마디
1	슈가파우더 설탕대체가능
1	애느타리버섯 다른버섯 대체가능
1	생모짜렐라치즈소
1	짜투리양파
1	케익시트빵
1	생크림온탑 or생크림
1	토핑초콜릿
1	칠갑농산 산골 국수
1	절임 무
1	양념장 – 고추장
1	시중 쌈장
1	시래기 3타래
1	절임용 설탕
1	국간장 기호에 맞게
1	멸치액젓 기호에 맞게
1	다시마 15*10cm
1	무 5cm 두께
1	젤라틴 쥬스 100g당 1장
1	과일 쥬스
1	코코넛 젤리
1	유산균 제품 1포
1	느타리버섯 반팩
1	가문어 1대접
1	레드페퍼로 대체가능
1	소고기 아롱사태
1	닭날개 700g
1	불린당면 선택
1	후추 10번
1	시판칼국수면
1	물쌀뜨물
1	배 큰 것
1	감자 150g
1	참치캔 150g 야채맛
1	열무김치 1그릇
1	식용유 파기름 낼
1	피쉬소스액젓
1	말린 무말랭이
1	묵은 반죽
1	밥 약350g
1	레몬즙 레몬효소대체가능
1	멸치육수 800ml
1	각종건과일
1	오양 맛살
1	소금 두부부칠 때
1	감자 선택
1	3311양념장
1	크림스프
1	고기냄새 제거용 생강
1	고기재울 소금
1	당면용 간장
1	당면용 들기름
1	간장 당면삶을때 넣을
1	슬라이스치즈 기호에맞게
1	연어참치캔
1	쌀뜬물 3국그릇
1	봄동속잎
1	반죽할물
1	​ 닭
1	대파 ​
1	밥이랑 90g
1	떡볶이떡 수북히
1	고추가루안매운
1	고추가루매콤한
1	쯔유 or간장
1	돼지고기다짐육앞다리살
1	통단무지 한개
1	맛타리
1	다시마 10~15cm
1	파프리카소
1	소고기 생략가능
1	매운 소스
1	타바스코소스 1병
1	채썬무 1국그릇
1	간마늘 1소주잔
1	서리태약콩
1	대구 800g
1	가리비 관자
1	마른 홍고추 선택
1	두부초당
1	옛날 소시지
1	갈아 놓은 돼지고기
1	햄 다져서
1	데친 얼가리배추
1	흑설탕 1테이블스푼
1	우엉 10cm
1	청영고추
1	다시마 7 *
1	돼지등심 돈가스 고기2장분량 2덩어리
1	청양고추나 풋고추
1	양념장 고추장
1	타임 허브
1	소금 부족한 간 맞추기
1	고구마말랭이 생략가능
1	케찹 생략가능
1	소금국간장
1	발사믹식초 발사믹 식초는 옵션
1	닭 절단
1	국물용 멸치가루
1	쌀뜬물 or맹물
1	유부초밥 키트 약7~8개 분량
1	그외남은채소 선택
1	대파 뿌리부분
1	오므라이스틀
1	깻잎 7묶음
1	냉동해물모듬
1	숙주 한줌
1	쌀뜰물
1	조개젓갈
1	견과류 건크렌베리등
1	찹쌀풀 소량
1	호박 주먹크기
1	바나나우유 240ml
1	가브릿살
1	말린파
1	마요네즈 작은 사이즈
1	물 홍합이잠길
1	버섯 고추 파 등등등 원하는야채
1	머랭쿠키
1	녹말가루 생략가능
1	참치 국물
1	스팸 1캔 200g
1	매실액 없으면 스킵
1	부추 100원 동전크기 없으면 생략
1	쪽파 100원 동전크기 없으면 생략
1	채썬 유부
1	무 2cm크기로 나박썬거
1	후랑크소세지 120g
1	데친 꼬막
1	맨 김
1	굴소스 듬뿍
1	핕 앙금
1	생 바지락 크게
1	팽이버섯 작은것
1	파프리카작은것
1	한우 아롱사태
1	대파푸른부분
1	카레 2큰술 2테이블스푼
1	굴소스 Oyster Sauce 1큰술 1테이블스푼
1	Crushed Red Pepper 고춧가루 고춧가루
1	느타리버섯 70g
1	양념 닭 300g 직화구이불닭
1	부추 깻잎양
1	시판 파인애플 드레싱
1	멸치액젓 1/
1	큰 배추잎
1	쪽파 1줌20개가량
1	우스터소스 생략가능
1	닭가슴살 3덩이
1	농축 치킨스톡
1	골뱅이 약400g
1	양파 1대접
1	라면 신라면 삼양라면
1	썰은 표고버섯
1	부순 베트남고추
1	팔각 향
1	진간장 국자기준
1	집된장 푹퍼서
1	방울토마토 있으면몇개
1	슬라이스아몬드 있으면
1	겨자가루나 연겨자
1	레몬즙 있으면
1	꽈리꼬추
1	멸치중멸치
1	양념치킨
1	반숙후라이
1	다진고기 200g
1	다진 청양홍고추
1	육수 다시 포
1	삶은고사리 말린것 60g
1	간장 0~
1	소금 면삶는물양백분의일그램
1	돼지고기 뒷다리살 불고기용
1	두부 물기짠
1	김치 다져서 물기 짠
1	숙주 데친 후 다져서 물기 짠
1	굴 1대접
1	두부 300~350g
1	굴소스 옵션
1	돈까스 소스 어린이가 먹을경우
1	오트밀 50g
1	호두 20g
1	알룰로스 선택
1	삼계탕용 닭
1	다대기양념
1	생크림 약200ml
1	콩나물 1인용뚝배기 한가득
1	모짜렐라치즈 수북히
1	멸치알육수
1	개복숭아
1	카레가루 1tbsp
1	채썬 우무
1	수박우무양
1	중력분박력분
1	은행 있으면
1	브로콜리 1/2다발
1	오이절임용소금 꽃소금
1	마른 전분 감자
1	피망 소자
1	프랑크햄
1	시판용 또르띠아
1	배 다 깍았을때 무게가 1kg였어요 .
1	당면 생략가능
1	돼지고기 등심 잡채용
1	돼지고기잡채용
1	대패삼겹살 1대접
1	김치 익은거 1대접
1	굴 듬뿍
1	해쉬브라운
1	케찹 이나 딸기잼
1	샤브용
1	이스트 1Tsp
1	소금 1/2Tsp
1	고춧가루 조금 매운
1	쫄면 1묶음
1	물엿 0.5비율
1	짜장가루 0.5비율
1	파스타면 집에 있는
1	올리브오일 충분히두를
1	매운고추 페페론치노
1	말린고
1	햄 없어도 무관
1	황태멸치 육수 큰국자
1	배추김치 송송썬것
1	김 자른것
1	마른 다시마 사방10cm
1	사이다캔
1	냉이 듬뿍
1	다진 대파 듬뿍
1	돼지고기 앞
1	물엿 취향껏
1	천연조미료 다싯물 대신
1	허니머스타드 소스
1	청량고추대
1	유부보자기
1	차돌박이 냉동
1	깻잎 채썰어서
1	고춧가루 고운거
1	백숙용 티백
1	양배추 약 반 줌
1	핑크솔트
1	간장게장
1	전자렌지용찜기
1	어슷 썰은 푸른 대파 고명용
1	초고추장 듬뿍
1	고기만
1	김치만
1	마들렌생지
1	떡 먹을
1	돼지고기목살 or앞다리살
1	참치 라이트캔 큰거
1	꾸이꾸이
1	치킨포
1	복분자국수 or일반면
1	감태분말
1	배추쌈
1	건새우 국 1그릇
1	마늘 슬라이스로썬것
1	프랑크소시지 원하는
1	머핀 종이호일
1	담을병
1	생강가루 톡 1번
1	근위
1	마른 보리새우
1	소늘
1	통마늘 다진마늘 1큰술
1	파채크게
1	면굵은 라면
1	한우소고기 국거리용
1	닭 600g내외
1	풋고추나 청량고추
1	소고기 1팩
1	대파 1줄 한뼘길이
1	불막창
1	피자
1	치즈스틱
1	어린 오징어
1	불린당면 1국그릇
1	애기새송이
1	조청매실청
1	밀가루전분
1	슈파파우더
1	마라롱샤소스
1	타이거 새우
1	물 대략
1	고등어 자반고등어사용가능
1	마요네즈 2테이블스푼
1	무가당요플레 2테이블스푼
1	우유 4테이블스푼
1	통조림햄 200g
1	돼지고기 불고기 앞다리살
1	양념장만능 소스
1	전분물 전분
1	쪽파 다듬으니 700g
1	양상추 6잎
1	마스카포네 크림치즈
1	으깬 통 들깨
1	오이고추 피망대신
1	식용유 4바퀴
1	가자미중
1	알배추 10잎
1	모시조개 200g
1	닭 1g 500~700g
1	청양고추 1/
1	찹쌀순대 1사발
1	데친깻잎순 크게
1	공심채 줄기
1	무 5~7cm
1	2배 강한식초로
1	생강청 or생강즙
1	닭 팩
1	매운청양고추
1	생강술 다진생강 1작은술
1	물 약30g
1	당근 양파
1	옥수수캔 1개
1	딸리아뗄레
1	파마산치즈 기호에맞게
1	레지아노치즈 기호에맞게
1	물 1밥그릇
1	실리컨뒤집개
1	따뜻한 물 600CC
1	크림 고형 루
1	국간장 2술
1	생 톳
1	통팥앙금
1	사카린
1	계란 이나 우유
1	천연조미료황태육수
1	쪽파 1가닥
1	청국장 수북히
1	국물짠 김치
1	달걀흰자 4개분
1	슬라이스 피클
1	가스오부시 우려낸 물
1	버섯 모든 버섯종류 가능함
1	촉촉한 식빵
1	채 썬 햄 샌드위치용 슬라이스
1	멸치 두 줌 가득
1	크래미게맛살
1	양배추 큰걸로
1	삼계탕한약재
1	떡볶이떡 작은거
1	엿기름 티백
1	쇠고기불고기
1	바닐라 페이스트
1	흑미 현미밥
1	찬밥 1덩어리
1	당근 5~6cm
1	애호박 5~6cm
1	진미채 1그릇
1	실온무염버터
1	파프리카색별
1	돼지고기 잡채용 250g
1	소금 2회에 나눠서
1	후추 2번에 나눠서 5번
1	소금 +1작은술
1	먹다남은 치킨 원하는
1	볶은 검은깨 or볶은참깨
1	양파 안넣어도무방
1	밀가루 반죽 물
1	다시마멸치끓인육수
1	무 0.5센티두께
1	대파힌부분
1	해감바지락
1	화이트와인 1/4컵
1	돼지고기 사태 300g
1	만능맛간장 입맛에 맞게
1	일자 콩나물 1박스
1	여러가지과일
1	오징어 작은거 큰거 한마리
1	청귤청
1	달걀흰자 93g
1	소고기다시다 취향껏 소량
1	굵은 어묵
1	잘린 다시마
1	양파뿌리
1	양배추 약간
1	중파
1	간장 8g
1	고추장 살짝
1	고춧가루 살짝
1	염장곰피
1	원 레시피에는 돼지갈비
1	간 파인애플
1	설탕 원 레시피 기준
1	고추장 25g
1	간장 6g
1	태양초 고춧가루 4g
1	설탕 8g
1	맛술 6g
1	썬 새송이 브로콜리 1밥그릇
1	현미밥 즉석밥 1/2
1	배추전
1	고구마튀김
1	연근튀김
1	돔배기상어고기
1	요리 에센스 연두 청양초
1	손질한아욱
1	오뚜기 제주콩으로 만든 낫또
1	양파 1/2~
1	황태 1사발
1	가시오가피
1	깻잎 없어도 됨
1	스파게티면 동전 500원 크기
1	느타리버섯 두줄
1	튀김가루 or부침가루
1	깊은접시
1	태양초 고추가루
1	통오징어
1	로즈마리 선택
1	슬라이스레몬 선택
1	미지근한 생수
1	다시다요리수
1	체다치즈소스
1	파르마산 치즈
1	들기름과 식용류
1	머리 뗀 건새우
1	찐감자대
1	생블루베리 선택
1	얼린망고
1	콩가루 선택
1	찹쌀 불리기 전
1	대추씨끓인물
1	간수 물
1	조림냄비
1	간장 3테이블스푼
1	우스터소스 2테이블스푼
1	발사믹식초 1테이블스푼
1	시판 찹쌀가루
1	납작당면 30분불린것
1	채썬소고기
1	국간장 참치 액 1T
1	주먹밥용토핑
1	우리밀국수
1	두부 한+
1	다진파 많이 넣어도 됩니다
1	손질한 오징어 다리 150g
1	갈은 멸치
1	수박 껍질
1	참기름 +1T
1	부침가루 1 : 1비율
1	맛소금 or소금
1	옥수수 생략가능
1	생강 마늘의 1/3양
1	다진파 1/2~
1	식용유 2번
1	다진 깍두기
1	먹다남은파닭 양념이든후라이드든간장이든상관없어요 ~
1	당근 1/3~
1	간장 데리야끼소스없을시
1	케일 1다발
1	갈은 땅콩
1	미역 자른미역
1	바닐라 익스트랙 3~4방울
1	알룰로스 약 125ml
1	타피오카전분 1컵=200ml 두부 대비 1/4 중량
1	찐 밤
1	삶은 검정콩
1	푸룬
1	당면 80g
1	곤지7호 느타리버섯
1	참치통조림 210g
1	배추김치 2컵
1	쌀뜨물 700ml
1	배간거
1	뒤포리육수 본문참조
1	덩어리 파마산치즈
1	감자큰것 270g
1	쌀바게트
1	고수 있으면
1	몰라리스
1	어슷 썰은 쪽파
1	오징어채 크게두줌
1	피쉬소스 멸치액젓
1	배추 한 포기
1	마늘 한주먹
1	라자냐면 만두피 대체가능
1	토마토퓨레 토마토소스 대체가능
1	전분가루 고구마전분 : 옥수수전분 = 7: 3
1	슬라이스크림치즈
1	치즈크림파스타소스
1	마늘 1밥그릇
1	인델리데미커리
1	황태채 한줌
1	간장 추가
1	매실액기스 추가
1	어니언 베이글
1	다진마늘 없으면 통마늘3개
1	카놀라유올리브유
1	손질한전복L
1	양파 갈은 것 400그램
1	양배추 먹을
1	노랑파프리카 1./
1	무큰것
1	볶음밥용채소
1	버터 식물성기름
1	피자치즈 슬라이스치즈
1	칠리소스 생략가능
1	양파 굵게 다진것
1	당근 작게 채썬것
1	쌀떡볶이떡 1밥그릇
1	프레시안어묵
1	소고기홍두깨
1	국수 중면
1	판매재래식 된장
1	밥 한개
1	콩잎
1	1호팬
1	​ 고추장
1	생강 즙 이나 가루
1	눈개승마
1	사골육수 480g
1	감자 수제비가루 240g
1	물 육수
1	물 반죽 물
1	손질 멸치 1대접
1	옥수수분말가루
1	팥 2컵
1	인절미덩어리
1	일반 고춧가루 16+
1	배즙 400CC
1	계란 3~4개
1	감자 전분 3 큰술
1	참치 액 1/3 큰술
1	치즈 먹고싶은
1	굴소스 먹을
1	케찹 개성있게
1	대파 흰
1	오곡 올리고당
1	칠리소스 2종지
1	제육볶음용고기
1	물 종이컵 2컵반
1	단무지 27g
1	조청 이나 꿀
1	쪽파 500동전
1	바나나 중 약 150g
1	바나나 토핑 슬라이스용
1	어묵 320g
1	삼겹살 오겹살
1	양파 취향에 맞게 가감
1	자반고등어 1/2손
1	꼬막무침
1	국멸치 or디포리
1	튀김유부침유
1	다시마 8* 8
1	건 무
1	훈제 닭 가슴살
1	당면 자른당면
1	시금치 1단가능
1	소금 or맛소금
1	단단한 복숭아
1	훈제달걀 반숙도가능
1	단 파
1	육수 디포리
1	실파대파
1	소금 물 1리터당
1	황태초무침
1	오징어中
1	하이라이스 분말 4인분
1	연어S
1	썰어놓은 김치
1	대란
1	갈비를 삶은 물
1	당면 불린
1	알감자만두
1	짜투리야채들
1	시로다시
1	﻿오이
1	호렴굵은 소금
1	​꽈리 고추
1	​잔 멸치
1	다진 땡초
1	유자폰즈소스
1	다이제 쿠키
1	설탕 생강양의 80%
1	미니라
1	갈치中
1	계란노른자만 육회용
1	통깨 후추
1	매운고추청양고추
1	풋마늘풋마늘잎
1	참치 작은사이즈
1	콩나물 1사발
1	링곤베리쨈
1	손질 한 달래
1	무우 작은거
1	복숭아통조림
1	다시마1개
1	카네시로 어묵
1	알배추 생략가능
1	플라스틱접시
1	일회용접시
1	통깨나 깨소금
1	조림장
1	찐홍게살
1	굴소스간장
1	얼린 두부
1	당근 5cm길이
1	통 멸치젓갈
1	미나리 넉넉히
1	부침두부 350g
1	달래 40g
1	식용유들기름
1	달래 50g
1	돼지고기 등뼈
1	바나나청
1	샘표조림 간장
1	피클소스
1	짜사이
1	무 둥글게
1	대파 흰 부분 10cm
1	들깨가루 벗긴
1	소금 기호에 따라 1~2스푼
1	밥에 싸먹는 햄
1	아기상추
1	비닐랲
1	열무뿌리
1	밀가루 2컵
1	​들깨가루 100g
1	전분가루 60g
1	홍합 630g
1	설탕 50g
1	물 60g
1	매샐청
1	어묵 둥근모양
1	어묵 삼각모양
1	김가루 1인분
1	통깨 2-3인분
1	감자나양파 선택
1	국물육수내는 다시팩
1	양지 or사골 육수
1	﻿굵은생굴
1	​연어
1	시판만두
1	갈아놓은 양파
1	레몬즙 이나 식초
1	허니버터시즈닝
1	피망 오이
1	비엔나소시지 큰거
1	국간장진간장
1	토마토퓨레 680ml 2병
1	잘 익은 김장김치 배추1통을 자른것
1	손 두부 500g
1	양지 육수 시판 500g
1	오징어 젓갈 시판용
1	대파 말린 것
1	생강 말린 것
1	쌀 7국그릇
1	멸치육수 6국그릇
1	토핑용 호두 녹차반죽은 기본반죽에 녹차가루 8g
1	먹다남은고기와양념
1	만능간장 속의 고기
1	높은 머핀틀
1	부침가루 취향껏가감
1	명란 1덩어리
1	식초매실액
1	가지 중간걸로
1	통깨 토핑용
1	닭북채
1	청주 날치알이 잠길 정도 2/3밥그릇
1	당근 채썸
1	등갈비 1팩
1	양파 중~소
1	조청 쌀엿 시판
1	골뱅이 통조림 小 270g
1	낙지 절단낙지 1팩 200g
1	생강 생략가능
1	캡사이신 or청양고추다진것
1	대파 대
1	국간장 생략가능
1	청량고추 선택
1	십간 돈까스
1	시판비빔장 40g
1	쪽파 수북히 1대접
1	넓적당면 50원크기
1	베이킹소다 or식초
1	열무 40ml=5큰술
1	열무김치국물 5큰술
1	명이
1	허브솔트 없으면소금
1	토마토 큰 사이즈
1	화이트와인식초
1	무 작은 것 큰 것1/2개
1	파스타면 500원분량 2개
1	우유 1컵
1	생크림 1컵
1	묵은지 580g
1	미나리진액
1	물 8머그컵
1	찜용 물
1	고추냉이 마요소스
1	현미조청
1	양배추 채썬 것
1	숙주 두줌
1	찰토마토
1	토종 닭한마리
1	치킨스톡 1숟가락
1	양조간장 20g
1	올리고당 10g
1	헬로네이처 부대찌개 양념
1	헬로네이처 양지육수
1	모듬햄
1	땅콩버터잼
1	돼지고기 다짐육 200g
1	다진 대파 흰부분
1	물 레시피내용참고
1	경기미참드림 밥
1	고량주
1	목우촌 수제햄 등심
1	당면 5백원크기
1	중력분 시판용밀가루
1	계란 10구
1	묵은김치 다져
1	코코아 가루 반절 반개
1	드라이 인스턴트이스트
1	페퍼론치노 가루
1	춘권피
1	파뿌리채
1	냉동 홍시
1	천일염 굵은소금 1컵+1T
1	고추가루 1컵+3T
1	무 두께 2cm×지름 5cm 정도의 무 1/2개
1	돼지고기 앞다리 1Kg
1	흑맥주
1	참나물 샐러드채소
1	메추리알 2팩
1	스파게티소스크림
1	누룽지 밥
1	시판 스위트칠리소스
1	시나몬스틱 선택사항
1	닭 두마리
1	손질한 아욱 10개
1	된장집
1	다시육수 900CC
1	물 900CC
1	양배추 넉넉히
1	홍시 생략가능
1	새우젓 생략가능
1	고추가루 가감할수있음
1	밥 찹쌀풀대용
1	샘표 담백한 샤브샤브 육수
1	청경채 3묶음
1	알배추 넉넉히
1	칠리소스 시판스위트칠리소스
1	반죽용버터
1	충전용 버터
1	조선간장생수
1	양조간장 생수
1	다진마늘 생수
1	전분 물
1	쥬키니호박 2/3개
1	해물티백
1	오이 큰것
1	채 썬 피망
1	대파 굵은 것
1	뷰코 코코넛 엑스트라버진 코코넛 오일
1	주꾸미 다섯 마리
1	중면 국수
1	조미김 도시락김
1	칼국수 1인분 200g
1	소불고기 앞다리살
1	알꼬리
1	우무용 분말 한천 1포
1	얼갈이배추속잎
1	방울토마토 생략가능
1	시금치나물 무치는법 시금치
1	해파리냉채
1	크랩맛살
1	깐귤귤통조림
1	다시마 10x5cm
1	오이 오이가 클때는 8개 작을때는 10개 준비
1	쪽파 실파가능
1	다진마늘 50g
1	탱자청
1	고구마전분 1소주잔
1	옥수수전분 3소주잔
1	​쯔유 소스
1	파래 4묶음
1	어묵 사
1	피망 생략가능
1	브로코리 새싹
1	골뱅이 큰것
1	불린 백미
1	깐 해바라기씨
1	대추 달인 물
1	해물모둠팩
1	대나무쟁
1	오징어 중자
1	두반장 듬뿍
1	딸리아딸레 파스타면
1	생갈치 중자
1	생강즙간생강
1	새우 450g가량 1파운드
1	올리브오일 6-8Tsp
1	씨고추가루
1	생삼
1	매실 소량
1	마늘 추가가능
1	참치 약100g
1	꽈리고추 8~10개
1	먹물파스타
1	약콩두유파우치
1	각반죽에 우유
1	청포묵가루녹두전분
1	불린 맵쌀
1	명절에 남은 잡채
1	김치국물 200ml
1	백옥 앙금
1	김조미김도 오케이
1	대파 초록 잎
1	팽이버섯 160g
1	불판
1	쮸주바토마토맛
1	스파게티소스 5큰술
1	케찹 2큰술
1	돈까스소스 1스푼
1	카레가루 1스푼
1	가염버터 1조
1	밥 210~220g
1	식용유 1스푼
1	떡국떡 1그릇
1	만두 넉넉하게
1	육수 넉넉하게
1	감자 중자리 크기
1	미트소스
1	바실
1	골뱅이 큰 거
1	대파小
1	말이 어묵
1	시판용 육수
1	표고버섯꽁지
1	파스타 스파게티 면도 가능
1	양파 2개
1	손질한 아욱
1	파프리카 대
1	버섯암꺼나
1	굴소스 or치킨스톡
1	손질된 유채
1	국물용소고기
1	표고버섯불린물
1	슬라이스 오리
1	식초 2소주잔
1	설탕 2소주잔
1	완탕
1	템페
1	감자칩과자
1	멸치 다시마
1	돼지목살 간것
1	무 크게 썬것 1대접
1	유부초밥 140g
1	베이컨 20g
1	현미유 기름
1	냉동치킨너겟
1	단무지 잘게 썰은
1	물 스파게티끓이는용
1	시판용쌈장
1	게량스푼 기준입니다
1	향신료
1	넉맷
1	식용색소 레진가능
1	머스터즈소스
1	로스팜 햄 작은 것
1	황설탕 1대접
1	홍고추소
1	닭고기 9~10호닭
1	전분가루 비닐봉지에 크게
1	계란흰자 선택
1	다진 마늘 크게
1	다시마 작은 조
1	달걀 1인분2개
1	광어필렛 260g
1	튀김가루 70g
1	빵가루 60g
1	마요네즈 40g
1	양파 다진
1	피클 다진
1	양념불고기 시판용가능 1/
1	뉴슈가 소량
1	블루베리 냉동
1	대파 흰 부분 오센치
1	멸치다시마육수 1L
1	돼지등심 얇게썬것
1	연두 없으면패스
1	국간장 연두없을시
1	올방개묵 가루 1비율
1	찬물 5비율
1	황백지단
1	생강 소량
1	찹쌀가루 1/2밥그릇
1	생강 대략 5조
1	파절이 대패삼겹살양
1	양배추 파절이에
1	우동면 1인분당
1	어묵육수
1	얇은떡볶이떡
1	꼬치大
1	쯔유 4배농축 시판용
1	오이 굵은소금1t
1	홍고추 작
1	생수 or디포리육수
1	콩 생콩
1	OR달래
1	양배추 작은
1	김 고명
1	소고기 채썸
1	목이버섯 불려한줌
1	시금치 무침으로준비
1	하이포크 슬라이스 순대
1	코코넛밀크 음료
1	매운 꽈리고추
1	꽁치통조림 큰것
1	소세지 없어도 무관
1	양파 없어도 무관
1	케찹 입맛에 맞게 조절
1	심미즙
1	심미장
1	양조간장 중간물컵
1	스지 삶은거
1	소고기 한우 국거리
1	가지 작은것 일반가지 두개분량
1	팥베기베기
1	완두콩베기
1	무 3~4센티
1	참기름 +현미유
1	시판용갈비찜양념
1	깻잎 고춧잎이없어서
1	부추 다진것
1	검은깨 데코용
1	양파 1테이블스푼
1	냉동야채 2테이블스푼
1	옥수수 2테이블스푼
1	완두콩 1테이블스푼
1	숙주 2테이블스푼
1	파인애플 2테이블스푼
1	찬밥 1주걱
1	올리브오일 1테이블스푼
1	굴소스 1테이블스푼
1	맛술 1/2테이블스푼
1	베트남건고추 작은것
1	실당면 2뭉치
1	배추 길이20센치가량 작은사이즈
1	토종앉은뱅밀가루
1	쌍화차티백
1	생강차티백
1	오꼬노미야끼 소스
1	고추씨가루 + 북어채가루
1	스콘에 발라줄 우유
1	새우 15센티
1	무 짠지
1	핫케이크가루 500그램
1	자두청
1	우유 2/3컵
1	베이킹파우더소다
1	맛 간장 이나 참치액
1	마요네즈 참치의 1/2분량
1	소꼬리육수
1	매운 고추가루 1/
1	자숙바지락살
1	노지부추
1	훈제 파프리카
1	바질 등 모둠 허브
1	크라비아 게맛살 6개
1	일일견과
1	새송이버섯기둥
1	시판 된장 넉넉하게
1	청국장 넉넉하게
1	고추가루 넉넉하게
1	멸치 가루 넉넉하게
1	허니파우더설탕
1	해바라기씨 등 견과류
1	환만 식초
1	햇마늘잎
1	꽈리고추 파로대체가능
1	갈은 무
1	물 선택
1	느타리 생략가능
1	국잔장
1	멸치티백
1	찹쌀 현미
1	쯔유 4배농축
1	김치 송송
1	청양고추나 홍고추
1	스파게티면 100g
1	토마토소스 300ml
1	마른 무청 시래기
1	사골육수 시래기의 3배
1	시판 햄버거 패티
1	케찹 7바퀴
1	핫소스 힘껏털어타바스코 7번
1	생강 마늘대체가능
1	하얀치즈
1	까르보 불닭 라면
1	치즈빵
1	깻잎 작은크기
1	참기름 1/2바퀴
1	고춧가루 +1스푼
1	우드볼
1	크린베리 주스
1	쪽파 30g
1	추가물
1	아마씨가루 선택
1	도라지 1밥그릇
1	미니 부추
1	게맛살 꽃모양
1	페페론치노 or건고추
1	메밀가루 3인분
1	울외장아찌
1	물 1/3컵
1	약선족발
1	빨간파프리카 채썬것
1	노란파프리카 채썬것
1	깻잎 채썬것
1	삼계탕용약재팩
1	생 겨자
1	매실청 올리고 당으로 대체 가능
1	멸치다시마육수 5종이컵
1	소고기 다진고기
1	홍파프리카소
1	건고추 월남초
1	된장 1비율
1	청국장 1비율
1	파래 2덩어리
1	다진실 파
1	어묵조림
1	우동생면 3개
1	청경채 푸른잎
1	쌀뜨물 1국그릇
1	계란 섞은 것
1	건고추 부순 것
1	오렌지 제스트 1개분
1	쿠키 하트모양
1	아이싱색상별준비
1	생 표고버섯 196g 손질후 187g
1	동그랑땡반죽
1	청양고추 빼도 됨
1	버섯 잘게 썬
1	호두 있으면
1	파니르치즈
1	커피술
1	사과주스 없으면 물한컵설탕
1	설탕 1/2스쿱
1	김치 밥
1	칼국면 두덩이
1	고추가루 수북
1	양파김치
1	씻은 깍두기 데코용
1	고춧가루 베라스푼
1	송이표고버섯
1	돈까스용 고기
1	손질한 볼락 700g
1	쪽파 2tbsp
1	쉬레드에멘탈치즈
1	닭 약 1.5~2마리
1	양파 야채
1	육수용냄비
1	건지기
1	고춧가루 넉넉히
1	황설탕 유기농
1	제노와즈
1	꼬앵트루
1	불고기감 소고기 600g
1	아삭 고추 장아찌
1	청양고추 장아찌
1	콜라비 주먹크기
1	진저브레드쿠키믹스
1	초코펜 다크
1	우유 저지방도ok
1	크래미 작은 사이즈 5개
1	삶은 달걀 생략 가능
1	청양 마요
1	썰어둔 순대
1	모시조개 or바지락
1	달걀 30구
1	대패삼겹 전지
1	달래 양념장
1	다시멸치 모아둔것 1그릇
1	올리고당 적게
1	배 작은크기
1	곱게 썬 흰 대파
1	밥 양념 참기름
1	사과 약 2개
1	참나물 1봉지
1	생강 엄지손톱
1	장조림용소고기
1	청고추 기호에 따라 넣으셔도 되요
1	열무김치국수국물
1	어묵 2장
1	작은 통 마늘
1	당근 1/4~
1	양배추 넉넉하게
1	후춧가루 팍팍
1	삶은고춧잎
1	물 재료가잠길
1	감자가능
1	코인 육수한알
1	다시마 2*3cm
1	비름나물 250~300g
1	소금 or젓갈
1	바지락 400g
1	갈아둔 돼지고기
1	마늘허브 소금
1	유부초밥조미볶음
1	조미 유부
1	고추절임
1	마늘초절임
1	배 작은거
1	스팸 큰 캔 기준
1	새우살 자숙새우 25마리
1	삼겹살 2줄
1	바질페스토 가지에 바를양
1	포기 상추
1	밑국물
1	김치 배추1/4포기
1	땅콩 호박
1	바질 오일
1	바질 식초
1	모구모구 아이스버스트 리치
1	냉동 리치
1	모구모구 아이스버스트 딸기
1	들깨 빻은 것
1	문어낙지
1	소고기 기름적은 부위
1	식초 + 레몬즙
1	안심 or닭가슴살
1	뇨끼
1	뇨끼삶은물
1	치주가루
1	​참치 150g
1	홍차시럽
1	양파 야채 좋아하시는 분 한 개
1	깻잎 채썰기
1	대파 한 어슷썰기 줌
1	청양고추 맵기조절
1	깐 명란
1	소금 or카레
1	원칙을 지키는 프랑크
1	마늘 스테이크소스
1	김치궁물
1	우유 간장
1	돼지껍데기 데친거
1	설탕 설탕
1	양조간장 반컵
1	크림치즈파스타소스
1	간장고추장아찌간장물
1	깨소금 + 아마씨유
1	계핏물
1	계피 3cm
1	탕
1	﻿부침용 두부
1	감자옹심이
1	파스타 건면
1	토마토 파스타 소스
1	각종 다양한 버섯
1	실론티백
1	레몬 싱싱한
1	볶은춘장
1	배추절임
1	돼지고기 앞다리살 찌개용
1	물 계란하고같은양
1	달래쪽파
1	식용유 취향것
1	미니 양파
1	식초 원하는
1	버섯느타리버섯
1	와사비쌈무마트
1	월남쌈 소스
1	도시락 조미김
1	자숙 바지락 300g
1	백일송이 버섯
1	소금 입맛에 맞게 가감
1	소고기 홍두깨살 반근
1	가래떡 떡볶이떡
1	색색 파프리카 다진것
1	배추김치 1/4포
1	브로콜리 1다발
1	젤라틴 판젤라틴으론 5장
1	바닐라익스트랙바닐라향
1	건새우 육수
1	얼음 1대접
1	대왕오징어다리 슬라이스 1국그릇
1	꽈리고추 12개
1	동원 자연산 골뱅이 1캔
1	알배추 200g
1	소 불고기
1	흰접시
1	요리나무젓가락
1	스탠채
1	김기름솔
1	플레이터
1	삶은 옥수수 2개
1	고추청양
1	파프리카홍고추
1	집에 된장
1	새싹인삼
1	올리고당 전 요리당으로 했어요
1	다진마늘 넣으셔도 되고 안넣으셔도 될듯요
1	매실청 없는분은 물엿으로대신
1	물엿 이나 꿀
1	감자 종이컵에 쏙들어가는사이즈로
1	잘 익은 묵은지신 김치
1	멸치다시육수 넉넉하게
1	대파 작은줄기
1	시판용 치킨 훈제 통닭 한팩
1	조미김김가루
1	돼지고기 기름기적은부위
1	오이고추 7개
1	데쳐 물기 꼭 짠 냉이
1	버섯 류
1	논 우렁이살
1	양파 채썰어줌
1	통마늘 편으로 썰어줌
1	연근칩
1	레몬즙 2회
1	단호박잼
1	설탕 or매실
1	양파껍질 1개분
1	죽순해동
1	쿠키반죽생지
1	낙지 대/400g
1	청양고춧가루 매운거 싫어하시면 그냥 고춧가루
1	바다고동 생략가능
1	찬우유 생략가능
1	고메 순살 양념 치킨
1	김치 1/2밥그릇
1	녹힌버터
1	등갈비 약3근
1	파마산 블럭치즈
1	양배추 밥공기1개
1	물 한대접 면기
1	사과 큰것
1	다시다 프리미엄 골드 숙성한우 1스틱
1	다시다 프리미엄 골드 멸치디포리 1스틱
1	청양고추 홍고추
1	오일스프레이
1	꽈리고추 크게
1	닭가슴살훈제
1	파채파채무침
1	피자 핫소스
1	전분 평평하게
1	영양효모
1	통밀 파스타면
1	선드라이드 토마토
1	아채 육수
1	큰 새송이버섯
1	조선 호박
1	막걸리 1병
1	무말랭이 김치
1	수육삶은 육수
1	쇠고기 샤부샤부용
1	다진 마늘 듬뿍
1	얼린두부
1	자투리고기
1	바게트빵 or식빵
1	춘장 300g
1	모듬 오뎅
1	샐러드용야채
1	페퍼론치노 선택
1	치커리야채
1	홍합 2인분
1	멸치 갈아둔거
1	태국고추 매움
1	실란트로고수
1	스리라챠소스
1	칠리시즈닝
1	스텐사가쟁
1	상추 개인적인취향
1	독도산꽃새우
1	밤 생략가능
1	➊커피분말
1	럼 블루베리절임용
1	다진밤
1	소라살
1	부대찌개용콩
1	고추씨 생략가능
1	한라봉껍질
1	한라봉즙
1	달걀 102G
1	조개젓갈 3수저
1	후리가케 생략가능
1	팥앙금 먹고싶은
1	전분 많이
1	닭 1팩
1	다시마중
1	캔토마토 1캔
1	사골 육수 약500mL
1	허브솔트 2~3회
1	연어롤
1	파팔레
1	다른것으로도 대체가능
1	호박 등 다진 채소
1	실온 마스카포네 치즈
1	라면 안***
1	깻잎 10장 1묶음
1	참깨 검은깨도 가능
1	우유 실온
1	해감 된 바지락 크게 3봉
1	묵은지 잘게 썬
1	굵은천일염
1	녹말가루밀가루
1	쌀밥 400그램
1	고추 다진 것
1	유기설탕
1	맥시코 고추
1	밀가루 반죽농도에따라 추가로 더 넣을수있음
1	새송이버섯 양송이버섯
1	청양고추 선택재료
1	올리브오일​
1	두부 약300~500g
1	유기농쌀
1	마늘 30g
1	연두순 10g
1	포도씨유 17g
1	가는 북어채
1	18배멸치육수
1	백합조개 1국그릇
1	불린 차조
1	불린 찰 수수
1	캡사이신가루 없으면 고춧가루 한숟가락으로 대체
1	카레가루 고형카레
1	설탕 ​
1	굵게다진 마늘
1	동태 960g
1	짜장가루 4인분짜리
1	양파 350g
1	배추 450g
1	실파 1묶음
1	사과주스원액
1	불고기용 오리고기
1	제일제면소소면
1	해찬들사과듬뿍비빔장
1	백설스위트리알룰로스설탕액상
1	썰어 놓은 대파
1	다진양파 생략
1	피망 생략
1	다담 된장
1	은박파운드몰드
1	삼각 유부초밥 2인분 키트 시판용
1	파슬리가루 데코용 소량
1	꽈리고추 선택사항
1	천연조미료황태 육수
1	국물 새우
1	무순 있으면
1	라이스스틱
1	낙지볶음밥
1	가루 육수 코인 육수
1	카르보나라소스 1/3병
1	브랑스산 코코아가루
1	로스팅한 호두
1	사과쥬스
1	얼음 6덩어리
1	자주
1	밀가루 200cc잔
1	바닐라설탕 설탕대체가능
1	레몬제스트 2g정도 1개분
1	닭정육 350g
1	갈치 포
1	메기 살
1	오징어 살
1	다시마표고육수
1	뽕잎죽염
1	왕 가래떡 6줄
1	청양고추꽈리고추
1	생강가루 없음 생략
1	냉동대패
1	계량용저울
1	몰드 15구
1	단호박고구마가루
1	대파 흰색 부분
1	중력분 이나 박력분
1	바닐라엣센스 1~2방울
1	천연색소레드
1	바닐라엣센스 2방울
1	손질한더덕
1	슬라이스 한 딸기
1	딸기청 1비율
1	흰우유 3비율
1	달임장 물
1	당근 양배추보다
1	돌나물돗나물
1	감자 60g
1	참기름 1./
1	생강청 1방울
1	버터 1덩어리
1	고춧가루 2큰술
1	묵은지 갓김치
1	다시마 손바닥기준
1	더 비비고 전복가자미 미역국
1	현미수수밥
1	우엉볶음
1	무 무채용
1	스톡 없어도 무방
1	후추 굵게갈아넣기
1	슬라이스 마늘 크게
1	식용유 돈가 스튀김용
1	식용유 지단용
1	육 수용 멸치 작은
1	건새우 작은
1	겨자 기호
1	소금 호박 절임
1	어린잎 샐러드
1	쭈꾸미 큰거
1	고추가루 청양고추가루반반
1	애호박 큰거
1	조미쥐포
1	부침가루 농도에맞춰
1	콩나물 340g
1	멸치 20마리
1	견과류잣
1	잘익은깍두기
1	갓김치 잘 익은 것
1	감자 大
1	간 배즙 200ml
1	크림치즈 상온 226g 8oz
1	펌킨퓨레
1	단호박 삶아으깬것 펌킨퓨레가없으면
1	half and half
1	녹인버터 1/2스틱
1	pie crust
1	김 기호에맞게
1	고구마 큰사이즈
1	오이 길이30cm
1	볶음쇠고기
1	파이슬리가루
1	열무얼갈이 김치
1	카레가루 있으면
1	남은 잡채 1그릇
1	커피플레이버 3~4방울
1	염장된 다시마
1	마요네즈 2~3번
1	파슬리 데코레이션
1	돼지고기 앞다리살 500g
1	청양초액기스 청양고추 대체가능
1	오뎅 모둠 오뎅 10개안팎
1	견과류 가루 계피
1	불려놓은 당면
1	꽃소금 작은술
1	불고기거리고기
1	애오박
1	케쳡 생략가능
1	맛조개
1	채썬 표고버섯
1	당근 선택사항
1	물 닭가슴살이 잠기는
1	다시물 or물
1	혼다시 없으면 소금으로 간
1	닭가슴살 250g
1	The더건강한비엔나소시지
1	비비고김밥김
1	노란계란지단
1	오이 소금1T
1	양파 소금1t
1	고추가루 기호에 맞게 가감
1	갈색 팽이버섯
1	돼지고기 간것 조금 적어도 무방해요
1	청양고추 매운맛을 원한다면 추가해요 .
1	멸치다시
1	쌀견과류
1	우엉 껍질 벗긴 무게 360g
1	찹쌀가루 수북히
1	닭 10kg
1	표고버섯 작은 것 여러개
1	밀가루 수제비 반죽 밀가루
1	멸치 다시마물
1	습식설기
1	스리라차 케첩
1	라이스페이퍼 약
1	무 2/
1	돼지갈비 찜용 1200g
1	생 블루베리 1팩
1	레몬즙 1/
1	요거트 1통
1	매실 액시스
1	꾸밀 초코렛 마음대로
1	달걀 만두양에따라
1	화이트초콜렛
1	김장김치大
1	호박새우볶음 새우
1	도토리묵 320g* 2
1	냉면육수 290g* 2
1	콩 불린물
1	깻잎순 데친거
1	쿠키틀
1	와사비마요네즈
1	팽이버섯 작은봉지
1	보리새우 말릿것
1	다시마 6cm
1	물 시래기 잠길
1	표고버섯 우린물
1	양배추 먹고 싶은
1	액젓참치액
1	표고버섯멸치다싯물
1	분말스프
1	냉동돈까스
1	사우전아일랜드드레싱
1	크루통용 식빵
1	삶은쫄면사리
1	진미채 4주먹 1냉면기
1	어묵 두종류
1	모찌꼬 찹쌀가루
1	설탕 1/2~
1	우유 1-
1	요거트파우더 생략가능
1	마시멜로우 생략가능
1	빼빼로 생략가능
1	오징어 실채
1	해감된바지락
1	깐 생강
1	맛간장일반간장
1	수육용 고기
1	해선장 소스
1	감치국물
1	백련초딸기가루
1	​목살 3장
1	휘핑크림&생크림
1	장식용허브
1	쌀 1비율
1	현미 1비율
1	무 뿌리부분
1	한약재료 다시육수 팩
1	열무 600g
1	얼갈이배추 600g
1	쇠고기척아이롤
1	양송이버섯大
1	빵 원하는
1	문어숙회
1	삶은파프리카 노랑
1	유기농 아기치즈
1	쇠비름
1	물 1l
1	생채나 신김치
1	다진잔파
1	삼배면보
1	꽃소금굵은소금
1	새우中
1	사천고추건고추
1	블루베리 요거트
1	서브리모 생략가능
1	유자껍질
1	유자속
1	다시마 15cm *10cm
1	돼지고기 등심 돈까스용
1	우리밀 운동본부 통밀가루
1	꿀 올리고당 대체가능
1	김치 작은것 묵은지
1	가래떡 12센티
1	보리순 가루
1	치자 가루
1	삶은 시래기 200g
1	하림 슬림 닭가슴살 삶은 닭가슴살 1쪽
1	뮤슬리 씨리얼
1	칡냉면
1	진미가루
1	시금치 1/
1	깐녹두 불리기전
1	맵쌀흰쌀
1	고사리 삶은것
1	숙주 삶은것
1	김치 1/2~
1	황두장
1	단호박 이나 밤호박
1	치즈 아무거나
1	잔멸치 크게
1	저염액젓 or양조간장
1	자숙문어다리 200g
1	들깨 1밥그릇
1	밀가루 1.5국그릇
1	참치 통조림 100g
1	김치 고기동량
1	표고버섯 중
1	물 1.8~2l
1	파르미지아노 레지아노 치즈
1	통삼겹 돼지고기
1	라이트 불닭볶음면
1	약재팩
1	닭백숙국물
1	홍가리비 700g
1	식초 2배사과식초
1	마른 홍고추 잘게 자른
1	이수시개 or포크
1	영양부추 or파
1	양념장 간장
1	콩물 320g
1	돌 김 자
1	썬파 34술
1	감자 손질 후 188g
1	비비고소고기장조림
1	백설참진한참기름
1	산들애처음부터육수가쓰오
1	토마토 작은 것
1	원형그라탕기
1	샌드위치용 슬라이스햄
1	Pho spice
1	Beef Bouillon비프스톡
1	숙주나물 없으면 콩나물
1	작은 닭
1	천일염 넉넉하게
1	대파 없어서 못 넣음
1	고추가루 가득
1	잔멸치 or지리멸치
1	배추 9잎
1	물 밀가루 풀
1	한알육수
1	오징어채 진미채
1	무장아찌
1	한라봉잼
1	일회용용기
1	샤브샤브용 한우
1	전복 70g
1	​박력분
1	카라멜 색소
1	맛타리버섯 원하는
1	진간장 8T넣고 나중에 1T 더 넣음
1	참기름 1T넣고 나중에 1T 더 넣음
1	알감자 600g
1	감자등등
1	럼주 2~3방울
1	떡볶이떡가래떡
1	절단 낙지
1	굵은소금 낙지 세척용
1	아몬드 1/2밥그릇
1	호두 1/2밥그릇
1	땅콩 1/2밥그릇
1	김치 잘익은
1	초록 청양고추
1	토마토퓨레 토마토케첩으로 데채가능
1	우리 밀
1	계란 작은것 40g
1	콜라 or사이다
1	고기삶은물
1	메로 뽈살
1	햄 작은사이즈
1	쇠고기 등심 두께 약2.5cm 250g
1	블랙 타이거
1	시즈닝가루
1	소스 기호에 따라
1	부지갱이나물
1	설탕 덜 단게 좋다면 설탕 생략
1	감자 약 600g
1	전분 생략 가능
1	슈크림
1	마늘쫑 작은 1묶음
1	잔파뿌리
1	액상무가당생크림
1	설탕 3머그컵
1	2배식초 1머그컵
1	세팅접시
1	배추 우거지
1	된장 2큰술
1	붉은생강
1	따뜻한 밥 작은
1	A맛술
1	쥐눈이 콩나물
1	사골곰국
1	제육용 앞다리살
1	양파 잘게 다진것
1	설탕 2스푼 깍은것
1	미림 정종
1	소주 대체가능
1	굴소스 소다시가
1	간마늘 20g
1	문어 작은 것
1	수제 요거트
1	피망미니
1	오뚜기 프레스코 올리브유
1	밭고추냉이
1	샤프론
1	현미밥유부
1	후레이크소스
1	멸치다시마육수 1300ml
1	색깔별 파프리카
1	버터 15g
1	안심 약 800g 4덩어리
1	연겨자 취향껏 조절
1	작디작은 참외
1	요구르트 단맛이 없는
1	굵직하니 다진 견과
1	빨강 노랑 파프리카 빨강
1	노랑 색상 별로 준비
1	삼겹살 구이용
1	간장 재료 잠길
1	고등어 1손
1	참치 진액
1	케일 1접시
1	사과 슬라이스
1	구운 잣
1	모닝빵 or식빵
1	건박나물
1	건아주까리잎
1	표고버섯 버섯종류상관없음
1	냉동절단꽃게 1팩
1	구운계란 삶은
1	맛김가루
1	중사이즈 멸치
1	남은불고기 크게
1	스파게티면 크게
1	잘게 다진 양파
1	생크림A
1	생크림B
1	둥근호박조선호박
1	꿀 설탕
1	​맛술
1	​훈제오리
1	스팸 1cm굵기
1	부추 고명용
1	마른홍고추 작은것
1	베이킹 파우다
1	오렌지껍질 귤껍질 설탕에조린거
1	생강 편강
1	조리용스패츌라
1	통 오이지
1	닭 토종닭 중닭
1	언두부
1	생 우동사리
1	가쓰오부시간장
1	떡국 떡 1밥그릇
1	무 2cm높이
1	고추잎 삶은것 크게
1	베이컨제일제당
1	슬라이스치즈 남양유업
1	떡볶이떡홈플러스
1	뉴슈가 당원
1	감자 중크기
1	소고기등심 윗등심 200g
1	버터 약5~10g
1	은갈치 중간크기
1	소뼈
1	두부 단단한것
1	짭짤이 토마토
1	국간장 참치액이 없으면 국간장 한큰술
1	요리에센스
1	닭날개 1팩200g
1	건지개채망
1	씻은 배추 김치 1/4등분
1	물 or배즙 등
1	따듯한 우유
1	생강 슬라이스 3~4쪽
1	소등심 불고기감
1	비정제 설탕황설탕
1	앉은뱅이밀박력분
1	금강밀강력분
1	세미스윗 초코칩
1	당근 없어도됨
1	사각 곤약 250g
1	냉동꽃게 680g 1.5파운드
1	번데기통조림
1	번데기통조림 국물
1	무가당 휘핑크림
1	넛메그
1	후추 작은
1	사과즙 시판 사과쥬스
1	다듬은 유채
1	닭고기 살
1	매운청고추
1	마늘 다진마늘 1스푼
1	창기름
1	동태 큰것
1	큰 잎으로 양상추
1	카레분말 or큐브형
1	고춧가루 200ml컵기준
1	갈비양념 1병
1	양파 작은사이즈는1개
1	어묵작은거
1	볶음춘장
1	톳 데친거
1	식초 깋호에 맞게 가감
1	건고추 씨까지 사용해요
1	마늘 편마늘 사용하면 더 좋아요 3~4개
1	소금 취향껏조절
1	액젓 싱거울 경우
1	우동 라면
1	김치볶음밥 오므라이스
1	3호 타르트팬
1	미니 타르트팬
1	오징어 2마리 작은거
1	조림양념장맛간장
1	생강가루 톡톡 5번
1	명이나물 줄기
1	코다리 작은거 2마리
1	삼은 계란
1	Coconut 코코넛오일 + 1/2큰술
1	초록마을 붉은대게살 100g
1	계란 스크램블
1	생강 엄지손가락크기
1	매운고추대
1	납작한 무 손바닥크기
1	매실청 2테이블스푼
1	전분 완자코팅용
1	라멘사리
1	라임 1/4슬라이스
1	달걀 올리브유1T
1	명태전
1	명엽채 1봉
1	토핑용 크런치
1	홍피망파프리카
1	데코용 초코펜
1	짜장분말가루
1	바닐라 익스트렉 3방울
1	준코오일
1	특대 감자
1	백후추or후추
1	각종야채들 당근
1	식혜떡볶이
1	간장떡볶이
1	잡채떡볶이
1	백종원국물떡볶이
1	물만두떡볶이
1	떡꼬치
1	떡강정
1	진간장 당면끓을때넣는
1	식용유 당면끓을때넣는
1	여린 잎채소
1	노란 파프리카 작은크기
1	시판용 초밥용 유부
1	소바 쯔유
1	황금송이버섯
1	시판 바베큐소스
1	인스턴트 미트볼
1	볶음소고기
1	다짐소고기
1	중국 당면 먹을
1	연어 150g
1	꼬들단무지 100g
1	유부초밥 키트
1	냉이 2사발
1	가지 큰 거 길이30cm
1	간장 큰국자
1	꽈리고추 1국그릇
1	다진쪽파 or대파
1	볶음 탕 용 닭
1	동태 5토막
1	소고기다시다 취향껏
1	MSG 기호에맞게
1	다시마 20x 20
1	파인소프트C
1	블랙푸드미숫가루
1	무 2마디
1	고수 원하는
1	공기밥 1.5그릇
1	중하새우
1	멸치육수 2국그릇
1	한돈안심
1	쿠키 아이스크림
1	성게알
1	삼계탕용약재
1	고구마줄기 삶은후
1	생생정보통만능양념장
1	청양고추 매운거좋아하면
1	파 흰대 부분
1	굶은소금
1	무 막대기모양썬것 1대접
1	반건조코다리
1	한우소고기 양지
1	채 썰어진 우무묵
1	﻿﻿플레인 요거트
1	바닐라향 분말
1	삼치 7토막
1	마늘쫑간장
1	어묵 8장
1	양파 큰양파는 반개 작은양파는1개
1	수박 흰속껍질 수박 큰 것 1/3통쯤 되요
1	쪽파 다진 것
1	다시마 소
1	당근 굵게
1	감자 굵게 OR무
1	물 갈비양의 3배
1	돼지고기 불고기용 600g
1	통 배추
1	락터라이스
1	뜨거운 물 많이
1	설탕 취향따라 가감
1	볶은참깨 옵션
1	다시티백
1	시판 재래된장
1	김치 살짝묵은맛있는김치
1	까나리상관없어요
1	액젓 아무액젓이나 상관없음
1	소고기 불고기양념
1	사양 꿀
1	거피들깨
1	피꼬막 캔골뱅이도 가능
1	물 계란물의 1/2양
1	볶은 참깨 소량
1	순무 200g
1	고등어 통조림 400g
1	국수 오백원동전크기가 1인분
1	다시마 5×5cm
1	청양고추 or태국고추
1	간장 육수 + 조림물
1	쫄면양념장
1	레몬청 다진레몬
1	건조 바질가루 생략가능
1	둥근호박 중간크기
1	가쓰오부시 고명용
1	다시용가쯔오부시
1	다시마 천연조미료
1	단백질 파우더
1	잘익은배추김치 썰어서
1	파프리카분말 고추가루로대체가능
1	고메치즈함박스테이크
1	슬라이스파인애플
1	The더건강한베이컨
1	데미그라스소스
1	삶아서 물기를 짠 우거지
1	염장 모둠 해초
1	노각 작은것 1.2kg
1	바베큐소스 280g 1병
1	칼집 삼겹살
1	간장 1종이컵
1	생수 1종이컵
1	건두부 한 팩
1	밥 320g
1	캔참치 85g
1	고등어 중간크기
1	양파 작은거 120g
1	고춧가루 21g
1	재래된장 10g
1	참기름 3g
1	막 짓은 밥
1	엿기름 식혜 티백
1	취나물 데친 것
1	붉은청양고추
1	삶은 감자 중사이즈
1	참치 작은 거 1캡
1	후리카케 선택사항
1	버터치킨커리
1	냉동난
1	조청꿀
1	소갈비탕용
1	깨끗이 씻은 쌀
1	다진 붉은고추
1	맛된장
1	파이생지
1	호두 피칸
1	오미자
1	두부 큰것 200g
1	참소라
1	생강청주
1	올리브오일 70ml
1	대합 200g
1	다시마 5* 2
1	​간 마늘
1	체다치즈 넉넉하게
1	모짜렐라치즈 넉넉하게
1	버팔로윙
1	무 +100g
1	돼지고기안심살
1	물 + 돼지고기 삶은물
1	크래미 작은봉지
1	익은 총각무 김치
1	새우 머리
1	고추 선택
1	고춧가루 1테이블스푼
1	고추장 1테이블스푼
1	아보카도오일 2테이블스푼
1	매실액 3테이블스푼
1	다진마늘 1테이블스푼
1	염장톳 or미역
1	매실원
1	봄동 중간크기
1	설탕 제 입맛
1	자른 소고기
1	장어 큰거
1	블랙마카
1	탄탄면소스
1	원두가루
1	찐 감자 중간크기
1	소금 오이씻을때
1	중간크기멸치 1대접
1	시나몬 생략가능
1	돼지고기목살 스테이크용 300g
1	당면 5백원동전두께
1	묵은지 김장김치 배추 2/3
1	말린파뿌리
1	집된장 가감
1	커피가루 잡내제거용
1	새우 선택
1	시판용소스
1	동결건조 딸기
1	동결건조 망고
1	전동그라인더
1	당면 120g
1	소고기 돼지고기
1	목이버섯 30g
1	견과류멸치볶음
1	마늘종 가득
1	마나리
1	인스턴 드라이이스트
1	케첩 개인취향
1	무말랭이 피클
1	대파 손바닥크기로
1	미림 소주
1	멸치밑국물
1	콩나물 쌀양의 2배
1	닭 9호닭
1	약 900g
1	홍건고추
1	채 썬 늙은호박
1	청양고추 패스 가능
1	우스타소스 1/
1	다시마 문
1	삶은무우청시래기 말리지않은것
1	물 고구마순이 잠길
1	고구마줄기 삶은 것
1	육수 다시마우린물
1	표고버섯우린물
1	갑오징어 작은 사이즈
1	삼치중
1	깊이넉넉한냄비
1	당조고추 아무고추나
1	부침가루 200ml
1	물 250ml 1+
1	작은 양배추
1	데친 순대
1	소금 양념통 작은 구멍 기준 2~3회 숟가락으로는1/3 숟갈
1	돼지고기 뒷다리살 1/3만큼 사용했어요
1	스팸 중간
1	로제 스파게티 소스 1/2병
1	핫도그
1	삼계탕키드
1	돼지고기 불고깃감다릿살
1	국물용멸지
1	표고버섯 우린육수
1	김치 김치잎
1	육수가있다면육수
1	미니버섯
1	무우자른것
1	애호박 생략가능
1	생강 편썰기한
1	까르보나라 불닭볶음면
1	뜰채
1	튀김젓가락
1	후추갈이
1	함박스테이크 반죽 집밥백선생 함박스테이크 참조하여 동그랑땡모양으로 반죽
1	우유 미트볼이 절반 잠길
1	치킨스톡 고체형
1	우엉대 25cm가량
1	멸치다시마육수 더 필요할 수 있음
1	튀김 우동
1	식초 1/2소주잔
1	고춧가루 20g
1	닭 육수 100ml
1	무 썰은것
1	잘 익은 김치 4잎
1	삼겹살 썰은것
1	해물 or돼지고기
1	익은배추
1	식초물
1	열무김치 먹을
1	노각 중간크기
1	비앤나소시지
1	양파장아찌
1	일회용 비닐
1	잔멸치 300ml
1	배추 신김치
1	팬케이크가루
1	돼지고기 찌개거리
1	파 2단
1	깨갈이
1	청양고추베트남고추
1	액젓피쉬소스
1	다시마국물 or물
1	달래 or쪽파
1	어린 대구
1	삶은 꼬막 살
1	알배추 속잎
1	살구잼 광택
1	달걀삶은것
1	김치 채썰어 1종지
1	수박 간 것 수박
1	마늘 칩
1	계란흰자 70g
1	파랑
1	밥스레드 통밀
1	위에 뿌릴 굵은 비정제설탕
1	소면 세면
1	묵은지신김치 1대접
1	시판용 불고기양념
1	일배기 배추
1	새우 냉동새우 가능
1	메밀국수 엄지검지로 한줌
1	계피가루 선택
1	양파 조
1	짜장 라면
1	꼬치용대나무
1	쌀엿 올리고당
1	시판 쌈무
1	경기미가와지쌀
1	제육용 돼지고기
1	생선파는언니 임연수어
1	무 손가락 2마디
1	가츠오다시
1	진간장 4술
1	매실청 2술
1	후추 1~2번
1	청양고추 고춧가루
1	소고기찌개용
1	건표고섯
1	무1토막
1	단맛을 원하면 올리고당 추가
1	미역 줄거리 2뭉치
1	파스타면펜
1	다진육
1	얼가리 배추 속대
1	소고기 있으면
1	조리간장
1	치킨스톡 액상
1	중화면 1타래
1	냉동 새우튀김
1	푸팟퐁커리 1병
1	유부조림 직사각 냉동유부 정사각 16장
1	다진버섯
1	물 4T
1	밥 + 배합초 밥
1	유부조림 국물
1	손질된 데친 두릅
1	드라이한와인
1	레몬즙레몬
1	올리브오일페페론치노
1	단맛있는와인 화이트&레드
1	녹차가루 1+
1	내열뚝배기
1	고추지 2국그릇
1	건 미역 손바닥크기
1	다싯포
1	양파 총
1	토핑용 파슬리
1	어묵 먹을
1	라면스프 1/2~
1	남은 김치양념
1	꽈리고추 생략가능
1	순대 내장
1	파 좋아하는
1	파르메산
1	쌀국수파우더
1	숙주나물 원하는
1	밥 1~1.5그릇
1	파 1/3~
1	토리가라스프노모토
1	크래미나 맛살
1	김가루 1주먹
1	마른새우북어
1	앙금녹말
1	불린서리태콩
1	물 물컵
1	긴간장
1	고수 샐러리잎
1	다시마 육수 다시마 우린물
1	황태 썰어서
1	손질한 풋마늘
1	편 썬 생강
1	간멸치
1	표고버섯뿌리
1	진간장 선택
1	모과
1	둥근 마
1	한방 재료
1	​매운 고춧가루
1	피망빨간색
1	폭익은 양배추김치
1	계란 2개
1	가루녹차
1	구운김 조미안된 생김
1	절임채소
1	매실청 1/2술
1	꼬치 닭 염통
1	산나물건 고추잎
1	육수용팩
1	현미와 잡곡믹스 200cc
1	얇은 떡볶이떡
1	먹갈치대
1	삶은계란완숙
1	통 식빵
1	적양파 큰것
1	청양고추 취향껏 선택
1	떢볶이떡 선택
1	스타우브냄비
1	오징어 특대
1	방앗잎
1	튀김가루 1/2비율
1	부침가루 1/2비율
1	다시마 10X10cm
1	청고추 잘게 썬
1	묵은열무김치
1	들깨가루 기호에 맞게 가감
1	다진마늘 배불러
1	생강 채
1	고구마 中사이즈
1	고운소금 완두콩알만큼 소량
1	흰후추가루 생략가능 소량
1	200도 10분
1	뒤집어서 200도 10분
1	집게다리
1	등껍질
1	흙애서서리태
1	씨뺀 슬라이스 마른 홍고추
1	당면 30g
1	참나물 데친 것
1	까망베르슬라이스치즈
1	클래식스팸
1	기름 고춧가루
1	큐브 치킨스톡
1	매생이 1팩
1	밥 or삶은면
1	춘장 볶음춘장재료
1	식용유 볶음춘장재료
1	소금 ​
1	양파간장
1	마늘쫑간장장아찌
1	장아찌국물
1	밥 1줄당 주먹만한크기의 밥
1	김밥용김 원하는
1	우엉 1줄에
1	단무지 1줄에
1	산적용고기
1	냉동 순대
1	파인애플통조림 국물
1	찰 옥수수 알
1	팥삶는 물
1	닭다리살 뼈와 분리된
1	간장 2/3소주잔
1	신김치배추
1	대파 한뼘크기
1	소면 엄지한마디둘레
1	가쓰오브시 국시장국
1	스파게티면 3인분기준
1	오뚜기 3분 미트볼
1	오뚜기 스파게티소스 토마토
1	프레스코 스파게티 면 오뚜기
1	동초
1	검은깨가루
1	말차녹차가루
1	빠오즈
1	일반참치
1	아기용간장
1	일반 간장
1	데친깻잎순
1	대파 굵은것
1	백명란 2줄
1	숙주 130g
1	깻잎 먹고싶은
1	생강술 생강한쪽도 됨
1	송어흰살생선
1	닭한마리 9호
1	마늘쫑 17개정도 1묶음
1	말린새우 중크기 1밥그릇
1	파슬리뿌리
1	비타민 채소
1	양조간장 필요시
1	고춧가루 필요시
1	참기름 + 깨소금
1	계란프라이 선택
1	대파 많을수록좋음
1	광어회 6점
1	문어숙회 10점
1	사골 라면
1	사골 스프
1	집간장 국간장
1	장조림국물
1	브로콜리 큰한송이 다듬어서
1	파 썬것
1	된장 2tbsp
1	싸먹는 오리슬라이스 80g
1	김치 쫑쫑 썰은것
1	홍두께살
1	꽈리고추 두줌
1	붕어 아이스크림
1	김 생략가능
1	마요네즈나머스타드소스
1	먹다남은소세지김칫국
1	돼지고기 기름기 없는 살코기로 갈아서 준비한
1	손질한 꽃게 중간 이상 사이즈 400g
1	백물엿
1	씀바귀
1	소금 꼬집
1	무우 크기에따라다름
1	깨소금 양껏
1	청양고추 간것 선택사항
1	우럭 중간크기
1	대파 1가닥
1	달걀 두툼한 계란말이
1	오이 길게 채 썬 것
1	참치캔 기름기 빼기
1	마요네즈 땡초와 섞기
1	양배추 3-4잎
1	손질새우 10미
1	풋고추 20개
1	케첩 or머스터드
1	닭고기 절단육
1	삼백초
1	모시조개 마트용 작은
1	바지락 마트용 작은
1	스파게티 소스 1병
1	팝콘용 옥수수 전자레인지용
1	팬용
1	카레가루 1봉
1	카레여왕
1	멸치 육수 1400ml
1	우엉 손질후
1	당근 손가락 크기
1	고추가루 재료까지 총3숟가락
1	매운고추장 듬뿍
1	천연가루 멸치가루+새우가루
1	표고 100g
1	감자 개당 약 80g
1	다시육수 넉넉하게
1	물600cc
1	썰은 대파초록 부분
1	잘익은 깍두기
1	부순김
1	슈가파우더설탕
1	홍삼분
1	크런치
1	감자 3알
1	계란소
1	깐 쪽파
1	물 달걀이 잠길
1	카레분말 약간 매운맛
1	비름나물 데친 것
1	쌀귀리가루
1	닭 손질된거
1	백설 스파게티
1	해찬들재래식 된장
1	닭가슴살 1~2덩어리
1	편썬마늘 올리브유 재운 것
1	침기름
1	배쥬스
1	꼬막 680g
1	달래 100원 동전크기
1	대파 굵은거
1	사골육수or물 숟가락기준
1	중간크기 꼬지
1	시판용유부
1	봄동 배추
1	다진 쪽파나 부추
1	소고기 늑간살
1	멸치 국물내기용
1	호떡믹스 가루
1	김치 2/3대접
1	길쭉이 햄
1	통조림 햄 작은사이즈
1	돈다짐육
1	옛날소시지 15-20cm 사용
1	갈치 중간거 2마리
1	30g
1	다시마 2~3g
1	고춧가루 5스푼
1	진간장 3스푼
1	멸치액젓 3스푼
1	미림 3스푼
1	재래된장 1스푼
1	간마늘 2스푼
1	시래기 껍질 벗긴
1	굵은소금 김치담을 때 많이
1	황태포 손질황태 40그램
1	들기름 + 참기름
1	치킨스톡 물
1	갈아 놓은 마늘
1	김치 김치
1	불가리스
1	참기름 마지막에 코팅하듯이 두를
1	양파 닭봉 데칠때
1	오디즙
1	브리치즈 125g
1	꿀 치즈를 감쌀
1	베이컨 4슬라이스
1	국간장 2소주잔
1	생강 마늘과 같은 크기
1	멸치다시마 국물
1	물 600CC
1	감자 동전만한것
1	미나리 100g
1	무 황태채와 동일량
1	시판용 설렁탕 육수
1	실 오징어채
1	판젤라틴 약8g
1	김치무청김치
1	사누끼 우동
1	사과효소
1	건 시래기 100g
1	칼국수면 시판용
1	​돼지고기 삼겹살.목살
1	쌀뜬물 4그릇
1	생면 3인분
1	서덜
1	연어소스
1	호박잎 찐 것
1	강된장
1	튀김가루 200ml
1	갓 생략가능
1	피조개피꼬막
1	절편
1	곰피 미역 1묶음
1	샐러리 잎 크게
1	한우 사골
1	차가운 얼음물
1	스프레더블치즈 없으면다른소스가능
1	​ 두부
1	백종원 만능간장 100cc
1	식초 기호에 따라
1	햄리챔
1	참치캔 작은 거
1	블루베리파우더 5적앙금
1	소금 1.
1	스텐밥그릇
1	칡즙
1	액상커피
1	블루베리 생과
1	설탕 흰 설탕
1	청양고추 1바구니
1	양송이버섯 1박스
1	프로틴 파우더 3스쿱
1	저지방 우유 반죽 질감 보면서
1	손질된 다시멸치 크게
1	우유 계란의
1	꿀 원하는
1	밥 먹고 싶은
1	오디
1	볶은잔멸치
1	용가리 치킨
1	버섯 모둠
1	표고육수
1	참외 작은 사이즈
1	핑크 페퍼
1	참외 과즙
1	알룰로스 올리고당&꿀
1	쏨땀채칼
1	어묵 볼
1	과일즙 양파 1개 사과 1/2개 배 1/2개
1	팽이버섯 송송 썬
1	닭 1Kg
1	꽈리고추 250g
1	모양어묵
1	동태 大
1	나박썬무
1	참치200g
1	냉동 절단 낙지
1	껍질 콩
1	불린미역 1국그릇
1	상추 간장
1	쇠고기 산적용
1	양배추채친것
1	피클랠리쉬
1	적채 양파
1	고추청
1	무침 소금
1	꽃게 중4마리
1	황태육수 황태+다시마
1	삼계닭 9호
1	채 썬 파 흰부분
1	감자 대자
1	양파 대자
1	발사믹 소스 1술
1	물 1술
1	다진마늘 1/2술
1	라임 즙
1	돼지고기 원하는
1	밀가루 크게
1	시래기 1묶음
1	밥 약 300g
1	참치 약 150g
1	김 조미김 20장 정도 분량
1	소금 조미김 사용 시 생략
1	메로몸살
1	페퍼론치노홀
1	후춧가루 1/3~
1	이즈니 포션 버터
1	이탈리안허브
1	굵은 감자
1	햄 작은 사이즈
1	다진대파 줄기부분
1	마늘 작은거
1	계란노른자 기호에맞게
1	새송이버섯 기호에맞게
1	올리브오일 4바퀴
1	무 큰사이즈
1	스프라이트 사이다
1	스팸 1개
1	참치캔 작은
1	돼지고기 200g
1	식용색소 갈색
1	초록
1	흰살 생선
1	라거 맥주
1	김치 시면 더 좋아요
1	우거지 삶은거
1	반건조 명태
1	시판용 칼국수면
1	중력 밀가루
1	플레인탄산수 1병
1	미니병
1	소금 데침용
1	닭고기 1팩
1	고구마큰사이즈
1	돼지고기 다진
1	산초
1	베이크 치즈 타르트팬
1	노른자 19g
1	바닐라 엑스트랙
1	육회용 소고기 설깃살
1	새싹채소 다양하게 원하는
1	다진 풋 고추
1	돼지고기 등심덧살 목살도 가능
1	박대 26cm
1	토막무
1	마늘 편 썰기한
1	요리당 이나 꿀
1	각종버섯 선택
1	야채다짐 각종야채총출동시키세요^^
1	볶은소고기
1	블루크랩 암컷
1	건보리새우
1	불린 미역 크게
1	천연조미료가루 다시마
1	중간멸치
1	생선회
1	돼지고기 모든부위 가능 전지
1	토막난 닭
1	쌍화탕
1	셜탕
1	닭봉과 닭윙
1	다진 생강 이나 생강가루
1	얼렸다가 해동한 두부
1	양파 1개 중
1	간돼지고기 어른주먹부피
1	고추가루 1테이블스푼
1	두반장 2테이블스푼
1	육수 480ml
1	물 2테이블스푼
1	감자가루 1테이블스푼
1	달래 간장 or양념간장
1	줄기콩
1	돼지고기 뼈
1	물 뼈 잠길
1	적채등 원하는재료
1	다진마늘 or마늘가루
1	대림선크라비아
1	해표우리밀밀가루
1	액젓국간장
1	양파 중 크기
1	애호박 슬라이스
1	대파 다진대파 포함
1	절임사용천일염
1	무절임소금
1	흰쌀밥찰쌀밥 1국그릇
1	그라나파다노 치즈가루
1	가루 생강
1	고추 냉장고야채가능
1	스팀탱크 물
1	암꽃게
1	양조간장 한병
1	표고버섯 6개
1	실리콘 요리스푼
1	볶음 쌀국수 면
1	토핑용 땅콩
1	생중 새우
1	중화 국수면
1	알배추 조그만 부분으로
1	시판 ​냉동만두
1	미더덕 오만둥이
1	냉동떡갈비
1	파스타 삼색 파르팔레
1	간장 간장양은 취향껏조절
1	대파 6cm
1	설탕 단걸 좋아하시면 반숟가락더 넣어도
1	토막동태
1	소고기 홍두께
1	오뚜기3일숙성 카레 순한맛
1	오뚜기광양 소불고기 양념
1	새우맛 튀김 부스러기
1	깍두기 김칫 국물
1	지래시된장
1	소 불고깃거리
1	양파 小 80g
1	채 썬 초 생강
1	완자굴림용 녹말가루
1	뉴스가
1	송송썬 실파
1	애플국물
1	다진생강 소량
1	설탕 반수저
1	돼지고기 수육 먹을
1	중면 먹을
1	하성 소금근위 350g 국내산
1	물 1.5비율
1	식초 5방울
1	진간장 4테이블스푼
1	참치액 1/3테이블스푼
1	고춧가루 1.5테이블스푼
1	찹쌀풀 없으면생략해도무방해요
1	소금 간보고
1	미앤미소시지
1	냉동 만두피
1	회
1	양상추양배추
1	바나나 생략가능
1	1차식초물
1	맛술 소고기삶을때
1	부추 양파 작은거
1	자숙 참소라
1	고구마튀긴기름
1	깍두기 1작은국자
1	대파 흰대 10-15cm
1	문어 마른것
1	게집게발
1	매생이 1/2타래
1	물 1번
1	물 2번
1	추가용 물
1	생크림 동물성 생크림을 사용하면 더욱 맛있어요 .
1	망고 토핑용 생략가능
1	디저트컵
1	견과류 마음껏
1	케이크 꾸밀재료 넣고싶은
1	밀가루빵가루
1	삶은 완숙 토마토
1	아라비따소스고추장
1	사골육수면수
1	토핑용빵가루
1	미역 불린미역
1	과일 전처리
1	럼 1비율
1	시럽 설탕물1:1시럽 2비율
1	크렌베리 시럽에 잠길
1	드라이 카레
1	녹차가루등
1	토마토소스 오빠숟가락
1	다진 양송이버섯
1	시판생우동
1	머스타트
1	금붕어
1	페퍼솔트
1	마시멜로우 BBQ용 큰것
1	과일 동결건조
1	당근 양파 보다 조금 적게
1	고등어 수미네반찬에서는 2마리
1	양파즙 얼은것
1	미니 크로와상
1	해표 순창궁 고추장
1	해표 순창궁 된장
1	초코 제누아즈 슬라이스
1	생크림 a
1	생크림 b
1	초코제누아즈가루
1	b.s
1	칼라플라워
1	분말 육수
1	치킨봉&날개
1	데리야기소스
1	왕만두김치만두
1	사골 350g
1	두부물두부
1	노각 다듬은 것
1	국내산 육우 안심
1	샐러리 큰것 줄기
1	돼지고기안심 탕수육용
1	양파 없어도 됨
1	피자치즈 모짜렐라
1	당근 없어도 됨
1	​삶은 문어 다리 4개
1	쌍화차
1	흑당
1	2부 부침용
1	다진파 흰대
1	소세지 1대접
1	베이컨 원하는
1	냉이 200g
1	마른멸치 25마리
1	오징어 2미
1	무 3~4cm두께
1	​시레기 나 열무
1	절구공이
1	후춧가루 3톡
1	소고기 사태살코기 부위
1	어묵 길쭉한거
1	어묵 납짝한거
1	골뱅이 230g 캔
1	물 계란의 4배
1	벌나무
1	사워크림 없으면 하루커피 필터에 물기 뺀 무
1	감자 or고구마
1	두부 520g
1	시판 곰탕국물
1	물 300cc
1	칼국수 선택
1	고구마순 1줌
1	묵은지 한대접
1	냉동감자튀김
1	치즈 소스
1	버섯 이나 피망
1	잡채 듬뿍
1	소세지 선택재료
1	고운 고춧가루 추가 시 + 1/2
1	마트 고추장 소스
1	건고추홍청양고추
1	쌀뜨물 2.5머그컵
1	선지
1	콩나물 180g
1	무 2손가락마디
1	쑥주나물
1	호떡믹스 269g
1	피자치즈 120g
1	작은 갈치
1	카레 선택
1	시판용 닭발
1	월계잎
1	흑마늘
1	가스오국시장국
1	레몬즙 ​
1	피클용 오이 다다기오이 10개
1	정식품 진한 콩국물
1	무우 or감자
1	간간장
1	김치 6잎
1	판매 청국장
1	빨강초록청양고추
1	잘 익은 포기김치
1	베이컨 200g
1	토마토소스 or케쳡
1	두꺼운스테이크용소고기
1	소추가루
1	마늘 고춧가루
1	소고기목심 불고기용
1	도자기접시
1	매운 건고추 or페페로치노
1	면 삶은 육수
1	레몬제스트 레몬 2개분
1	노란식용색소 옵션
1	참치 1캔
1	그 외 재료
1	감장
1	바나나 680g
1	불린 흑미 1시간
1	다시마불린육수
1	기름 데리야키 소스
1	참치액 멸치
1	단호박 중간크기
1	간장 기호에 따라 가감
1	사골곰탕 1포
1	시판 돈까스 소스
1	찐감자 기호에맞게
1	반건조오징어 2개
1	노바시 새우
1	고구마 중간거
1	김치小
1	중멸치 다듬은 것
1	소스유부초밥
1	알레스타연어통조림
1	다진버섯 생략가능
1	굵은 진미채
1	청양고추 고명
1	바지락 냉동
1	멸치 다시마 육수 500ml
1	덧가루용 강력분
1	남은 호떡잼믹스
1	통마늘 크게
1	손질두절 가자미
1	자른 두부
1	오리슬라이스 80g
1	양파 생략 가능
1	다시다 기호에 따라
1	수미네는 중간크기 멸치
1	외장아찌
1	장아찌 고추
1	참기름 청주
1	된장 or토장
1	적겨자
1	청경채大
1	생 칵테일 새우大
1	습식 찹쌀
1	망고크런치
1	각종 크런치
1	돼지갈비 2.4kg
1	배 배즙 1봉
1	건 자른미역
1	홀그레인머스타드 생략가능
1	애플사이더비니거 식초 대체가능
1	큐브 마늘 다진마늘 대체가능
1	돼지고기 살코기간것
1	커피액기스 샌드할 초코렛
1	장식재료
1	반건조 서대
1	당근 150g
1	생강술 이나 미림
1	사탕수수설탕
1	인스턴트드라이 이스트
1	유정란 60g
1	가래떡 떡볶이 떡
1	수제 단무지
1	키위청
1	비닐
1	두부 1 봉지
1	캔터키 후랑크소세지
1	사골액기스추출액 큐브한개
1	배추김치국물
1	양송이버섯 소
1	초코도넛믹스
1	스파게티면 오뚜기제품
1	슬라이스치즈 남양유업제품
1	양송이버섯 이마트제품
1	슬라이스햄 프레시안제품
1	파마산치즈가루 그레이티드제품
1	후추 청정원제품
1	고사리 삶은거
1	가을무 1/3등분
1	잘 익은 신김치
1	그린키위 크림치즈 드레싱
1	명엽채 250g
1	고기 육수
1	대패 삼겹살 약400g
1	새우 칵테일새우가능
1	숙주 삶아서 생략가능
1	다진마늘 마늘가루가능
1	굵은소금 약2.5큰 술
1	찹쌀가루 수북하게
1	생강 엄지손가락만 한 크기로
1	바나나 큰것
1	오일포도씨유
1	레몬오일
1	꿀떡
1	허니너츠크림치즈
1	무우 소 약150그램
1	미니 오이지
1	감자​
1	대파 윗부분
1	강냉이
1	다진 파프리카 큰술
1	마카다미아오일
1	무 1/3토막
1	볶은통 들깨
1	참깨 들깨
1	대파 초록잎부분
1	진간장 180ml
1	요구르트 작은것 5병
1	당근 엄지 손가락 길이
1	알청국장
1	둥근호배
1	대파 약 5cm
1	백주부만능양념
1	시판쭈꾸미
1	착즙한 당근찌꺼기
1	등갈비 이베리코 돼지 사용
1	헌트바베큐소스
1	몬스위트칠리소스
1	생강 갈은 것
1	물 1/5컵
1	후추 허브솔트로 대체가능
1	곱게 다진깨
1	다시마 손바닥반만
1	새송이버섯 생략가능
1	카레가루 1/
1	뼈
1	깻잎 깻잎바라 2줌
1	수박껍질 하얀부분 초록부분잘라낸
1	굵은소금 절이는용
1	보쌈먹고남은고기
1	고등어 작은거
1	산들애 생강소스
1	바몬드 매콤한 고형카레
1	생 오징어 몸통부분
1	당근 1/2등분
1	느타리버섯 1국그릇
1	후추가루 톡톡 3번
1	시금치양념 국간장
1	참기름 마무리양념
1	무가당 플레인요거트
1	식빵 or모닝빵
1	연어살 300g 1덩어리
1	미니새순 생략가능
1	잡곡식빵
1	발사믹크림소스
1	하림 절단육 750g
1	당면불린거
1	팽이버섯 작
1	물 옥수수가 잠길
1	마늘쫑 2묶음
1	강력분 2+
1	인스턴트 이스트 7g 1/4oz
1	상온의 계란 대
1	상온의 무염버터 1/2stick
1	데운 우유 3Tbsps
1	상온의 계란
1	초무침요리초
1	대파흰대만
1	설﻿탕
1	당근 중간크기 채썰어서 볶아두기
1	계란 부쳐서 채썰어 준비
1	김밥용 햄 물에 데쳐서 준비
1	황태껍질튀각강정
1	졸인 양념소스
1	남은 족발
1	물 잠기도록
1	목살 두덩어리
1	혼쯔유 3배농축
1	팽이버섯 3덩어리
1	찬밥 먹을
1	참기름 밥 양에 따라 조절
1	물 밥의 1.5배
1	칼라마리
1	양파 양파가 큰 경우 1개만 사용
1	홍당무 당근
1	옥수수밥
1	손질한 방울토마토
1	베이컨 짧은걸로
1	손질한 미역귀
1	흑설탕 흑설탕
1	묵은깍두기
1	연어회
1	라임제스트+즙
1	꼬막 약400g
1	​닭발
1	생강 절편
1	일반고추가루
1	작은 가자미
1	홍땡초
1	파절이
1	양파 남은것
1	or마늘
1	무 1센티두께
1	다진마늘 수북히
1	고운고추가루 수북히
1	굵은고추가루 수북히
1	돼지고기 삼겹살 넣고싶은
1	병어 中 = 640g
1	양미리 1두름
1	당근 소 100g
1	스텐밧드
1	큰팩
1	깨그라인더
1	식빵가장자리자투리
1	당근 4cm 2손가락마디
1	알배추 1/2국그릇
1	조선간장 집에서만든간장
1	녹말가루 밀가루 대체 가능
1	어묵 1장 유부
1	남은전
1	물 1/2대접
1	고춧가루 굵은거
1	고춧가루가는것
1	메론
1	밀가루 박력분 종이컵수북히2컵
1	버터 차게준비 종이컵3/4컵
1	슈가파우더 종이컵1/2컵
1	달걀 풀어놓기
1	호두 종이컵2컵반
1	녹인버터 2큰술반을녹임
1	흑설탕 종이컵의85%채운양
1	물엿 종이컵2/3컵
1	사과식초 넣지 않아도 무방
1	수박껍질 흰부분
1	해감용 굵은소금
1	식빵 믹스
1	시판 토마토파스타소스
1	꽃갈비살
1	레토르트양송이버섯크림
1	청고추청양고추
1	유자쨈
1	튀김만
1	멸치 육수 300g
1	허니머스터드 생략가능
1	땅콩쨈 생략가능
1	돼지고기 쪽갈비
1	배 음료
1	후리카케깨
1	쪽파 작은단
1	밀가루풀 4그릇
1	밀가루풀쑤어놓은것
1	미작 이나 소주 청주
1	청주나맛술
1	둥근호박 기호에맞게
1	양파 껍질
1	미림 2바퀴
1	페페론치노고추
1	노추유
1	﻿월계수 잎
1	파스타면탈리아텔레
1	냉동 닭가슴살 튀김
1	유기농꿀
1	보리굴비 1마리
1	곤약 쌀
1	다진 양파 1/3개분
1	다진 홍고추 1개분
1	청양고추 1개분
1	작은 황태
1	콩나물육수
1	토마토소스수제토마토소스
1	닭영계
1	양배추 얇게 썬것
1	데리아키 소스
1	실온에 녹인 버터
1	파마산치즈가루 기호에맞게
1	비린내제거용우유 or맛술
1	농심 건면 새우탕
1	간장 양념
1	식용유 밥숟가락
1	항정보쌈
1	구은소금
1	단호반
1	얼갈이단배추
1	감자 약200g
1	청주 200ml
1	맛술 100ml
1	묵은파김치
1	달걀 60g
1	갈배
1	햄스테이크 or베이컨
1	베트남산 작은매운고추
1	면삶은 육수 한 국자
1	돼지고기 민찌
1	조개 or바지락
1	무 두께2cm
1	육수 1000cc
1	달걀 170g-200g
1	들기름 부침용
1	등등
1	꽃게 大 1.2kg
1	매운 고추 참치
1	파 초록부분 10cm
1	계란노란자
1	동치미육수 1개분량의 물
1	​냉동닭다리
1	후추허브솔트
1	올리고당 아이들이라 먹을꺼라 물을 조금 넣었
1	동그란 오뎅
1	초코아이스크림
1	초코모찌
1	소금 야채절임
1	마늘식용유
1	계란 8개
1	진미채볶음
1	달걀말이
1	삶은무청시래기 물기를 짠 무게
1	썬 부추
1	열무 1500g
1	통조림햄스팸
1	새송이버섯중
1	조각 건다시마
1	당면 백원동전크기
1	수조기
1	달걀 노른자 20g
1	슈거파우다
1	아몬드 분태
1	바지락젓
1	대파 충분히
1	토마토잼
1	토마토 작은 것 흑토마토
1	연근 1개
1	칙피 통조림
1	타히니
1	쿠민가루
1	파슬리 옵션
1	스모크 파프리카 옵션
1	레드페퍼플레이크 옵션
1	검은깨 페이스트 검정깨
1	참기름과 식용유 섞은 것
1	생왕 만두피
1	사골육수 작은
1	양념솔트
1	속 배추
1	우유 계란과 동일한 양
1	어슷 대파
1	잔파 크게
1	올리타리아
1	느타리버섯 크게
1	돼지고기 등심or안심
1	다시가루
1	굵은소금 기호에 맞게 가감
1	고추지
1	알마늘장아찌
1	돼지고기앞다리살 불고기용
1	시중에 파는 돼지갈비 양념장
1	생강술 소주
1	무우작은것
1	채썬 배추
1	동글이호박
1	호박조청 이나 물엿
1	숙성된 토마토
1	물 2.5국그릇
1	덴가스
1	헬로네이처가쓰오부시육수
1	사기그릇
1	베이컨 양배추에따라
1	찬 생수 1+
1	돼지고기 목전지
1	그라나빠다노 치즈
1	백숙용재료
1	케찹토마토소스
1	멸치액젓 생략가능
1	두부국물
1	고추맛기름
1	까망베르치즈
1	시판 토마토소스 프레쉬한것
1	김치 배추1통기준
1	청국장 시판용 동그란거
1	수제초콜릿믹스
1	먹고남은 무청시래기 된장국
1	파스타면 배고픈
1	기타토핑
1	인도커리 인스턴트
1	크림소스 없어도됨
1	고구마 손톱반크기잘라놓음
1	피스타치오 분태
1	흰자 달걀
1	달걀중란
1	알타리무 3단
1	고춧가루 2컵
1	액젓 +3T
1	다진마늘 +1T
1	물 조리법에 나온 양
1	분쇄기
1	어묵 작은 사
1	생강가루 3번
1	딱딱이 복숭아
1	무 1000g
1	육수 티백
1	영양부추 엄지와검지 동그랗게
1	달래엄지와검지 동그랗게
1	들기름 2방울
1	오이백
1	해물팩 육수 1대접
1	쌈채소 루꼴라등
1	야채 씨트 없어도 가능
1	물 고기잠길
1	썬김치
1	찬물 6컵 3국그릇
1	홍진미중가루
1	양념한 돼지고기
1	게맛살 긴거
1	즉석밥 or공기밥 1그릇
1	즉석만두
1	소고기 한줌
1	굴 250g
1	고추장 봉긋하게
1	피망 큰거
1	양상추큰잎
1	중국식 만능소스
1	얼음 중간
1	돼지고기 통목살
1	월남건고추
1	국시장국 생략가능
1	​ ​메주콩
1	전분 가루 선택
1	진간장 +1.5큰술
1	깐메추리알 1팩
1	요리용맛술
1	어슷 썬 청양 고추
1	부추 500g
1	오이 절임 소금물 물
1	두부 큰 팩
1	참치캔 큰 거
1	사각햄 작은크기
1	다시마 20cm
1	물 모든 재료가 담길
1	로제파스타소스 1병
1	국간장 맑은어간장
1	들깨가루 취향껏
1	시판용 순대
1	알배기배추 350g
1	부추 60g
1	국거리쇠고기양지
1	한재 미나리
1	밥물
1	돼지고기앞다리 덩어리
1	속 배춧잎
1	파프리카노랑색
1	파프리카빨강색
1	모둠새싹
1	사골육수 비비고
1	냉동 무뼈 닭발
1	볶은 율무
1	소금 톡
1	새우 튀김용새우
1	우동면 냉동
1	쯔유간장 참치액젓
1	커민
1	물에헹군김치썬것
1	흰후추가루
1	대구 대 곤
1	요플레 물
1	무 채 썰어서
1	유부 4인분용
1	양파 반개 잘게 썬
1	당근 반개 잘게 썬
1	빨강 파프리카 잘게 썬
1	1/4쪽
1	오이 속빼서 다진거 오이1개
1	마늘쫑장아찌 간장
1	소고기꽃등심
1	브로컬리 데친것
1	우유생크림
1	해물믹스 1밥그릇
1	시판 사골
1	쪽파 고명
1	유부조림장 본문참조
1	파프리카 작은 것
1	참치 액 국간장 12T
1	우동사리 면
1	따뜻한밥 참기름+소금+통깨
1	물없이담근오이지
1	맛살 긴것
1	아나고 세꼬시
1	단호박 작은 거
1	넛멕파우더
1	눅은 김
1	견과류 호두아몬드땅콩등 ...
1	물 3번에 나눠서 넣음
1	종가집 맛김치
1	종가집 두부
1	코코넛 슈거
1	우류
1	해바라기씨 생략가능
1	건다시마 선택가능
1	건고추 선택가능
1	북어채 작은
1	자른미역 작은
1	쌀 대략 반컵보다 살짝 많음
1	냉동 꽃게 작은 것
1	베이컨 선택
1	식빵 두툼한것
1	대구채
1	흑 새우
1	갈비탕용 갈비
1	생강조
1	두부 485g
1	김치 반쪽짜리
1	느타리버섯 185g
1	밥 죽재료
1	계란 죽재료
1	고추장 배부른
1	고구마큰거
1	연근 껍질벗긴것
1	고구마 작은것 2개
1	단호박 1통
1	소고기 살치
1	허브솔트 소금+후추
1	검은비닐봉지
1	화이트발사믹
1	파프리카 70g
1	스파게티소스 시판
1	바질드라이
1	참기름 or통깨
1	생크림 남은 것
1	피넛소스
1	깐홍합
1	오가닉 코코넛오일
1	호박나물
1	오이나물
1	시금치 고추장무침
1	청국장 찌개
1	나물투데이 파래
1	우엉 2 대
1	후레쉬모짜렐라치즈
1	깻잎 삶은것
1	깨 많이
1	로메인상추 5잎
1	대파 푸른잎 10cm
1	감자 전분 중국전분
1	채반냄비
1	약콩
1	시럽핫케이크시럽
1	북어나 황태채
1	캔콘 중간
1	견과류 베리류
1	루꼴라 어린잎
1	돈까스용 돼지고기 안심이나 등심
1	토마토페이스트 or케첩
1	달걀 작은크기
1	신김치 1/
1	팽이버섯 다진거
1	솔부추
1	연근 1~2개분
1	허브맛솔트 조금
1	생강 손톱마디
1	바스켓
1	고기산적
1	푸른잎 채소
1	참치 넣고싶은
1	참기름 넣고싶은
1	간장 넣고싶은
1	굵은소금 오이세척용
1	굵은 소금 듬뿍 4~5T
1	통조림햄 2슬라이스
1	작은소세지
1	토마토 중 반개
1	김치 150g 2/3밥그릇
1	슬라이스치즈 나중에
1	라면사리 나중에
1	통밀쿠키 다이제스트 6개
1	고추썰은거
1	게맛살크레미
1	식촛물
1	멸치다시마물 1그릇
1	볶은 캐슈넛 종이컵
1	전복 살
1	감자 먹을
1	통조림콘 감자의
1	도치알 심퉁이
1	다듬은 쪽파
1	식빵 두께 1.5cm짜리
1	종합효소
1	잡어
1	된장 시판콩된장
1	꽃소금 갈은 것
1	시금치 데치는 물
1	고추 생략가능
1	​돈까스소스
1	가지 172그램
1	실파 15그램
1	대파 흰부분 15그램
1	샐러리잎다진거 생략가능
1	햄 아무거나
1	우유 소량
1	아이스크림막대기
1	캔옥수수 생략가능
1	아구
1	머랭카네이션
1	사과 채
1	요리생강
1	양배추 2줌
1	냉동 자숙 새우
1	떡오뎅떡
1	다진 마늘3쪽
1	생 아로니아
1	미림 1방울
1	김치 자르지않은
1	멕시칸믹스드치즈
1	명태곤
1	천연조미료 황태육수
1	버섯류 입맛에맞게
1	통단무지 검지손가락 길이
1	깨 깍아서
1	올리브유 2소주잔
1	양파 껍질채
1	건 매운고추
1	육수쌀뜨물
1	소시지 124g
1	미니떡 90g
1	다시마멸치 육수
1	닭안심 순살
1	소고기 육전감
1	딸기 요거트 선택사항
1	딸기 요거트
1	중력밀가루
1	밀크초콜렛
1	건과일 크렌베리등
1	포도씨유 식물성오일
1	신김치 잘게썬것
1	유부8장
1	복분자쨈
1	망고쨈
1	시판용소갈비양념
1	대추씨앗달인물
1	봄동 10잎
1	고운아몬드가루
1	네일
1	네일받침
1	배추 3~4잎
1	대파 파뿌리
1	베이컨 작은
1	통그릴비엔나소세지
1	멸치 머리와 내장 제거
1	도라지 300g
1	삼계탕용 닭 6호
1	삼계탕 재료용 한방약재
1	돼지고기 편육
1	양파중간크리
1	닭 1kg 10호
1	간장 살짝 모자르게
1	빵용 쌀가루
1	해물다시 육수팩
1	파프리카 없으시면패스
1	다시물생수
1	부추 1/2단
1	못난이 가지
1	초피액젓 or멸치액젓
1	박력분 cake flour 2+
1	베이킹파우더 2+
1	백설탕 코코넛설탕가능
1	whole milk 없을경우 2%우유1cup+heavy 1+
1	양파 작은 싸이즈
1	쌀뜨물 500CC
1	쌀뜨물 1000CC
1	땅콩 or아몬드
1	백설 건강을 생각한 고소한 들기름
1	깻잎 한묶음 20g 6묶음
1	​전복
1	다시마우린물 200ml기준
1	불고기용 샤브용 고기
1	통마늘 20g
1	생강 10g
1	냉면용 면
1	표고다시마 육수
1	생률
1	새우 크게
1	노가리머리
1	한방음료
1	매운김치 만두 소
1	비엔나소시지햄
1	고추참치 작은캔
1	카놀라유 넉넉하게
1	생고추
1	대패삼겹살 남는고기
1	초석잠
1	백 골뱅이
1	기름장
1	캔참치 75그램
1	국수 10동전크기
1	시금치 넉넉히
1	소금 익반죽용
1	소금 팥고물용
1	쇠고기 고명
1	올리브 기름
1	소라 통조림
1	소라국물
1	묵은 총각무김치 1냉면기
1	물 250ml 기준
1	범랑냄비
1	피자도우호떡믹스
1	올스파이스
1	너트맥
1	다시마진간장
1	콜라 1.5L 1병
1	슬라이스 연어 10점
1	손질한 북어포
1	닭가슴살 1개
1	밥 600g
1	노각 1.4kg
1	닭고기 9호
1	숙주 1그릇
1	국간장 50cc
1	다진 대파흰 부분
1	생새우 or칵테일새우
1	오뎅 기호에맞게
1	뚝딱맛내기장
1	진간장 1비율
1	맛술 1비율
1	다진마늘 1비율
1	황설탕 1비율
1	육수용
1	토막 닭
1	소금 한꼬집 기호에 맞게 가감
1	마요네즈 소 1병
1	치즈가루 없으면 안 넣어도 됩니다
1	후추 안 넣어도 됩니다
1	무 20cm길이
1	시판 노랑 옥수수
1	대파 밑부분
1	버터 식용유로 대체 가능
1	참기름 팬에 1바퀴
1	볶음간장 팬에 크게 한바퀴 두를양
1	순살 삼치
1	페페로치니
1	블랙올리브슬라이스
1	냉동 손질 동태
1	절임 굵은 소금
1	치즈 집에 있는
1	플레인 식빵
1	비트물
1	치자물
1	녹차가루 물
1	설탕 사과한개의분량
1	감자 전분 넉넉하게
1	포도씨유 넉넉하게
1	만두달걀만
1	짬뽕면
1	종이컵 있다면 모양 내는데 사용
1	브로콜리 600~650g
1	물 브로콜리잠길
1	사과 껍질채로
1	푹 익은 바나나
1	페페론치노 취향껏
1	매운 마른 고추
1	설탕 듬뿍X
1	간장쯔유
1	초코칩 반죽용
1	초코칩 장식용
1	생강 선택
1	장아찌 간장
1	설탕 비율로 ~
1	남은 장아찌 국물
1	냉동곤이
1	배합초를넣은밥
1	손질한꽃게
1	다진생상
1	물 데칠것
1	잔슨빌 소시지
1	피망색깔별로
1	다시마小
1	쯔유 소량
1	삼겹살 600g
1	원두 커피
1	청양고추 생략
1	라임청
1	슬라이스 레몬 옵션
1	봄동 작은거 2다발
1	설탕 or조청
1	고추장 거의 동량
1	참깨 양껏
1	국간장 이나 참치액
1	목살 손바닥만 한 거 3덩어리
1	말린우거지
1	들기름 마요네즈 대신
1	머위 순
1	들기름 식용유
1	새우 or다시다
1	대합조개
1	브로콜리 작은 송이
1	청정원 콰트로비엔나
1	청정원 카레여왕스노우카레분
1	새우 20~25미
1	생강분 생략가능
1	건새우 1/
1	고추가루 1.
1	배추 속잎 생략 가능
1	육수 멸치표고버섯
1	설탕 20g
1	생수 닭이잠기도록
1	생수 600ml
1	자숙홍합
1	한우 소고기
1	젓국
1	우동라면
1	액상간장소스
1	봉어묵 5개
1	떡사리 1대접
1	소갈비 양념
1	플페이팅냅킨
1	순두부만능양념
1	식용유3 + 참기름
1	간 검정깨
1	무 썰었을때
1	시금치 중간크기 5줄기
1	부지갱이
1	시판 감자 수제비 200g
1	파프리카 각빨강노랑
1	가지고추 선택
1	스노우크랩킹게맛살
1	에스피
1	생연어 600g
1	사과 갈아서
1	참치 액 양념장은 대략4인분
1	시판고추장
1	소고기 장조림용 600g
1	건고추 매운
1	물 2.5머그컵
1	부추나 파
1	브레드가든 자몽젤리믹스
1	브레드가든 오렌지젤리믹스
1	버섯파우더
1	레몬 레몬즙 경우3T
1	백세주
1	삼겹살2줄
1	파김치 4가닥
1	카나리액젓
1	물 생수큰것 3병
1	계란노른자 약4개분량
1	계란흰자 약 4개 분량
1	생크림 설탕 30g
1	나빠쥬
1	아라잔 식용은구슬-과자류
1	코다리 대
1	묵은지 무우
1	모짜렐라 치즈 밥
1	양파 큰크기 130g
1	깻잎 2~3묶음
1	양파설탕
1	오징어 1미
1	쌈무우
1	무순이
1	갠겨자
1	소고기 등심 스테이크용 부위 아무거나
1	파프리카 빨강색
1	파인애플 잘게 썬
1	냉동야채믹스
1	햄다진것
1	올리당
1	대파 파란잎
1	시판 바비큐소스
1	표고버섯 12
1	새송이 2개
1	설탕 꿀
1	우유 2잔
1	천연맛소금
1	생강 손가락 마디 하나
1	포트메이온 접시
1	살짝구운김
1	일회용팩
1	마요네즈 딥소스용
1	찰수수 가루
1	막걸리
1	굴한컵
1	휘시 소스
1	삼계탕재료 생략가능
1	들기름 밥 숟가락계량
1	새우젓 밥 숟가락계량
1	참치액 밥 숟가락계량
1	다진마늘 밥 숟가락계량
1	동전육수 밥 숟가락계량
1	다진 마늘즙
1	실리콘집게
1	타공매트
1	익은김장김치
1	발효 식초
1	새우머리
1	고춧잎 데친 것
1	시판 어묵
1	마늘쫑 기호에맞게
1	깻잎장아찌 국물
1	짜투리채소 파프리카
1	월남쌈소스피쉬소스
1	흙애서 백미
1	밀가루풀찹쌀풀
1	소면 500원짜리동전크기가1인분
1	떡국떡 넉넉히
1	곰탕육수
1	굵은 소금 고봉으로
1	청량고추 큰것
1	콩나물 우린물
1	멸치 다시마 티백
1	애호박 채썬거
1	해놓은 밥
1	쌈장 듬뿍
1	배갈은것
1	다진레몬필 절임
1	다진 레몬제스트 껍질
1	레몬시럽
1	장식용레몬필
1	생강 마늘과같은양
1	쌀소면
1	쪽파 대략
1	황설탕 80g만 사용
1	트리몰린 물엿으로 대체가능
1	오미자즙
1	오미자 크게
1	채소와고기 기호에맞게
1	표고버섯밑동 한주먹
1	다시마 가루 작은반숟갈
1	통마늘 한주먹
1	돼지고기 1밥그릇
1	봄 냉이
1	사태 한우
1	붉은 색 파프리카
1	당근 소자
1	양배추 중자
1	큐원 홈메이드 츄러스 만들기
1	파토라파스타면
1	소고기국거리 용
1	토막갈치
1	간당
1	생강 이나 가루
1	나이를거꾸로먹는떡국
1	칠갑농산 김치만두
1	무 대짜
1	만능간장 그냥간장대체가능
1	노각늙은오이
1	우삼겹 2.5국그릇
1	시판용돼지갈비양념장
1	시판용매운갈비양념장
1	두부 1팩
1	향기송이버섯
1	미나리 데친것 1대접
1	다발무
1	청갓
1	부산사각 어묵
1	건취나물 말린상태의 무게
1	멸치다시마육수생수
1	옥수수기름
1	생강꿀절임
1	백명란젓
1	소금 나물삶을때
1	떡볶이떡 450g
1	맛짬뽕
1	고구마 중간
1	물 300g
1	화이트커버춰
1	토핑용 피칸
1	생 오리고기 가슴살
1	디벨라 토마토퓨레 루스티카
1	불린도라지생도라지
1	우유 면이 잠길
1	참치참치마요
1	통조림햄햄구이
1	크러쉬드 레드페퍼 홀
1	찰보리 부침가루
1	통조림햄 베이컨로스팜 작은캔
1	3배식초
1	시판 카스테라
1	막국수사리
1	멸치 육수 200ml기준
1	김장김치 묵은지
1	장식용구슬아라잔
1	가쓰오간장
1	삻은 계란
1	열무국수
1	국산 유부 초밥
1	국산콩 두부
1	기름현미유
1	레드페퍼 생략가능
1	블루베리파우더
1	소금 or멸치액젓
1	생강즙 기호에따라
1	아욱 1봉지
1	소금 세척용
1	햄종류 양껏
1	게맛살 양껏
1	우리밀반죽
1	시나몬가루 선택재료
1	우동 사리면
1	유부 무양념
1	가다랑어포가쓰오브시
1	정종 청하나소주가능
1	오리고기 or오리로스
1	묵은지익은김치
1	디포리 선택
1	들기름올리브유
1	누들 떡볶이떡
1	양배추 1/4등분
1	납작오뎅
1	매실 효소
1	감자만두
1	체다치즈 슬라이스
1	우엉 손질 후
1	구운 적양파
1	구운마늘후레이크
1	김치국물 + 신김치 1그릇
1	도라지오이무침
1	망고수박
1	고추꼭지
1	까나리액젓 1/2~
1	쥐포 25미
1	청양 건고추
1	알 마늘
1	데친 미나리 크게
1	대추씨 우린물
1	카스터드 빵
1	썬 양배추
1	샌드위치용 햄베이컨
1	밥 약 250g
1	설탕 밑간용
1	물 소스용
1	오뎅다시
1	레몬즙레몬주스
1	식초레몬즙
1	밀가루 1인분
1	시래기무청 1덩어리
1	검은콩두부
1	도라지배즙
1	스파게티면 1인분
1	참치캔 한 캔
1	밥 한 그릇
1	물 냄비에잠기도록
1	마늘 큰크기 다져서
1	메이플시럼
1	김치 송송 썬것
1	고추장 1.5소주잔
1	고추기름 1소주잔
1	매실청 1/2소주잔
1	콩나물삶은 육수
1	돼지족발미니족발
1	파녹색부분만
1	귤 원하는
1	혼다시 약 1/3 작은술 이하 소량
1	브로컬리 100g
1	명란젓 2 큰 술
1	도자기 머그컵
1	고추잎 삶아서 1덩어리
1	손질 낙지 3마리
1	갈은 건새우
1	냉동 절단 꽃게
1	대파 어슷썬 것
1	새우 가루
1	치즈 약간
1	시판용유부초밥
1	비비고교자만두
1	옛날잡채
1	느타리버섯 1바구니
1	유부초밥 2인세트
1	취나물 한봉지
1	배추김치 썰은 것
1	익은 김치 200ml
1	홀그레인 허니머스터드
1	마늘 채썬 마늘
1	자른 부추
1	백종원 만능 짜장소스
1	표고버섯천연조미료육수
1	각종버섯 원하는
1	양념 소고기
1	자반 김
1	양조 간장 진
1	​쥬키니 호박 400g
1	보리 굴비
1	캔골벵이
1	오징어채홍진미
1	풋고추 청양고추
1	재래식 고추장
1	먹다남은부추
1	스리라차마요
1	스팸 작은통
1	곤드레 삶은 것
1	불고기살라미썰어놓은것
1	찬 밥 2그릇
1	맑은 청 간장
1	다시마 5cm*5cm
1	빠네냉동생지
1	페투치네면
1	다양한버섯
1	레드벨벳믹스
1	바닐라에센스 1방울
1	대파 한주먹
1	무우 기호에맞게
1	당면 기호에맞게
1	소금 밑간할
1	후추 밑간할
1	식초쌀식초
1	시라챠소스
1	얼그레이 티백 4g
1	샤브샤브용 소고기 취향껏 200g
1	다시마 무 육수
1	막걸리식초
1	100% 통밀가루
1	식용유 기호에맞게
1	자숙 연근
1	햄 소시지
1	마라샹궈 소스
1	멸치무육수
1	마늘 편썰은것
1	조미김 전장
1	다시마 5*5 사이즈
1	소고기 1/2밥그릇
1	무 공기밥 1그릇
1	생알땅콩 200g
1	쫑쫑 썬 김치
1	삶은달걀 선택
1	채썬오이 선택 or배
1	남은 족발 小기준
1	장식용 생바질
1	파르미지아노레지아노
1	생연어 회까지 만들 양
1	보리순
1	조금
1	데친 우거지 가볍게
1	마카롱 믹스
1	햄 통조림
1	다진파쪽파
1	쌀 1국그릇
1	초코아이스바
1	백설 만능요리 마늘생강기름
1	백설 바삭한 요리유
1	백설 남해 굴소스
1	백설 만능요리 파기름
1	냉동만두 큰것
1	작은 건고추
1	어린 시금치 잎
1	볶은 은행 있으면
1	시판갈비양념
1	무짱아찌
1	얇게 썰은 대파
1	다진마늘 밥
1	일자콩나물
1	깻잎 큰거 4장도 가능
1	닭 순살
1	깐메추리알 55알
1	자투리 대파
1	된장 봉긋하게
1	큰두부 600g
1	맛살 작은거
1	갖가지 해산물들 기호에맞게
1	고추가루 생략 가능
1	작은사이즈 고구마
1	소금 데치기용
1	무 1.5Kg 동치미무는 두개
1	배 절인배추
1	묽은찹쌀풀
1	식용유 춘장 튀겼던 기름사용
1	돼지찜갈비
1	쯔유 국간장대체가능
1	쌀 튀밥
1	콩 서리태튀밥
1	생강가루 1/
1	통들깨 있다면 사용
1	남은잡채당면 1대접
1	육수 1대접
1	말린표고버섯 생략가능
1	전분 감자전분옥수수전분 다 가능
1	숙성시킨수제비반죽
1	건고추태국고추
1	쥐포 큰 것
1	돼지감자가루
1	호랑이콩
1	황설탕 or흑설탕
1	피칸테
1	두부 330g
1	기장 미역
1	신김치 453g
1	생물고등어 178g 1/2미
1	감자 363g
1	양파 105g
1	대파 80g
1	다시마 197* 272
1	말리표고버섯
1	여주 100g
1	어묵 동그란것
1	얼갈이 400g
1	묵은 총각 김치 양손
1	양파 90g
1	설탕 11g
1	설탕 올리고당과 같이 써도 됩니다
1	쯔유 대체가능
1	소고기 만원어치
1	알배추 남아요
1	팽버섯 1묶음
1	비법양념
1	꿀 스푼
1	올리고당 스푼
1	다진마늘 스푼
1	달걀 토핑
1	달걀 패티용
1	데미그라스 소스
1	토마토속싸먹는훈제오리
1	부산 어묵 큰 거
1	물 400ml컵X 5
1	완숙 토마토대
1	돼지고기 찌개용으로 준비
1	송송 썬 배추김치
1	들기름 마지막
1	우동면칼국수면
1	냉면무
1	열무김치 생략가능
1	오이무침
1	대추우린물
1	유기흑설탕
1	초코칩쿠키믹스
1	다시마 면
1	당근 한도막
1	호박 한도막
1	멸치 2줌
1	무 한도막
1	다시마 3x4 cm
1	된장 살짝만
1	생닭 850g
1	약재
1	계란 10~15구
1	치킨 다리살
1	달걀 튀김옷
1	양상추 1접시
1	무우 390g
1	대파 10Cm x
1	딸기 소~중 사이즈
1	고추 장식용
1	무염버터 틀 코팅용
1	달걀 상온보관
1	고등어 300g
1	무 지름15cm 두께 3cm
1	대파 푸른부분10cm
1	밥 2공기
1	양파 50~60g
1	단무지 2줄
1	피망 1개
1	고추장 1스푼
1	굴소스 7g
1	참기름 1스푼
1	건조 허브스파게티 시즈닝
1	자른 북어
1	시판 국간장
1	단촛물소스
1	마른멸치 중간사이즈
1	토마토스파게티소스 1병
1	계피가루 취향껏
1	찹쌀가루 방앗간에서 빻은것
1	따뜻한 물 반죽상태에따라다름
1	카스테라 시판용
1	피스타치오분태
1	북어채황태채
1	디츠비엔나
1	미니청피망
1	대파썬것 백세주잔 기준 1소주잔
1	까나리액젓 약 10ml 1/2잔
1	먹다 남은 광어회
1	튀김옷 달걀
1	소금 굴씻을
1	말린 고구마줄기 삶아 놓은것
1	미역 잘게 썬
1	대파 5뼘
1	산간장
1	통조림과일
1	덧뿌릴 설탕
1	럼 없으면 생략
1	땅콩분태 or잣가루
1	썰어놓은 시래기 2대접
1	건크랜베리 생략가능
1	부침용 오일
1	무우 50cm
1	무쇠솥
1	백태 콩
1	어묵 4인분
1	비엔나소시지 15개
1	방풍나물 크게 1줌
1	달걀 반죽용
1	달걀 국물용
1	다시마토막
1	소금 반죽용
1	소금 육수용
1	조리용뒤집개
1	청포묵 or동부묵
1	한돈 돼지고기 불고기용
1	고추가루 물들일때 쓸
1	청경채 큰거
1	무 20cm크기정도의 무
1	드라이 화이트 와인
1	치킨스톡액체
1	다진파 1뼘
1	무청시래기 삶은거
1	쫄면 시판용
1	염장청꼬시래기
1	훈제 오리 슬라이스
1	닐라 익스트랙
1	토마토홀 400g
1	발효겨자
1	닭고기 살코기 찢은 것
1	멸치육수 우리는양
1	마른 톳
1	비트 잎
1	생강청매실청
1	백설알룰로스설탕
1	가지 큰 것 200g
1	백년초 가루
1	도토리
1	들기름 1비율
1	식용유 1비율
1	흰채소군 양파
1	녹색채소군 시금치
1	청피망등
1	붉은채소군 토마토
1	적양배추등
1	노란채소군 파프리카등
1	육류군 햄
1	베이컨등
1	치즈 아무종류나 생략가능
1	허브 or파슬리
1	오징어채 1봉지
1	다진 새송이버섯
1	다시마육수 팩
1	우유 닭비린내제거용
1	돈민찌
1	꽃게육수
1	우동사리 200g
1	파 15cm
1	알타리 김치
1	돼지 감자전분가루
1	소금 무 절일 때
1	케이크시트 2호
1	딸기 알 굵은 것으로 사용
1	카페시럽
1	메주콩 원하는
1	물 메주콩의 3배
1	채썬오이
1	아보카도 오일 식용유
1	당근 색내기용
1	설탕 비정제유기농설탕
1	깨 갈은것
1	취나물 데쳐서
1	액젓까나리
1	찬 밥 1/2~
1	스파게티면 100원 동전크기
1	표고버섯 육수
1	캡사이신 가루
1	파래 3묶음
1	양파절임간장 간장 1t
1	국수 중면 먹을
1	생톳 1국그릇
1	달래 1/3묶음
1	참기름 각자
1	당귀 생략가능
1	까나리
1	새송시버섯
1	물 8C
1	두부 90g
1	쫑쫑 썰은 대파
1	외 간장
1	돼지고기 살코기로
1	렌틸콩 1/2머그컵
1	아이스잔
1	방앗간용찹쌀가루
1	굴림용설탕
1	핫케이크
1	물 2/
1	블루베리 생략가능
1	반건조 참 가자미
1	닭안심 300g
1	물 물의양은 카레의 종류에 따라 조금 다름
1	양상추 4~5잎
1	콩나물 600g
1	육수 2+
1	바닥시트 레이디핑거
1	데코용 애플민트
1	흰색 머랭쿠키
1	양파당
1	육수 닭육수
1	기타허브재료
1	절단 게
1	가자미 1마리
1	썰어둔 무
1	노란무
1	물 저는 가지 1개 기준으로 만들어 봤
1	멸치 15개
1	홍파프리카 꼬다리
1	청파프리카 꼬다리
1	노란파프리카 꼬다리
1	은행 선택
1	간 생강 엄지손가락
1	해물육수 티백 끓인것
1	소고기 미카엘-불고기용 돼지고기 사용
1	병뚜껑
1	깡통 햄 작은거
1	밥 수북히
1	오징어다리 20개
1	오이 1개
1	멸치 1그릇
1	국수면 500원 동전 크기 3번
1	파래 3덩어리
1	닭가슴살샐러드
1	노란 소시지
1	소고기육회부위
1	황태 북어채
1	멸치까나리 액젓
1	멀티소스
1	버본 위스키
1	미니 송이버섯
1	함흥냉면
1	국간강
1	작은크키 피망
1	올리브유 필요
1	라면 수프
1	소고기밑간 참기름
1	소고기밑간 다진마늘
1	소고기밑간 생강술
1	소고기밑간 매실액
1	소고기밑간 소금
1	손질한달래
1	대파 다진것2큰술
1	우유 생크림과 우유 반반해도 좋아요
1	동원닭가슴살캔 1캔
1	어간장 까나리액젓
1	익은열무김치
1	튀김가루 1+
1	오차즈케후리가케
1	시판유부초밥재료
1	허브솔티
1	초고추장 or초간장
1	깻잎순 1묶음
1	배추 1사발
1	실한천 물에 불려 사용함
1	산머루청
1	밀가루 주꾸미손질용
1	참치액 1/
1	삼계탕재료
1	제일제면소 칼국수면
1	백설고소한참기름
1	다담바지락 순두부 봉
1	PENNE 파스타면
1	이탈리안소시지
1	고춧가루 Crushed.Red.Pepper
1	바질페스토 올리브오일대체
1	후추 기호에따라넣기
1	육수 2대접
1	작은 비트 200g
1	무 나박 썰기 1그릇
1	메추리알 삶은거
1	넙적 닭다리살 닭갈비용
1	간장찜닭용장
1	매운갈비 양념장
1	유자차
1	로즈마리허브 3잎
1	봄동 속잎
1	백종원만능간장
1	잘익은 갓김치 크게
1	불려줄 물
1	고구마 갈아줄 물
1	호두 or밤
1	복분자 백년초가루가능
1	부세조기
1	크기가 큰 냉동 새우
1	청양 고추 가루
1	생강 청
1	냉이 데친
1	소주 70ml
1	후추 톡톡톡톡 4번
1	쇠고기 등심국거리용
1	핸드볼
1	비앤나 소세지
1	오레가노 없으면 안넣어도됨
1	닭고기 안심
1	물 쌀뜨물
1	식용유+참기름
1	어묵 먹고싶은
1	까나리액젓 많이 익었으면 생략
1	육수에넣었던다시마
1	다진캐슈넛
1	카롤라유
1	흙애서 현미&약콩
1	볶은 견과류
1	쌀 뻥튀기
1	카카오 파우더
1	계핏가루&오일
1	굵게 다진 양파
1	납작 썬 양배추
1	레몬제스트 레몬
1	레몬즙 레몬 1/2개
1	그레이터
1	멸치육수멸치
1	표고버섯 맹물써도 됨
1	설탕 김치의 신정도 따라서
1	집된장 시판된장 1큰술
1	시금치 페스토
1	머위대 크게
1	국간장 1술
1	호박 채
1	표고버섯 편
1	양송이 편
1	죽순 편
1	청양고추 송송 썰어
1	취나물장아찌
1	안심크랩
1	크레송
1	검은깨 큰술
1	풀국
1	불린찹쌀 400g
1	칼국수 275g
1	청량고추 작은것
1	굵은멸치 1팩
1	파스타면 파르팔레 사용
1	소금 면수 용
1	크림 생크림
1	휘핑크림_무가당
1	페투치네파스타면
1	잔멸치 작은공기
1	피스타치오 등 견과류
1	콩비지 2국그릇
1	꼬막 깐거
1	어맆잎
1	설탕 사과양의
1	소금집간장
1	가운데 구멍뚫린 어묵
1	특란
1	오레오오즈
1	중간무
1	홍피망 작은것
1	회 곤약
1	차이브
1	설탕 1/4~
1	고구마小
1	크래미 맛살 2개
1	소면진공숙성
1	페퍼 시즈닝
1	멸치갈은거
1	자숙소라
1	조기 큰것
1	중면 500원크기 2번
1	삶을물 면의 2배
1	봄동 1포기
1	행운의문구적은종이
1	알배추 먹을
1	냉동 큐브형 아보카도 6큐브
1	버터 팬에 바르는용도
1	양파우려낸물
1	물열
1	들기름 계란 1개 당 들기름 1/2숟갈
1	대파 손가락중지 길이
1	쌀뜬물 2국그릇
1	배 껍질 벗긴
1	아라비따소스
1	간 마늘 2+
1	로즈메리 가루 1+
1	원통어묵
1	오이 통오이
1	된장 땡초된장 선택재료
1	땡초 다진것
1	인스턴트사골곰탕 500G
1	게장 양념
1	무 김치
1	진목이버섯
1	냉동 생선살 1포
1	튀김가루 3소주잔
1	맥주 4.5소주잔
1	아귀 중자크기
1	찜용 콩나물 작은거 두 봉지
1	만득이
1	돼지고기 사태살
1	양파 큰거 얇게 슬라이스
1	감자 중간크기 얇게 슬라이스
1	쑥갓 간장
1	진간장 8큰술
1	물 종이컵1.5컵
1	통조림 콩
1	체다치즈 간 것
1	김자반 대체가능
1	홍고추 송송 썬 것
1	대파 어슷 썬 것
1	불린건표고버섯
1	맛간장 없으면 양조간장:설탕비율 2: 1
1	버터나 식물성 오일
1	가자미 소금간 된것
1	동치미 무우 중
1	대파 생략가능 1뼘
1	천일념
1	토마토 국물
1	무청우거지
1	소주 3술
1	꿀 마늘청 1술
1	김치콩나물국
1	마늘 +α
1	천연조미료육수 or멸치육수
1	돼지고기 불고기​
1	매실액 물엿으로 대체가능
1	엔젤헤어 면
1	까나리액젓 1+
1	깻잎 다다익선
1	무 0.5cm 통썰기한
1	냉동새우 100g
1	방울토마토 토마토 2개
1	파프리카 고명
1	손질한 열무
1	무우小
1	불린 콩물
1	광어필렛 180g
1	쌀 150g
1	대파 30g
1	대파나양파
1	검은 찹쌀
1	작은크기 마늘
1	슬라이스한 레몬
1	토마토소스파스타소스
1	여기에 신의 한수인 청양고추
1	단호박 찐것
1	포고버섯
1	당근 채썬 것
1	매실청 취향껏
1	오징어 몸통만 사용
1	마른 오징어 다리
1	배추 잎 어른 손바닥 크기
1	버터 반죽
1	필링우유
1	요거트마요네즈
1	황귀
1	다진 적양배추
1	식초 2+
1	통후추 후추가루 가능 3바퀴
1	돼지고기 1.5종이컵 잡채용 뒷다리살 가능
1	마늘 10g
1	식용유 24g
1	고운고추가루 14g
1	케찹 20g
1	매운 카레가루 16g
1	마늘대
1	냉이 데친 것
1	체리청
1	볶은 쥐포
1	소면 100원 동전크기
1	이금기 훠궈 마라탕소스
1	스테인레스믹싱볼
1	사각글라스락
1	훈제오리 큰거
1	찹쌀가루 200CC
1	물 3400CC
1	면국수
1	사이푼국수
1	다진마늘 1ts
1	다진 타이고추
1	물 곰솥기준 가득
1	요리수 or미림
1	어린잎채소+샐러드드레싱
1	고추가루 저는 생략 했음
1	한우 설도
1	간장 찻잔기준
1	물 간장의 3배!
1	진젓
1	천연조미료 멸치+새우+표고가루
1	매콤 고추장
1	청주 등
1	커피알
1	피타 브레드
1	갈치 1마리
1	고추기름 식용유+고춧가루
1	스프레이 휘핑크림
1	시판 왕교자만두
1	​당면
1	쇠고기 1줌 국거리
1	물찬물
1	굴소스 듬쁙
1	시래기 1뭉치
1	​ 감자
1	멸치 달걀
1	트러플소스
1	시금치소
1	봄동 겉잎
1	오이 작은거는1.5개
1	라퀴진 롱 에센뽀득
1	볶은당근 중간크기 1개 분량
1	물 1000cc
1	곰피
1	만두 대략 200g
1	쭈꾸미 8마리
1	청색 청양고추
1	홍색 청양고추
1	벌교새꼬막
1	부침가루 작은국자로 3번
1	쌀가루or전분가루
1	​된장
1	조선파
1	무 1덩어리
1	약재파우치
1	팬케익가루
1	설탕시럽
1	닭 윗봉 날개
1	라면 일인분에
1	시판 키위드레싱
1	양배추 반통
1	계란 특란
1	감자 특크기 1.5kg
1	파프리카 3개
1	청오이 1개
1	뚜레쥬르 식빵
1	남양떠먹는 요구루트 85g
1	소금 감자삶을때
1	설탕 감자삶을때
1	양배추 소금
1	양배추 설탕
1	오이 소금
1	파프리카 소금
1	소양지
1	닭 근위 500g
1	소주 데칠때
1	마늘 저민거 생략가능
1	육수다시마
1	무우 작은것
1	생강 작은크기
1	호두 선택
1	곶감 선택
1	매운고추 풋고추
1	랍스터 게살
1	일본 계란 간장
1	설탕 절임용
1	올리고당 무김치용
1	올리고당 오징어무침용
1	바베큐립용 등갈비
1	와플팬
1	애송이버섯
1	청고추 선택
1	육수 멸치 다시마 파뿌리
1	비트 김밥단무지대신
1	건조 다시마 10cm
1	녹차잎
1	수제조미료
1	망고 =냉동 망고1.5컵
1	감자 계란크기
1	지퍼 팩
1	모둠버섯 원하는
1	소주 1/5병
1	마요네즈청양고추맛
1	한우 양지머리
1	연근 중간크기
1	피클스파이스
1	시판 소갈비찜양념장
1	생강물
1	청 사과
1	키위소스
1	안심 스테이크
1	조기 중간크기
1	김치 잘게 썬 1밥그릇
1	우유 소주
1	물 소주
1	푹익은 김치
1	코코넛분말
1	사이다 캔
1	밀가루:튀김가루 일대일비율
1	우엉 생략가능
1	농심후루룩메밀소바
1	쌈무 다진무
1	다시마 멸치
1	꼬막 캔
1	실란트로 1묶음
1	게세마리 액젓
1	매운고추 다진것
1	사이다 묽기 원하는
1	당근자른것
1	소면 생략가능
1	식빵 가장자리
1	황태채 15g
1	대패삼겹살 두루치기
1	유기릇세트
1	질금 티백
1	빨간파프리카 토핑용
1	쌀 1인분
1	당근 즙
1	비트 즙
1	케이준가루
1	무절임용 물
1	요구르트 1병
1	설탕 이나 매실엑기스
1	당근 5cm 길이
1	멸치액젓 3술
1	우엉간장
1	올리고당 1/2병
1	바다소금
1	주
1	연근 800g
1	불린 쌀국수
1	치자그린색소
1	파프리카주황색소
1	찹쌀반죽
1	소금물 2그릇
1	카라멜잼
1	오이 8cm길이
1	다시마 육수 물ok
1	홍차 약간 진하게 내린것
1	다시마 5* 3
1	매실청 선택
1	케일 작을때는 60장
1	양파 클때는 2/3개
1	키위즙
1	날 콩가루
1	시판 무지방 오리엔탈 샐러드 드레싱
1	차가운 생수 얼음포함
1	달걀 찐것
1	볶음탕용 닭 1kg
1	샐러리 20cm
1	토마토 스파게티 소스 600ml
1	땡초 생략 가능
1	꽁치통조림 1캔
1	조리스푼
1	참외 큰것
1	쑥갓 냉장고에있는채소
1	파 30g
1	물 두부통 기준
1	갈치중
1	물 720ml
1	콩 삶은 물
1	소금 or다시다
1	연근 마트용 1묶음
1	바닐라빈 2~3방울
1	오이노
1	효소
1	효소 김붙임용
1	요구르트 1/2병
1	찹쌀가루 모찌코가루
1	중국 당면 10가닥
1	불닭까르보 소스
1	크림파스타 소스
1	조선호박 무
1	풋 호박
1	닭가슴살 통조림 210g
1	슬라이스 오이 피클
1	다진 돼지고기 1컵
1	부추 1/
1	도넛믹스가루
1	인삼잔뿌리
1	통조림 골뱅이 1캔
1	새싹채소 듬뿍
1	부드러운 두부 찌개용
1	붉은 파프리카
1	복분자 청
1	복숭아천도복숭아 과육
1	돼지고기 삶아낸 육수
1	왕쥐포
1	순두부 200g
1	소금 +0.4큰술
1	바질파우더
1	대파 한토막
1	다시마멸치티백
1	쪽파 기호에맞게
1	가지 큰거
1	죽순통조림
1	꽃빵화권
1	녹말가루물녹말
1	상추 5~6잎
1	얼갈이배추 속대
1	갓지은 찹쌀밥
1	야채육수 더 필요할 수 있음
1	닭봉 500g
1	명태채
1	반건조 코다리
1	계란 약 3개
1	송송 썬 파 200ml
1	샐러드용 채소 로메인 상추
1	뉴그린
1	고수 생략가능
1	고추씨 매콤한맛을원하실경우
1	올리브유 퓨어
1	통마늘 편
1	올리브유 삶은면에 사용
1	돼지고기 수육용 앞다리살 사용했어요
1	30분 불린 쌀
1	배추잎 작은사이즈
1	자멸치
1	간장 멸치의 간에따라 달라짐
1	까르보나라 소스
1	라면 사리 2인분
1	아마씨오일
1	닭가슴살매직반죽
1	멸치다시마 육수팩
1	파 잎부분
1	잘 익음 김치
1	삶은 문어 250g 1접시
1	바비큐 소스
1	가쓰오국물
1	도토리묵 손바닥
1	기타 야채
1	짠두부
1	김 작은거
1	체리 먹을
1	오뎅 마음대로
1	후추 생략가능 기호에맞게
1	새우껍질
1	김치 썬 것 1대접
1	콩 종류는 자유롭게
1	견과류 옵션
1	새우젓 국물만
1	냉면 무
1	튀김기름 넉넉하게
1	신김치 줄기
1	간 통깨
1	튀김 먹고싶은
1	미림 청주
1	청양고추 1조각~1개
1	계핏가루 조절가능
1	슬라이스치즈 or피자치즈
1	사과 480g
1	통밀빵
1	버섯 버섯볶음
1	토스트기
1	샐러리잎사귀부분
1	중화풍마파두부소스
1	다시마육수 4대접
1	굵은소금 1/2술
1	매실청 1술
1	열무물김치 냉면기 1그릇
1	팽이버섯소
1	연어 구이용
1	대구 스테이크용
1	피클용기
1	손질한 오징어 200g
1	큰고구마
1	골든커리
1	돈육안심
1	메밀 부침가루밀가루 부침가루
1	바질 있는 경우
1	타임 있는 경우
1	대파나 깻잎
1	치즈떡 아무떡가능
1	약고추장 듬뿍
1	애호박 5센티
1	토란대나물
1	자몽소주 2소주잔
1	토닉 2병 x 장미토닉이 없음 일반토닉가능
1	얼음 탁구공 만한 각얼음 큰거
1	작은거 6개
1	칵테일용 빨대
1	칵테일용수저
1	꽃게 원하는
1	대하 원하는
1	무가당 플레인요구르트
1	양파 썰어서
1	찐 호박고구마
1	파프리카 다진 것
1	적양파 다진 것
1	적양배추 다진 것
1	양배추 다진 것
1	닭다리 살 작은 것 250g
1	다시마 15x 15
1	소고기 아주얇게
1	불고기감 홍두께살
1	사골육수물
1	아욱꼭짠거
1	대멸
1	밀가루 중력분 2cups 이나 박력분
1	사과대
1	헤비휘핑크림생크림
1	바닐라에센스 1Tsp
1	파우더슈거 2Tsp
1	젤라틴가루무맛
1	칼루아 생략가능 3~4방울
1	푸주
1	소고기 200g
1	나박썬 무우 3센티두께종이컵으로2컵
1	요리에센스연두
1	베이컨 식빵길이
1	스파게티 160g
1	양송이버섯 아무버섯이나 상관없어요
1	다시마 손바닥만한 거
1	다진파 1+
1	버터 취향껏
1	돼지고기 삼겹살 덩어리
1	리얼연어롤게살
1	꽈리고추 간장
1	물 3200cc
1	설탕 200g
1	간장 500cc
1	물엿 200cc
1	다진 파 고명용
1	바질 6~7잎
1	무친 시금치
1	카레가루 3~4인용
1	오징어 小
1	​키위
1	견과류호도 호박씨 아몬드 아마씨
1	올리브유 샹략가능
1	느타리버섯백선 순정 곤지7호
1	청양 청고추
1	삶은 고사리 약2.5줌
1	명란젓 2개
1	해바리기씨
1	진간장 1숟가락은 삶을 때 사용
1	홀그레인 디종 머스터드
1	춘장 시판용춘장
1	홀래디쉬 머스터드
1	코리앤더
1	투메릭
1	무 약1/2개
1	설탕 200ml
1	식초 200ml
1	구운김 조미 선택
1	실파 썬 것
1	조리용스파츌라
1	구운 진미채
1	샤브샤브국물
1	고등어 구이용
1	쌀뜨물 비린 맛 제거용
1	곤드레나물 말린것 기준
1	소독용 식초
1	타바스코 5방울
1	시판용 돈까스 소스
1	삭힌 깻잎 절반 체에 받쳐서 소금기 제거후 무게
1	슈가파우더 많이
1	식초 스푼
1	등갈비 1kg
1	물파래 250g
1	통감자소
1	고춧가루 매운것
1	치킨 참치
1	꽃상추 200g
1	파이렉스계량컵
1	대하 1Kg
1	고춧가루 2/3+
1	사과채
1	아가베시럽꿀
1	양파요리당
1	돼지불고기
1	돼지고기 머릿고기
1	통 고추
1	새우젓맑은국물
1	멸치육수 한알
1	토마토 작은것
1	어니언크림드레싱
1	​닭가슴살캔
1	부침가루 200g
1	염장해파리
1	노랑 각각 1개
1	오뚜기 겨자냉채소스
1	버섯 목이버섯 표고버섯 느타리등
1	볶음 조림용 간장
1	로메인초록잎
1	라디치오보라색잎
1	케이준스파이스
1	시럽 설탕+생수
1	밥 갓 지은 밥
1	깨 8번정도 털기
1	잘익은 배추김치 1/2등분
1	밀싹 파우더
1	훈제 햄
1	우유 무지방×
1	마 작은
1	식용유 1번
1	묵은지 총각김치
1	허브솔트 고기 밑간용
1	믹서기PN핸드블랜더
1	다진마을
1	아라비아타 토마토소스
1	그라나파다노분말
1	비비고도톰동그랑땡
1	부추정구지
1	올리브류
1	조림밤국 물
1	조림밤
1	색소 생략가능
1	꿀생강 물엿으로 대체가능
1	스팸통조림햄
1	다진 돼지고기 + 다진소고기
1	내장
1	비지가루
1	바질씨드
1	배춧잎 작은거
1	국간장 + 진간장
1	쪽파 파
1	리코타치즈 선택재료
1	애플민트 잎
1	식용색소 생략 가능
1	빼빼로 스틱
1	딸기 초콜릿
1	소고기샤브샤브 차돌박이
1	메밀국수 면
1	김 취향껏
1	무 1cm두께 통으로 사용
1	치즈 김밥용
1	김장김치 32잎
1	고들빼기
1	전 종류별
1	비엔나소세지 135g
1	어묵 110g
1	절임고추
1	자른부추
1	진간장 4병
1	깐 멸치
1	노각 750g
1	통들깨 고명용
1	다시티백 감칠맛
1	시즈닝소스
1	돼지고기 오겹살과 삼겹살
1	한방즙 생략가능
1	비프스톡 농축액
1	오이피클 다진 것
1	딸기청
1	아마씨통깨
1	마라 페이스트
1	쌀 계량컵 기준
1	당근 5슬라이스
1	언양식 불고기
1	그외
1	레몬or라임
1	정종 or화이트와인or맛술
1	맛간장 없으면 진간장
1	돼지고기 1/2근
1	버섯 느타리
1	팽이등
1	갖은채소류 저는 옥수수
1	참치통조림 작은거
1	잡곡밥 없으시다면 불린쌀 1컵
1	베이컨 75g
1	꽃게중
1	멸치육수 3머그컵
1	삼계닭
1	황기 등 약재 팩
1	쌈추
1	콘옥수수 1작은캔
1	사과즙배즙
1	삼계탕용 생닭 1마리
1	양파 필요
1	훈제닭가슴살 3팩
1	고슬하게 지은 밥
1	돼지삶은국물
1	무 자른 것
1	소고기 or돼지고기살코기
1	감자 크기에따라
1	홍고추 생략 가능
1	​홍고추
1	생강 손톱
1	전분물 전분 1T +물
1	다진 신 김치
1	김가루 고명
1	파 수북히
1	오이절임 물
1	배 550g
1	양패
1	소금 200ml기준
1	꽃당근
1	다시마 5센치
1	밀가루 계량컵 기준
1	야채 무 당근 감자 버섯 등
1	딸기 선택
1	소주나 맛술
1	완성대접
1	봄동 6잎
1	머위대 1단
1	선드라이토마토
1	우엉 큰것
1	떡 2.5밥그릇
1	만두 1.5밥그릇
1	물 떡양의두배
1	멸치 1/2밥그릇
1	날계란
1	양배추 원하는
1	머루 엑기스
1	닭 9~10호
1	치킨스톡 1블럭
1	순두부 700g
1	저염 스팸
1	달걀 150ml
1	포도씨유 75ml
1	우유 150ml
1	핫케이크가루 500ml
1	크림치즈 200ml
1	슈가 파우더 100ml
1	물미역 1/2다발
1	불짬뽕라면
1	핫도그용 빵
1	오이피클 작은것
1	버터 작은것
1	시판 장조림
1	당근 300g
1	브라우니틀
1	버섯 우린물
1	생크림 선택
1	오뚜기 프레스코 해바라기유
1	오뚜기 크림스프
1	﻿﻿아욱
1	​연근
1	명태 작은것
1	꽈리고추청양고추
1	식초 계란세척용
1	LA 소갈비
1	물 통조림통
1	복숭아 900g
1	대관령 눈마을 황태포
1	통밀 쿠키
1	굴 大
1	스파게티면 200g
1	생새우or칵테일새우 껍질 깐
1	빨간 파프리카 작은것
1	청경채 고명용
1	다진 감자
1	다진 스팸 100g
1	크림밀락골드
1	자숙새우흰다리새우살
1	청경채 묵음
1	강황
1	명엽체
1	치즈 소봉투
1	참 취나물
1	황태 30g
1	스테이크용 소금
1	냉동 업진살
1	갈치 작은 사이즈
1	다시마 5*15cm
1	밥 2/3밥그릇
1	명란 1/
1	밀크코팅쵸코렛
1	다크커버춰쵸코렛
1	크로칸트
1	절단 생닭
1	명란젓 200g
1	새우 육수
1	물 2비율
1	식초 1.5비율
1	설탕 1.5비율
1	소금 1비율
1	굵은소금 나물데치기용
1	가루육수
1	깍두기 다진것 2밥그릇
1	다진 햄 1밥그릇
1	다진파 한줄기 이상 1밥그릇
1	조림 골뱅이
1	오징어채북어채
1	밥 4배죽
1	오트밀 4배죽
1	채수 육수
1	저염 청국장
1	순한맛 고형 카레
1	카레 분말 매운맛
1	돼지고기간것 백세주잔기준
1	양파 양파반쪽하고약간더
1	대파 2/3대
1	간장양념
1	쌀가루멥쌀
1	피칸호
1	커피빈초콜렛
1	소금뿌린 생고등어 필렛
1	가지 작은 거
1	간장 쯔유3간장 2
1	​ ​ 물
1	소고기 기름기 없는 홍두깨살
1	돼지족발한세트중
1	머우나물
1	창란젓 2/3밥그릇
1	스테이크용 소안심
1	가지 작
1	껍질콩
1	시판 스테이크소스
1	동태 10점
1	미삼
1	다진마늘 안넣으셔도 되요
1	식초 취양껏
1	무 12센티
1	유부 15장
1	허브딜
1	전복 작은걸로 12미
1	파프리카 붉은색
1	건 조개살
1	사골 스지 삶은 물 대체 가능
1	느타리버섯 생략 가능
1	썬 홍고추 생략 가능
1	목장갑
1	불린 자른 미역
1	잘익은묵은김치
1	굵은 소금 세척할때
1	일반 소금 절일때
1	채썬 무 1/2대접
1	곡물핫도그빵
1	랍스틱
1	굴소스 기호에 맞게 가감
1	어묵 50g
1	무 나박썬거
1	염장 모듬 해초
1	배추 4~5잎
1	구운마늘칩
1	자몽식초
1	무말랭이 국그릇양
1	말린고춧잎
1	PN풍년 압력솥 6~8인용 이상
1	샤르텐솔리도IH궁중팬
1	꾸노멀티미니믹서
1	껍질 완두콩
1	파프리카 엄지마디
1	건새우 많이
1	청량고추 선택사항
1	옥수수전분가루 많이
1	시판용 바베큐소스
1	토마토소스 150g 1/2병
1	반숙 달걀
1	깍두기 1/2밥그릇
1	톳 나물
1	식용유&참기름 섞어서
1	해표옹가네진간장
1	파스타용 면
1	닭날개 13개
1	파마산 치즈가루 생략가능
1	고바 멸치
1	핫케이크가루 400g
1	물엿 선택
1	닭 10호 기준
1	레몬 손질 후 약 600g
1	애호박 소 1/
1	물 부침.튀김가루분량의반보다약간많도록!
1	식용유 카놀라유 부침1장당 -1T
1	무항생제 닭
1	삼계탕용 약재
1	라면스프 취향껏
1	조개멸치 된장
1	청국장 가루
1	깐 양파
1	건 바질가루
1	시판 동치미 냉면육수
1	묵은 갓김치
1	멸치다시다티백
1	비엔나소세지 크기에따라 조절
1	참치통조림 소
1	알배추소
1	표고 가루
1	다시마 가루
1	육우 민찌
1	토마토 홀 캔
1	대파 큰 대파
1	전분물 전분0.5T+물
1	보쌈용 돼지고기
1	석류즙
1	김장김치 1컵
1	콩나물 380g
1	시판용 맛간장
1	미강유
1	무 1/6개
1	비엔나 햄
1	사리 라면
1	샤브고기
1	신문지
1	다시마디포리농축육수
1	황매실청
1	육수 다시팩+표고기둥+다시마
1	참치두부마요 샐러드
1	돈가스소스스테이크
1	건포도 or건베리류
1	강황바몬드카레
1	베트남고추페페논치노
1	땅콩 1국그릇
1	설탕흑
1	간장양조
1	밥죽
1	오징어몸
1	묵은알타리무
1	쌀뜨물 기호에 맞게 가감 1대접
1	풀치머리or다시멸치 갈치포새끼포
1	​마늘
1	명태포 or북어포
1	이탈리안양념
1	​스파게티소스
1	청하 1병
1	마른 북어채
1	가쓰오부시육수팩
1	마른다시마 작은크기로
1	휘핑용 생크림 옵션
1	밀국수
1	명절 남은 전
1	무설탕요플레
1	익은 무김치 1대접
1	배춧잎 4~5장
1	대파푸른잎
1	육전용 소고기
1	바라 깻잎 데친것 1대접
1	치킨튀김가루 듬뿍
1	절인 배추
1	건표고버섯채 2줌반
1	감자샐러드
1	허브채소
1	셜롯
1	파슬리 작은
1	두무
1	양파줍
1	옥수수분말
1	전복 작은것
1	고추가루 수북히
1	고등어 추어탕
1	레드페퍼홀
1	샐러리 6잎
1	추부깻잎
1	김치 2잎
1	무염 청국장
1	간장코지
1	조림용멸치
1	천연조미료가루
1	오이고추장아찌
1	생닭 12호
1	이탈리안허브 믹스
1	쇠고기 갈은 것
1	각종허브가루
1	아가베시럽 or꿀
1	새알만두 or두부
1	꿀 듬뿍
1	건식 멥쌀
1	스테인리스솥
1	찜그릇
1	푸주 불린것
1	돼지뒷다리살 얇아야 함
1	중
1	백미 3~4그릇
1	양조간장 1/2밥그릇
1	정제코코넛오일
1	​ 버터
1	우스터소스 3tbsp
1	케첩 5tbsp
1	버터 3tbsp
1	오징어 중 사이즈
1	쏭쏭 썬 부추
1	유자 즙
1	블루베리 + 복분자
1	소시지 긴거
1	세멸치
1	아로니아 냉동
1	레몬 껍질깐
1	시판용누룽지 70g
1	사골국물 1.2L
1	무우 1/2뼘
1	창 참기름
1	전분물 물과녹말가루 1:
1	디핑소스
1	시판 롤 유부
1	버섯 원하는버섯으로
1	페퍼론치노 먹을
1	긴 사이즈 유부
1	재래김 8장
1	참깨 야채
1	소고기 불고기샤브샤브용
1	참가자미 대
1	미역 1대접
1	물 5대접
1	청포도청청포도
1	탄산수 350ml 1병
1	거봉 청포도 청이 없으면 워터팝 청포도로
1	탈리아텔리
1	우리콩된장
1	크레미맛살
1	레몬술
1	돼지등뼈 2500g
1	우거지얼갈이배추
1	탕용 들깨가루
1	닭다리살 북채닭다리살
1	국간장 어간장
1	기타 해물
1	요리 어묵
1	시판용 칼국수
1	배추김치 가득
1	밀가루튀김가루
1	양배추 컵
1	양배추 채 썬
1	가시오가피 순
1	건포도 기호에맞게
1	돼지고기 수육용 삼겹살
1	냄새잡는 한약재 없어도됨
1	늙은호박 껍질벗긴
1	토마토 주먹크기
1	오리 가슴살
1	동태포 700g
1	위생비닐팩
1	청국장 짜지않은것
1	튀김기름 컵
1	로메인상추 자른 것
1	파슬리 잎 장식용
1	드라이 머스타드
1	타임 가루
1	코셔소금
1	맛소금 밑간
1	진간장 56g
1	물엿 120g
1	꿀 72g
1	고추기름 12g
1	고운고추가루 28g
1	케찹 크게 40g
1	짜장가루 30g
1	소고기설도
1	배즙 건더기까지사용
1	올리고당 설탕사용가능
1	다진파흰부분
1	파인애플통조림 생략가능
1	불고추
1	올리고당 설탕
1	참외국물
1	얼갈이속
1	생수 2리터 2병
1	손질한 가리비
1	채썬 호박
1	식용색소 선택사항
1	김치 참치와 동량
1	생강소스가루나 즙
1	스키피땅콩버터
1	삶은게란
1	쑥갓 1잎
1	동치미무 작은거
1	도톰한 어묵꼬치
1	표고버섯소금
1	여린쑥
1	물 or쌀뜨물
1	동죽조개 or바지락 20~30개
1	포션가염 버터
1	자숙 골뱅이
1	춘장 200g
1	버섯 옵션
1	불린쌀 종이컵 약1컵
1	달래 2T
1	망고 주스
1	간장 3분의1컵
1	다진마늘 통마늘도ok
1	커피 생략가능
1	자른 건미역 크게
1	문어 잘게 썬
1	생강술 or생강가루
1	밀가루 + 부침가루 반반
1	쌀 불리기전의 양
1	소금 소량 1/3~
1	시판 감자수제비
1	골뱅이大
1	유기농 한우등심
1	닭 6호닭
1	전복 12cm
1	삼계탕재료 국물용팩
1	들통
1	메밀나물순
1	파스타면 삶은물
1	부침가루 1비율
1	카레가루 1비율
1	백도 요거트
1	왕 각 얼음
1	시나몬파우더 생략가능
1	돼지 족발
1	대패삼겹살 or돼지고기
1	말린 표고버섯 나물
1	청포묵 380g
1	완두콩캔
1	분말짜장
1	김치 200g 1접시
1	멸치다시육수 600ml
1	김치국물 깍두기국물
1	대파 큰거 흰부분
1	무 편썰기
1	열무 1단
1	다진 생강생강즙
1	엠에스지
1	떠먹는 플레인 요구르트
1	레드커리페이스트
1	황태 찢은 것
1	소금 입맛에따라
1	새우 12미
1	나무꽂이
1	붉은대게살
1	당근 4cm 2마디
1	후추 5바퀴
1	자숙골뱅이
1	베이컨 길이가 짧아요
1	쌀뜬물 2머그컵
1	감자 남자주먹 만한거
1	부침용기름
1	씨겨자 or허니머스타드
1	계란후라이팬
1	햅
1	건다시마 손바닥 크기
1	너구리 매운맛
1	냉동관자
1	다시다 가루
1	무 채친것
1	감자 254g
1	청양고추 12g
1	홍고추 15g
1	돼지갈비 600g
1	​한방재료
1	다시마물 2소주잔
1	설탕 0.5소주잔
1	당면 먹을
1	사골육수 시판
1	공병500ml
1	횟감용 생연어
1	부탄가스
1	랩 or비닐
1	고등어 중
1	아카시아 벌꿀
1	눅진김
1	밤 깐것
1	식용유 2+
1	중간입자 고춧가루 3~4g
1	매실액기스 10g
1	물엿 30g
1	마요네즈 15~20g
1	표고버섯 小
1	어린열무
1	소고기 꽃등심 부위
1	로즈마리 잎사귀
1	마늘잎
1	곱게 갈은깨
1	마요네즈 수북
1	유정란 달걀
1	아가베시럽 이나 꿀
1	닭가슴살 육수
1	길쭉이 호박
1	작은 청양고추
1	밀가루 252g 1-
1	베이킹파우더 3-
1	설탕 1테이블스푼
1	우유 295g 1-
1	녹인버터 3테이블스푼
1	팬에 바를 버터
1	액상조미료
1	도토리묵 570g
1	김 도시락용 크기
1	숙성치즈
1	양파 분말
1	산들애국내산한우
1	참기름 + 기름
1	고춧가루 300ml
1	마트파는 사골국물
1	깬 새우
1	간장 재료잠길
1	종이타월
1	콘 옥수수 170g
1	모둠알
1	닭 약2.5키로
1	구기자 생략가능
1	말린 엄나무
1	뽕나무 생략가능
1	녹색채소 초록피망 오이
1	붉은색채소 당근 빨간피망
1	꿀식초소스
1	얇게 썬 돼지고기
1	물엿 2바퀴
1	다시마 육수나 쌀뜨물
1	버터 크게 1덩어리
1	루꼴라 페이스트
1	채 썬 청양고추
1	채 썬 홍고추
1	채 썬 쪽파
1	애호박 약5cm
1	후춧가루 뿌리기 3번
1	고기 삶는 티백
1	우유 리챔반캔
1	배추김치 송송 썬 것
1	부침가루 부침가루1/2:튀김가루 1/2
1	오일 식용유 김치전 1장
1	부추썬것
1	초기 쌀가루
1	백태흰 콩
1	김치 큰것
1	맛실
1	중화면 5개
1	배즙 국물만
1	탄산수 작은것
1	찹쌀 4컵
1	가시오가피 순 삶은거
1	다진 파 t
1	시나몬가루 선택
1	새송이버섯 작은 것 큰것1개
1	쌀뜬물 3.4리터
1	짜장파우더
1	물 넣어도 되고 안 넣어도 됩니다
1	망고잼
1	백설식빵믹스
1	깐녹두
1	쌀 한줌 쌀가루
1	생강가루나 생강즙
1	소금 입맛에 따라
1	맛선생
1	아귀 1마리 800g
1	다마리간장
1	해바라기씨 등
1	청랑고추
1	풀치
1	파래 180g 3덩어리
1	건 꼴뚜기
1	손질된 고구마줄기
1	김치 잘게 썬 1/
1	식빵 10쪽
1	홀그레인머스터드 생략가능
1	계란 옵션
1	코다리중
1	무청 집에 있는대로
1	망고 콩포트
1	참치캔 선택
1	냉동대패삼겹살 3/4냉면기
1	쌀뜨물 종이컵 5컵
1	불린 호박
1	가느다란 대파
1	한우 육회용 소고기
1	면삶기솥
1	비빔면대접
1	끓인사골육수
1	돼지고기 삼겹살부분
1	허브월계수
1	왕새우 15마리
1	배부른 고추장
1	울금가루 생략가능
1	삼겹살 or2줄
1	물 2400CC
1	동태 포뜬것
1	쑥갓 옵션
1	김 구워서 판매되는 김
1	김조미김
1	멸치육수 2~3그릇
1	무 흰쪽 작은것
1	말린 파 뿌리 생략가능
1	닭다리 15개
1	조림 진간장
1	애호박 썬 것
1	멸치무말랭이다시마육수팩
1	포장된 가래떡
1	오이 30g
1	불린 팥
1	돼지고기 구이용 목살
1	맛술 고기밑간
1	굴소스 고기밑간
1	대파 큰종이컵
1	쪽파 작은종이컵
1	올리브유 작은종이컵
1	소고기살코기
1	와인맛술
1	무뼈 하림닭발
1	생강가루나생강고추가루
1	치킨윙
1	바비큐 솔트
1	깻잎 약40장 5묶음
1	참치간장
1	쪽파 50g
1	톳 5~10가닥
1	표고버섯 꼬다리
1	다시다 선택
1	​순대
1	야끼소바소스
1	가쓰오브시
1	번데기통조림 한캔
1	밀떡볶이 떡 400g
1	땅콩기름
1	한돈 등심
1	숙주 1~2접시
1	산적
1	대추달인물
1	소금 1/3-
1	하림 닭볶음탕용 닭
1	하림 닭다리
1	찬밥 듬뿍
1	게장 간장
1	고추 기호에따라서
1	판체타
1	토마토 켄
1	볼로네제 소스
1	돼지고기등심 300g
1	미트해머
1	삶은 면
1	해산물 원하는
1	국간장 대체가능
1	올리브 선택
1	부산꼬치 어묵
1	육수팩 해물
1	편마늘 여러개
1	닭 1키로 내외
1	삼계 한방재료 35g
1	마늘 15개
1	고운들깨가루 180ml
1	찹쌀가루 80ml
1	참기름 큰술
1	레드와인식초
1	당근 2cm 길이로
1	묵은김장김치
1	시중사골육수
1	물 자작할
1	돼지고기삼겹살 목살 앞다리살
1	시판 소갈비양념
1	양파볶음 잔반찬
1	돼지등심느타리파프리카볶음
1	참치 120g
1	매생이 1덩어리
1	깻잎기름
1	먹고 남은 돼지고기 수육
1	연근 작은사이즈
1	저염식 소금
1	판젤라틴 1.5g
1	멀티큐브
1	엿기름 1회분
1	밥 1밥그릇
1	배추 속배기
1	파프리카 링
1	관자살
1	단풍콩잎 2묶음
1	다진 매운고추
1	수제 어묵
1	녹차 가나슈
1	냉동 호박
1	토마토 미트소스
1	쇠고기양지국거리
1	무우 400g
1	다진마늘 18g
1	국간장 11g
1	고기볶아줄기름
1	청양고추다진소스
1	절인 오이
1	절인 무
1	혼합후추
1	허브시즈닝
1	소금 평평하게
1	식용유 1.8L 2/3병 1.2l
1	멸치+다시마 육수
1	땡초 고춧가루
1	저염 명란젓갈
1	오모리김치찌개라면
1	비엔나소세지 물
1	다진 개조갯살
1	쌈채소 15잎
1	양파 중간거 100g
1	식용유 10g 고기 기름기가 적을때
1	미림 4g
1	설탕 2~3g
1	맛소금 0.5g
1	고추가루 10g
1	설탕 10g 양파 안썻으면 1스푼 추가
1	굴소스 7~8g
1	햄버거스테이크
1	양송이큰것
1	자숙 우렁살
1	파 손가락한마디
1	다시마 15cm
1	색소 소량
1	물 200cc잔
1	새송이버섯 큰크기
1	양파파우더
1	꼬치전
1	다시마 10 * 10cm
1	타마린소스
1	된장 짠 정도에 따라 가감
1	파인애플 원형 슬라이스
1	피망 or풋고추
1	설탕 흑설탕
1	데친 포항초시금치
1	참치액 가감
1	작년김장 김치
1	묵은파김치 있으면
1	토마토페이스트 크게
1	양파 작은크기로
1	꿀 or물엿
1	목전지살
1	요리당올리고당
1	새우.표고.다시마가루
1	달래 70g 1묶음
1	메추리알 20알
1	새우왕만두
1	카레가루 1인분
1	냉동돈가스
1	식용유 돈가스가잠길
1	와사비 기호에따라 조절가능
1	고추기름 식용유
1	냉동 미니 돈까스
1	깍둑썬 무
1	속배기 배추 1kg
1	상황버섯차
1	고형다시
1	생수 1/2머그컵
1	말린표고버섯 생것도좋음
1	부춧가루
1	말린새우육수
1	다시멸치 일반멸치가능
1	매운고추 홍
1	둥근베이컨
1	마요네즈 가득
1	간멸치가루
1	참치 찌개용
1	맑은물
1	소고기 사태700g +우둔600g
1	엔초비
1	청양고추 or피망
1	묻힘용 밀가루
1	한돈 삼겹살 보쌈용
1	건크랜베리 25g
1	슬라이스아몬드 25g
1	무 손가락 크기
1	전골뚝배기
1	토마토소스 170g
1	마른미역 한줌
1	곰피 1묶음
1	마른김 돌김
1	물 고추가루
1	묵은지 1/4포기 기준
1	배 중간것
1	꿀 or설탕
1	냉동혼합야채
1	따끈한 물
1	대구포나 명태포 큰 것
1	냉장고속나물
1	만능 고추장
1	만능고추장
1	깐 녹두
1	빨대
1	짬뽕소스
1	냉동 중화면
1	대파 고추양
1	소갈비양념
1	정통부대찌개양념
1	소금코지
1	오므라이스소스
1	찐 꽃빵
1	고수 잘게 썬
1	할라피뇨 옵션
1	궁채 1뭉치
1	커피 들깨가루 3술
1	떡볶이떡 15줄
1	당근中 50g
1	초록색파프리카中 30g
1	빨강파프리카中
1	홍차
1	시판 흑당 시럽
1	냉동머위순
1	무우 0.5cm편으로썬
1	통조림햄 리챔
1	청양고추 수북하게
1	스리라차 핫소스 선택
1	다시마 손크기로
1	갈아놓은무
1	국수장국건더기
1	골뱅이 통조림 400g
1	항정살 돼지고기 찌개용
1	무우 중간 것
1	애호박 말린것
1	갈치 중
1	돼지고기삶은 육수
1	메주콩 흰콩
1	대파나 실파
1	숙주콩나물
1	PN뉴잔치팬
1	익은열무 얼갈이 김치
1	​돼지갈비 찜용
1	감자 작은것 1대접
1	탄산수 물 가능
1	푸실리 소금 약간
1	돼지 쪽갈비
1	시판용 만능멸치육수
1	야채 육수용
1	표고버섯밑간 물
1	표고버섯밑간 맛술
1	표고버섯 액젓
1	마늘 간장
1	양파 작은것 10개
1	오이 4개
1	로즈
1	갈비찜용 돼지고기
1	꿀 국자
1	막국수 메밀면
1	동치미 김치 국물
1	청양애고추
1	펜네 파스타면
1	게살크래미
1	계란 특란은3게
1	시판 홀스레디쉬 소스
1	짜장 분말
1	큰 육계 닭 1.5kg
1	건묵 1/2밥그릇
1	빙초산
1	환타오렌지맛
1	송송 썰은 묵은지
1	땅콩 너트 슬라이스아몬드
1	국거리용소갈비
1	인삼 6년근
1	시판 오므라이스 소스
1	자투리햄
1	파프리카꽁댕이
1	유자원액
1	도라지 갈은것
1	더덕 갈은것
1	소고기밑간 설탕
1	대파 하얀부분 4cm
1	페코리노치즈
1	통들깨 생략가능
1	마늘 큰술
1	배추 2망
1	갈치 작은
1	홍 가리비
1	검정비닐봉투
1	​식빵
1	검은깨와 볶음깨
1	물 고기가푹잠길
1	다진오징어
1	소면 100원짜리 동전크기의 1묶음
1	애호박 볶음
1	맛국물
1	칠리 플레이크
1	파슬리 등 허브믹스
1	소고기양지양지사태
1	연어구이용
1	Plain코코넛오일
1	1인분 쌀국수
1	아라비따소스 고추장 1/2t
1	쌀뜨물육수
1	돌미나리 350g
1	포도당
1	구연산
1	봄동 5잎
1	고등어 머리
1	꽃게 1마리
1	프리마테이스트칠리크랩소스
1	밥새우 기호에맞게
1	검은 후추가루
1	A4용지
1	후추 원하는
1	비트 줄기 원하는
1	파 원하는
1	통깨 원하는
1	대파 1/2대
1	물 2컵반
1	골뱅이캔 2개
1	생강 아기주먹크기
1	폴리쉬반죽전량
1	이스트 12시간이상 발효
1	맛
1	모둠 어묵 300g
1	배추 중간크기
1	쪽파 실파
1	까나리액젓 종이컵반컵
1	찹쌀풀 넉넉하게
1	천일염 1밥그릇
1	찹쌀가루 떡방앗간용
1	문어다리 3개
1	쌈무우물
1	광어회
1	땅콩 1밥그릇
1	곰국
1	대파뿌리 대파 1대
1	굴소스 1/3소주잔
1	잔치국수
1	머쉬멜로
1	버섯불린물
1	물 두부 담은 통 기준 3번
1	깻잎 선택사항
1	고등어중
1	동치미무 작은것
1	저염버터
1	세발나물 갯나물
1	바닐라 아이스크림 1스쿱
1	망고음료 240ml
1	고체 코인육수
1	곰슬이 콩나물
1	바지락 1봉지
1	신김치국물 깍두기국물
1	무 흰부분쪽으로
1	다시마 손바닥만한것
1	바닐라에센스 6방울
1	물 +2큰술
1	카놀라유 작은웍이 2/3찰
1	소고기 넓적다리살
1	식용유 3.5테이블스푼
1	단호박 580g
1	강남콩 이나 팥
1	육수 멸치+다시마+표고버섯
1	스팸 등 캔 햄 작은것
1	얼음물 생략가능
1	고구마 먹을만큼만 준비
1	콕콕콕 스파게티
1	의성마늘후랑크 소시지
1	대파 초록부분 고명용
1	참기름+현미유
1	날치알 낱개
1	달걀프라이 선택
1	팟타이 소스
1	스팸 등 고기가 될 만한 것
1	기름 야채볶을양
1	짜왕스프
1	전기레인지
1	크림 스파게티 소스 1병
1	화이트와인 청주
1	야채크래커
1	건고추매운
1	갑오징어 소
1	묵은지 배춧잎
1	무순 선택재료
1	송송썬 익은 김치
1	구기자
1	옥돔
1	꽃게 절단게 2팩
1	닭가슴살 약 3쪽
1	곡물 시리얼
1	플레인 요거트 40g
1	두부 연두부
1	순두부-개인취향
1	브로콜리 다진것
1	알타리 무김치
1	체다치즈 슬라이드
1	비엔나소세지 원하는
1	케챂 문어핫도그에 바를
1	닭가슴살 스팸
1	통밀 식빵
1	그릴팬
1	달걀튀김옷
1	울금가루
1	베이컨용 삼겹살
1	무 채썰기
1	고춧가루 원하는
1	데친 소세지
1	데친 소곱창
1	마트 사골곰탕
1	따끈한밥
1	생박
1	참치캔 2작은캔
1	스파게티면 딸리아딸레
1	대판
1	오삼불고기
1	브로콜리or샐러리
1	감자가루or밀가루or전분
1	감자가루
1	이탈리아시즈닝 선택가능
1	월계수잎 선택가능
1	파프리카가루 선택가능
1	지리멸치견과류섞은거
1	단호박 880g
1	채 썬 베이컨
1	파프리카세가지색
1	초기 쌀가루 3봉
1	손질해 자른 생미역
1	곱게 채썬 무채
1	배추소
1	밀가루풀 물
1	새우젓 소금대체가능
1	가루스프
1	청양고추고춧가루
1	고구마순 한봉지
1	xo소스 양념장
1	조미쥐치포채
1	소금 1/2tbsp
1	맛술 1tbsp
1	돼지고기 앞다리살 목살
1	장조림용 소고기우둔살
1	양조간장 200cc
1	칠리소스 매운맛
1	고추가루대체
1	피칸 원하는
1	모밀면 한묶음
1	김 잘라넣을
1	닭넙적다리살
1	무 + 다시마
1	고추가루 1+
1	부드러운 바게뜨빵
1	돼지고기장조림용
1	물 3/5냄비
1	흰파뿌리
1	마른 베트남고추
1	튜브형 와사비
1	진간장 불고기양념
1	진간장 볶음밥양념
1	애호박 두줌반
1	양파 두줌
1	편으로 썰은 마늘
1	칵테일새우 50g
1	콩나물 80g
1	물 550ml 2+
1	가지 아주 긴 가지 3개
1	올리브유 넉넉히
1	사과 식초 발사믹식초
1	시판가쓰오소스
1	큰 산낙지
1	다양한 버섯
1	흰후춧가루
1	건 생강 슬라이스
1	건 고추매운
1	생새우 큰 것
1	양조 간장 1+
1	채소 육수
1	헤이즐넛 프랄린
1	깔라만시
1	작은 알배추 잎
1	마른베트남고추
1	홈메이드맛술 맛술
1	달걀 350g
1	넉맥
1	다시마 10*5cm
1	느라티버섯
1	와인 1병
1	엄나무순개두릅
1	설탕 1대접
1	소고기양지부위
1	조미 안된김
1	오징어채 1냉면기
1	어묵 180g
1	국간장 홍게 간장
1	발사믹시초
1	우유 1인분 기준
1	백설제일제면소칼국수면
1	식빵 1봉지
1	감자 패티
1	초록 사과
1	청포도 장식용
1	고추가루 2술
1	진간장 1.5술
1	고시히카리 쌀밥
1	물 1T
1	안성탕면 분말스프
1	굴소스 1.5t
1	감자 350g
1	육수만들어진것
1	시판안동찜닭양념
1	이스트IDY
1	상온에 둔 말랑거리는 버터
1	바닐라설탕 1포 생략가능
1	미지근한 우유
1	시나몬 파우더 생략가능
1	다진소고기 약 150g
1	칠리콩 통조림
1	모듬 피클
1	양파다진거 선택
1	건 다시마채
1	김밥세트
1	인삼 잔뿌리
1	고추장 집에서만듬
1	쪽파 젤로작은단
1	얼갈이절일양
1	청양고추 없으면 생략
1	찹쌀풀 1냉면기
1	﻿﻿쪽파
1	생강술생강
1	잘익은 찌개된장
1	논우렁살
1	버섯 표고
1	볶은 국물 멸치
1	감자 전분 가루
1	포도맛 마이구미
1	포도주스
1	루꼴라 넉넉하게
1	유자 간장
1	다진 풋 마늘
1	메밀라면
1	알배추 2잎
1	깻잎 3잎
1	물김치
1	설탕 자일리톨가루
1	배추 1포기분량
1	쪽파 대파 1대
1	레몬 1/6개
1	장조림 끓인 육수
1	온가족닭매운탕 닭
1	삶은 산나물
1	등갈비 20대
1	쌀뜨물 2컵 400CC
1	닭가슴살 중간사이즈
1	끓은물
1	팥고물
1	대봉감
1	소시지 선택
1	우무묵 채
1	부추 다듬은 상태에서 단 기준
1	열기 대자
1	홍고추 링
1	무생채 3젓가락
1	홍로사과
1	생강 진액
1	각종해물
1	고추짱아찌
1	고추가루 +α
1	콩나물 통통한것
1	다시마멸치
1	손질멍게
1	명이나물 장아찌
1	마늘 원하는 양을 준비해주세요 ~.
1	파인 소프트 T
1	파인 소프트
1	파인 소프트 C
1	핫소스 생략가능
1	어리굴젓
1	닭 1키로
1	햄 60g
1	시판 갈비탕
1	양상추 큰 잎
1	토마토 1/2~
1	기타 재료 2번
1	생 칼국수면 한묶음
1	크랩 맛살 작은것
1	미향맛술
1	절이는 굵은소금
1	참돔
1	양파액
1	콩불린 물
1	휘핑생크림
1	애호박 손가락마디
1	설탕 배부른
1	복음깨
1	오이고추 큰 것
1	건고추청양
1	배 키위는 1/2개
1	﻿﻿명란젓
1	양파 대체가능
1	버섯 대체가능
1	손질된 해파리
1	모짜렐라치즈 미니
1	삶은밤
1	적당히 물
1	파인애플 간것
1	햄작
1	시판불고기양념
1	마늘 넉넉히
1	호렴
1	자색 무일반 무
1	먹다남은닭
1	하노이쌀국수소스
1	게살 크래미 5개
1	소고기 삼겹
1	파프리카 색깔별1/2개
1	박고지
1	무 동치미
1	무 동치미 작은것
1	양파 or쪽파
1	손질바다 장어
1	우유 데워서
1	토스트용 식빵
1	다진양파 생략가능
1	청양고추가루 수복히
1	마늘 수복히
1	닭 날개 20개
1	닭 삶은 육수
1	숙두
1	대친 단배추
1	종이
1	소흥주술
1	노추간장
1	팔각향신료
1	콜리플라워라이스
1	코코팝 음료수
1	곤약가루
1	la식돼지갈비
1	쉬림프링
1	전복 중
1	전복 소
1	말린 무청 시래기
1	일반 쌀
1	카무트
1	페투치네 면
1	코르마커리
1	브로콜리니
1	반숙계란
1	프로틴
1	소고기나 돼지고기
1	올리브 기호에맞게
1	국수사리
1	잡채용
1	돼지고기 갈비찜용
1	곱게썬대파
1	두유 아무두유가능
1	멸치다시우린육수
1	시래기나물
1	요리 생강
1	와사비 선택
1	어린잎 새싹
1	미역 물에 불린후 썰은것 1컵
1	​실파
1	떡튀김 3개분
1	녹말물녹말가루3:물
1	계란 왕란
1	다이제 과자
1	땅콩 잼
1	방울이빵 13ea
1	생크림 식물성생크림도괜찮아요 .
1	반건조 우럭 250* 2
1	멸치 다시다 선택
1	베이킹파우더 5g
1	초코소스
1	불닭볶음면 컵
1	겉절이양념장 남은것
1	조개젓 듬뿍
1	볶은 깨소금
1	파 초록잎부분 듬뿍
1	모닝글로리 공심채
1	계란 만들려는 양+
1	체다치즈 없어도무관
1	팬에 바를 오일 이나 버터
1	반건조 가지
1	고구마줄기 껍질벗긴
1	쇠고기 5mm두께로 썬 깻잎크기
1	아욱 순 크게
1	파르펠레
1	적
1	양송이버섯 or표고 버섯
1	시판 토마토 스파게티 소스
1	우동 소스
1	어묵 썰어서
1	열라면
1	카레바몬드
1	부추 50원짜리
1	남은 회
1	샤프란우린물
1	파르메산치즈 가루
1	소고기 간 거
1	탄산수 1/3병
1	밀떡 떡볶이떡
1	멸치육수 물+멸치액젓
1	고등어노르웨이산고등어
1	각팬 25*25 1개분
1	무슬리
1	대추조청물엿
1	단과자빵 냉동 생지
1	유기농 비정제설탕
1	피자도우
1	언양식 소불고기
1	스트링치즈블럭체다치즈
1	데리아끼소스
1	찌게두부
1	청경채 생략가능
1	백설바닐라케익믹스
1	케이크용오일
1	큐브 생강
1	돼지고기 가브리살
1	고수 1묶음
1	단호박 작은크기 약1.5kg
1	물 팥 삶을 물
1	고구마 250g
1	멸치액 소스
1	마늘 소스
1	바리깻잎
1	새송이 버섯 다른 거 1대접
1	바닐라 아이스크림 1.5스쿱
1	큰얼음
1	바닐라 익스트렉 옵션 2~3방울
1	초코렛 토핑다크초콜릿 커버처
1	맛선생멸치한술
1	계란 or메추리알
1	쌍노두소스
1	갈치 큰거
1	갈치 작은거
1	통조림 콘옥수수
1	튀김가루 옥수수캔 기준
1	봄동 큰것
1	당근 250g
1	무 2cm두께 동그란거
1	모시
1	파 흰기둥
1	미나리 실파 대체 가능
1	식용유 2방울
1	잡곡빵
1	굴 900g가량 2파운드
1	미나리 400g
1	다진마늘 통마늘없으면
1	사과중
1	사과주스 180ml
1	볶은 통깨
1	찢어놓은 북어포
1	소세지 및 베이컨
1	피클 60g
1	방울토마토 40g
1	홀그레인 씨겨자
1	버터롤빵
1	콩가루 검은 생략
1	캐슈넛땅콩
1	우유 두유
1	토마토오이
1	깻잎장아찌피클
1	냉동 손질 낙지
1	소고기사태살
1	꽈리고추나 청양고추
1	흑인절미
1	배잼
1	닭가슴살 삶은것
1	오이 씨뺀것
1	송화버섯 160g
1	버터 취향에 따라
1	장아찌용 마늘
1	콩나물 1/2봉지
1	무 나박 썬 것
1	잔멸치 1밥그릇
1	햄 200g
1	가쓰오부시 선택재료
1	찹쌀가루 1소주잔
1	찹쌀풀 밀가루풀대체가능
1	자투리 김치
1	물 쌀뜬물
1	겨울초 유채 5~6cm 길이
1	쪽파 4~5cm 길이
1	산야초발효액
1	마늘 3술
1	새우젓 2술
1	시판 사골국물
1	시판 구운김
1	시판 장조림캔
1	오스카마이어 스모크 소시지
1	슈가데일 저염 베이컨
1	호멜 런천미트
1	파슬리 다진 것
1	다크초콜릿 중탕 처리 된
1	명란젓 하나2갈래 3뭉치
1	황태채 35g
1	개성 왕새우만두
1	식초 or발사믹식초
1	큰 갈치
1	고구마 큰거 보통사이즈3~4개
1	밀가루풀 1대접
1	진미채 1봉지
1	간장 3밥그릇
1	쫑쫑썬파
1	토마토 중
1	닭육수의 농축액 Broth
1	토마토 무스
1	쯔유 국간장 1/2T
1	흑임자검은깨
1	불고기용 소고기 조금 두텁게
1	팽이버섯 기호에맞게
1	딸기 파우더
1	홍차 잎
1	매운 굴소스
1	식초 1소주잔
1	우거지배추무청얼갈이
1	데쳐 낼 물
1	늙은오이노
1	돌자반가루
1	알타리 줄기
1	대파 손가락마디
1	레몬즙 or라임즙 3방울
1	현미밥 1/2그릇
1	파프리카노랑 미니
1	파프리카빨강 미니
1	간마늘 작은
1	미역국
1	편떡 약 140g
1	카누 커피 2포
1	스테이크용고기
1	마늘 5~6개
1	식은 밥 수북히
1	청고추 홍고추
1	베이컨 or슬라이스햄
1	오리로스
1	표고버섯 말린것
1	멸치 손질한 것
1	솔치 말린것
1	홍합 말린것
1	황태포와 황태머리
1	파뿌리 말린것
1	다시물 다시팩1개+물3컵
1	국산콩부침용두부
1	오이 손질 후 128g
1	크래미 75g
1	달래 한줌
1	우삼겹 쇠고기
1	토마토주스
1	밀가루 중력분 1컵
1	배추 먹을
1	설탕과 물엿
1	조미김 선택
1	북어채볶음
1	도토리묵 1대접
1	물 7대접
1	송송 썬 영양부추
1	트러플초콜릿
1	롤 과자
1	해바라기씨 초콜릿 생략가능
1	파인애플 140g
1	벨큐브치즈
1	삶은 달걀 추가
1	물 소면 삶을 때
1	데친 곤드레나물
1	흰죽
1	간장 간장은 가감하세요
1	채소 마음껏
1	총총썰은 대파
1	튀김용포도씨유
1	애플민트가루
1	오리슬라이스
1	감자 어른주먹크기
1	호박 삶은물
1	우유 200~250ml
1	무 큰크기 1.3Kg
1	적채 선택가능
1	인스턴트 스틱 커피 미니
1	월계수잎 작은거
1	삶은 얼갈이배추우거지
1	우렁살 많이
1	무 채썬 것
1	식용유 소스용
1	물녹말전분
1	만두피 찹쌀왕만두피 125장
1	당면 삶은면무게
1	버터 필링
1	바닐리액레몬즙
1	계란찜용기
1	생강 갈아서
1	도니장
1	꽃게양념
1	쌈용무
1	당근 총 420g
1	식물성 버터
1	샤워크림 원하는
1	국시장국 쯔유
1	딸기잼 선택 기호에따라
1	유부초밥세트 14장
1	밥 3~4주걱
1	붉은고추 썬것
1	신김치국물
1	대파 채쳐서준비
1	가스오브시
1	햄버거용 빵 2세트
1	쌀식초 200cc
1	양상추 3잎
1	마른 홍합
1	새싹삼
1	닭볶음탕용 닭 1.2kg
1	소고기 양지고기
1	사골국물 1000ml
1	소국거리
1	물 1/2~
1	생물 고등어大
1	정종미림
1	설탕 신김치일 경우
1	고춧가루 깎아서
1	탄산음료 코카콜라
1	고구마 5개
1	소고지 양지 샤브샤브용
1	먹기 좋게 썬 알배추
1	연근 슬라이스
1	녹두납작 당면
1	굵게 썬 대파
1	편썬 통마늘
1	하이디라오 마라샹궈소스
1	고춧가루 가득
1	강정틀
1	면장갑
1	해바라씨
1	기름 포도씨유 등
1	봄동 손질 후
1	줄기콩 데친것
1	허브가루후추
1	양송이버섯 1/
1	자멸가이리
1	변색된 김
1	어간장국간장
1	크래미 김밥용
1	겨자 분말가루
1	우엉국산
1	깻잎깨바라
1	미역 13g
1	다시마 4cm 정도 크기
1	고추 아무거나
1	베트남고추or청양고추
1	키드니빈
1	배추김치 4잎
1	간장 _ 밑간용
1	가나 초콜렛
1	화이트 초콜렛
1	데친 고추잎
1	갈아놓은 깨
1	멜론중
1	볶음탕용 닭 1Kg
1	카라멜색소
1	물 아기 컵
1	산 마
1	불려 갈은 쌀
1	손질머위
1	해찬들자연의시간표대로고추장골드
1	배추김치 잎
1	어슷썬 홍고추
1	무순 새싹
1	토마토생크림 스파게티소스
1	된장소금
1	고추가루 생략가능
1	육수 낼 물
1	물 병아리콩 삶은 물
1	타이머
1	돌자
1	검은깨 옵션입니다.
1	미역 줄거리
1	등갈비 삶은 물
1	새송이버섯 양송이버섯대체가능
1	돼지고기앞다리나 뒷다리
1	간장 1큰술당 고기한줌 - 고기양에 비례
1	딸기 코팅 초콜릿
1	딸기 블로썸
1	스틱과자 11cm
1	바닐라 케익시트 1호
1	초코 케익시트 1호
1	다크 코팅 초콜릿
1	채 썬 무 1대접
1	인스턴트 밥
1	추가김
1	물 50~100ml 소량
1	가자미액젓
1	전복 손질된 싱싱한 중
1	당근 작
1	건표고 작은것
1	장조림용 물
1	단감즙
1	와인 200ml
1	블루크랩 원하는
1	야채 각종야채
1	착한송이버섯
1	양배추 반통크기
1	LA갈비 찜용
1	양파 당구공 크기
1	마요네즈 먹을
1	솔방울오징어
1	전복소
1	쇼좌빙냉동제품
1	손질한 고등어 조림용
1	판매간장
1	카놀라유.아보카도유 향없는 올리브유
1	황설탕유가농
1	메추리알 약56개
1	다시마 가로 x 세로 5cm
1	​김치
1	햄 작은 것
1	물기 짠 파래 1줌 100g
1	곱게 채썬 무
1	어슷썬 청양고추
1	느억맘소스
1	멸치육수 600ml
1	명란젓 4덩어리
1	콩비지 2대접
1	돼지고기간것 1대접
1	다진마들
1	볶음양념 간장
1	카놀라유 기타 식용유
1	말린 파뿌리
1	알밤생밤
1	설탕 75g
1	과자용 밀가루 120g 박력분
1	녹인 버터 90g
1	채썬 쇠고기
1	돼지고기 or닭고기
1	당근작은거
1	감태 김
1	디존머스터드
1	반건조우럭
1	배추 시래기
1	사과 음료
1	저렴이와인
1	냉동만두 쪄놨던것이 있어서리
1	쇠고기 홍두깨살
1	맥주 or콜라
1	다진 파 고명
1	훈제 파프리카파우더
1	늙은 호박 채
1	부침용
1	다시다 안 넣어도 됩니다
1	생강즙 생강 1
1	주화 파프리카
1	한천 가루
1	전장 조미김
1	포프리 두부
1	﻿멸치
1	얼음 기호에맞게
1	돼지고기앞다리살 수육용고기
1	동원연어콜드스모크 로즈마리앤 페퍼 140g
1	양상추 잎
1	오이피클 슬라이스
1	백오이 반접
1	건 마른 매운고추
1	레시피 게살
1	치킨 볼
1	양파 진짜 작은거
1	감자 주먹싸이즈
1	물 1200cc
1	양념 LA갈비 = 뼈 개수 6조
1	감식초 일반식초도 됨
1	각종 전
1	김치 냉장고 자투리 기호에맞게
1	버섯 냉장고 자투리 기호에맞게
1	햄 냉장고 자투리 기호에맞게
1	두부 냉장고 자투리 기호에맞게
1	베이컨 대패 삼겹살
1	말린 페페론치노고추
1	짠김치
1	뼈없는 닭발
1	멸치국수
1	미역 불린미역 1대접
1	북어포 1대접
1	다시물 5대접
1	손질한 대구
1	텃밭 무
1	시판 치킨 소스갈비천왕 소스 1병
1	생닭 800g
1	통조림 연어
1	파 파란부분
1	식초 약4큰술반
1	돼지 통삼겹살
1	배추 꼬갱이
1	청량고추 홍고추
1	뼈다귀
1	만두용돼지고기
1	과일류
1	토마토페이스트 or피자소스
1	다시마 밑국물 2+
1	잘익은 포기김치
1	닭가슴살통조림 160g
1	아가베시럽 설탕
1	올리고당 등
1	해찬들자연의시간표대로된장골드
1	청양고추 or풋고추
1	꼬지전 외
1	파래 2줌
1	굵은소금 파래 세척시
1	국간장 나머지 소금
1	스텐접시
1	한우 육회
1	아몬드 밀크
1	옥수수 원하는
1	치즈 원하는
1	핸드원목도마
1	미더덕오만딩
1	꽃게 생물
1	우스타소스 1소주잔
1	밀가루 1소주잔
1	버터 1소주잔
1	케찹 1소주잔
1	김치 500g
1	돼지앞다리살 300g
1	배추잎 삶은것
1	단과자알생지
1	크랜베리다진것
1	​꼬마 전복 30미
1	돼지고기전지목살삼겹
1	가랑어포
1	돼지고기 2주먹
1	신김치 돼지고기와동일량
1	미니 떡볶이떡
1	가츠오브시
1	진한 육수
1	오뚜기 짜짱
1	오색가래떡
1	홀스래디쉬 소스
1	생강마늘
1	왕새우머리육수
1	홍합 모시조개 등
1	돼지고기 안심채
1	시판 사골곰탕 국물
1	양파 채친것
1	샐러리연한속잎
1	부침가루 or튀김가루
1	풋고추 큰 것
1	돼지고기 100g
1	한우소고기 600g
1	곰삭은멸치액
1	진간장 300ml
1	쯔유일본식 간장
1	올리브통조림국물
1	블랙올리브 다진것
1	쌀떡 원하는
1	소고기 다진거
1	긴 소세지
1	사각어묵 200그램
1	청양고추 청고추 1~2개
1	소불고기 슬라이스
1	참치 75g
1	씨겨자등등
1	양념한명란젓
1	햄버거빵과 잉글리쉬머핀
1	양조간장 or저염액젓
1	전분 1테이블스푼
1	간장 1테이블스푼
1	물 1테이블스푼
1	식물성오일 2테이블스푼
1	갈색설탕 2테이블스푼
1	밀가루 2테이블스푼
1	미림 1테이블스푼
1	오일 3테이블스푼
1	브로콜리 중간사이즈로
1	총각 김치 1대접
1	계량볼
1	청주청아
1	통삼겹살 5cm두께
1	1차 200도 10분
1	2차 200도 10분
1	3차 200도 5분
1	소고기한우채끝살 1cm두께
1	소금 넉넉하게
1	1차 200도 5분
1	2차 200도 5분
1	센트룸 포커스 신바이오틱스 100
1	백설돼지갈비양념
1	맛술 로즈마리
1	카옌 페퍼
1	​ 통깨
1	멸치자멸
1	새우 자숙새우냉동
1	부추 작은것
1	얇게 썬 목살
1	페페로치노 홀
1	고춧가루 2tS
1	오징어대
1	고추가루 매운것
1	조미료다시다
1	땅두릅
1	바질가루허브가루
1	국간장 소금가감
1	백설탕 or흑설탕
1	동태머리와갈비
1	손질한 장어 600g
1	훈제닭가슴살 100g
1	양상추 로메인상추쓰시면 더욱좋아요 .
1	미림 이나 소주
1	요리수
1	분절 다시마
1	손질된 해산물
1	엿기름 500g
1	콩고기
1	주스 1잔
1	말린 버섯
1	불고기 양념장 1병
1	두부 110g
1	소고기 등심 스테이크용
1	백설뚝배기불고기양념
1	백설제일제면소국산100%당면
1	깡통햄 작은거 큰거 1/2개
1	미림 없으면 생략
1	표고버섯물
1	분말 육수 2포
1	쇠고기 다진것 목심or우둔
1	넓적당면 기호에맞게
1	베트남고추 기호에맞게
1	물 통조림 캔
1	천일연
1	불린미역 국물 짜서
1	참치액젓 이나 국 간장
1	볶은콩가루 듬뿍
1	미림 1바퀴
1	약통
1	냉동손질낙지
1	스리랏차소스칠리소스
1	대파A
1	대파B
1	물 약 400ml
1	헤비 크림
1	크림스튜 블럭
1	꽈리고추 or애고추
1	갈은 돼지고기 300g
1	쥐포 구이채
1	불린 현미쌀
1	영계 젤작은닭
1	찹쌀불린것 1/4컵
1	삼계탕용 티백
1	수삼 생략했어요
1	불린쌀 찹쌀 1/4컵
1	닭육수 쌀의 6배
1	소고기 불고기용 1.5파운드
1	당근 채 썰은
1	닭 윗봉
1	마늘후레이크
1	고춧씨 고춧가루
1	다진 생강 생강분 생강즙 가능
1	내장 뺀 고등어
1	유자 효소
1	부지깽이 나물
1	백김치 채썬 것
1	백김치 국물
1	비비고 사골육수 500ml
1	무 소량
1	무 생략 가능
1	갈릭쉬림프
1	물 콩나물국 끓일때
1	콩나물 중간에 콩나물 건더기 250g건짐
1	맛소금 1/3~1/4 T사이
1	무 7cm
1	방풍 잎
1	타임 다른허브 생략가능
1	단호박 검은깨식빵
1	오뚜기 생쫄면
1	두부 팩
1	물 두부팩 가득채워 약 900ml 3번
1	청정원알프레도파스타소스
1	매실액 2oz
1	짐빔 2oz
1	사이다 가득
1	얼음 가득
1	하이볼잔
1	황태나 북어 크게
1	뱅어실치 크게
1	간장소스 1밥그릇
1	스끼야끼 간장
1	돼지감자 감자양
1	포카치아 빵
1	할라피뇨 작은 것
1	초코 필링 사용할
1	식용색소 사용할
1	오징어 다리 150g
1	절편 400g
1	분말 크림수프
1	닭가슴살 통조림 1캔 135g
1	닭가슴살캔 국물
1	파인애플 식초
1	다시마 4 x 4cm
1	바케트
1	목살돼지고기
1	9호 닭
1	봄동배추
1	초간장 간장 1T+식초
1	닭가슴살 먹을
1	계란 휜자
1	소고기 당근볶음
1	미나리 다진것
1	홍차티백홍차잎
1	들깨가루 수저 기준
1	가당 생크림
1	바닐라빈 씨
1	깔루아커피
1	레이디핑거 쿠키
1	식용유 잠길
1	구운파래김
1	고운깨가루
1	미니꼴뚜기 1접시
1	아몬드 생략가능
1	쪽파 김치
1	당면 불리기
1	MSG 기호
1	쪽파큰단
1	만두 제외가능
1	피쉬볼
1	천일염 하는양에따라
1	들깨가루 박피
1	대파 다진대파
1	파스타면냄비
1	햄 베이컨
1	매운건고추청양고추
1	갈릭솔트소금
1	해삼 채
1	물 찹쌀 불린 양의 3배
1	전복 내장
1	빵반죽
1	뽕잎순
1	소금 뽕잎 데칠 때
1	돼지목뼈 큰거
1	생강 5슬라이스
1	시판 돼지갈비소스
1	천연감미료 스워브
1	맑은액젓
1	초피 액젓
1	대파어슷썰어서
1	쌀뜨 물 4그릇
1	옛날 납작 당면 오뚜기
1	오뚜기 비빔장
1	포모도르파스타소스 1병
1	다진소고기 베이컨 8줄
1	미니 약과
1	휘낭시에틀
1	건 오미자
1	가스오부시국물
1	복숭아젤리믹스
1	꿀 or아가베시럽
1	식용색소 소량
1	고들어캔
1	만가닥버섯 100g
1	토마토 중간것
1	꿀 이나 설탕
1	꽃게암게
1	오만둥이미더덕
1	정종 or소주
1	당면 500원크기
1	표고버섯 슬라이스 or버섯
1	머스타드버터
1	데친세발나물
1	닭가슴살 선택
1	​밥
1	오리고기 훈제
1	시판 사골곰탕 500g
1	고구마 나감자 취향것
1	생강가루 없음생강반개
1	찰 매생이 한재기
1	부침가루나 밀가루
1	모차렐라치즈피자치즈
1	대추 우린물
1	어음
1	김치찌개용 참치캔
1	땅콩등
1	맛간장 t
1	둥근호박 연한 초록빛 1.3kg
1	손질한 볶음 멸치
1	꿀무가당플레인
1	월남쌈페이퍼
1	케이연페퍼
1	노각 큰거
1	돼지 곱창
1	불린당면 생략가능
1	만능육수
1	우리팜델리 or스팸
1	가오리
1	해바라기씨유 or포도씨유
1	참치캔 작은캔
1	쌍화탕 2병
1	생강술 소주.미림
1	달걀 작은것 6개
1	모둠생선알
1	초유
1	샤브샤브 용 소고기
1	알배추 작은거
1	참치통조림 250g
1	요거트 파우더
1	허브 튀김가루
1	마른 황태 100g
1	마요네즈 15g
1	진간장 15g
1	계피 조
1	베이글 데치는 물
1	베이글데치는 용 설탕
1	사골육수 코인
1	피홍합
1	해산물 육수
1	딱새우회
1	문어숙회 다리
1	붉은고추홍고추
1	저온 숙성 고등어
1	바베큐소스 매운맛
1	피망 홍ᆞ노랑
1	천일염 1대접
1	육수멸치다시마육수
1	부드러운 복숭아
1	표고버섯 느타리도 좋아요
1	고운청양고춧가루
1	자른표고버섯
1	레드 파프리카
1	토마토 작은거
1	돈까스용 등심
1	미작
1	양념 우엉
1	쌈무 만든것
1	미역 불려서
1	거름채
1	장아찌
1	튀밥
1	견과류 땅콩 호두 등등
1	간 소고기양지
1	다시마 4x
1	냉동 우동사리
1	석류 청
1	현미 밥
1	두부조림
1	호박 3cm
1	설탕​
1	다하누 불고기
1	살라미햄
1	면 삶기용 물
1	몽글이순두부
1	맛간장 or파절이
1	​대패 삼겹살
1	꼬마 사각어묵
1	주황
1	케찹 소스
1	설탕코코넛설탕
1	감자 큰 것 2+
1	카놀라유 2개 분량
1	닭도리탕용 닭고기
1	중간크기 소금
1	꼬시래기 듬뿍
1	홍고루
1	깨 소주잔
1	표고버섯새송이버섯
1	얼갈이배추 데친것
1	손질된 고구마순 줄기
1	빨강파프리카 다진것
1	노랑파프리카 다진것
1	갈은깨 듬뿍
1	꿀조청
1	자른 북어포 1대접
1	꼬들밥
1	고구마 약150g
1	절인수박채
1	파슬리가루 양껏
1	쌀함지
1	소고기 2인기준
1	시판용 감자수제비반죽
1	왁스페이퍼
1	피조개 1Kg
1	한방파우치
1	토마토쿨리
1	생태 큰
1	쌀뜨물 2.5국그릇
1	천하장사 소시지
1	세척솔
1	깍두기 다진것 1그릇
1	김치 쫑쫑 썰어서
1	생닭 삼계탕용
1	시중에 판매하는 삼계탕용 티백
1	닭 뼈
1	파인애플 1/2슬라이스
1	익힌 닭가슴살 큰사이즈
1	참치캔 1통 150g
1	당근 두께 1cm
1	요리당 추가분
1	잘은조기
1	봉지스프
1	청양고추풋고추
1	순살갈치
1	서리태 검정콩
1	돼지갈비 두근
1	간 양파 중 양파 1개
1	커피 카누가 좋음 1포
1	간 배 양념장에 쓰임
1	쌀뜨물생수
1	유부초밥 2인분용 팩
1	맛간장 or진간장
1	황칠나무
1	돼지고기볶음고추장
1	청경채 1묶음
1	멸치육수 3.5l
1	무 2cm 두께
1	당면 간장 2숟가락
1	마씨
1	된장 조금 못 되게
1	고추장 된장의 반
1	냉동 케이준 치킨
1	냉동 후렌치후라이
1	생크림 300ml
1	총각김치 1국그릇
1	조미료 or설탕 취향껏 소량
1	양배추끓인육수
1	저염 간장 약간
1	냉동 게
1	맛술or소주
1	오리구이용 오리
1	각종채소 호박
1	도토모
1	집된장 청국장 짠맛에 따라 가감
1	육수 1/
1	갈비삶은육수
1	다시마 큰것
1	바나나오일
1	차돌박이 1밥그릇
1	곤약잡채
1	중국부추 1묶음
1	가지 말려서 데친
1	남은 전 1접시
1	멸치액젓 3방울
1	더덕 껍질 깐
1	쪽파 10가닥
1	스프링클3종류
1	시리얼2종류
1	막대기 꼬치
1	스파게티소스토마토소스
1	후추 한꼬집
1	로보똠얌페이스트
1	배추 노란 잎
1	쇠고기 샤브용
1	김치다짐
1	새우젓다짐
1	쪽파 후추
1	건홍합 100g
1	모듬 해초
1	자른 당면
1	쌀 2맥주컵
1	사각 어묵 납작한것
1	간장 건더기
1	멸치 다시다팩
1	닭 삼계탕용
1	돼지고기 등심 두께 2센티
1	동부묵
1	순두부양념장
1	고추잔
1	머위대나물
1	닭볶음탕용닭10호
1	캬라멜소스
1	썰은 홍고추 있으면 고명
1	파스타면 500원크기
1	잘린조갯살
1	생강즙가루
1	새송이 버섯 or양송이
1	진미채백진미
1	함초소금 이나 소금
1	국간장참치 액
1	식힌밥
1	소시지 비엔나보다 살짝 더 커요
1	명란마요네즈
1	김치 푹익은것
1	춘장 크게
1	종합해물
1	붉은고추 1밥그릇
1	새우젖건더기
1	큰 포기배추
1	천연가루 시판용도가능
1	갈은돼지고기소고기
1	버섯 생략가능 양송이
1	소고기 산적용 설도
1	뮤즐리 400g
1	쌀 올리고당
1	돼지고기 앞다리살 반근
1	동태 900g
1	버섯 있으면
1	대파 뿌리 포함
1	양파 껍질 포함
1	구운조기 25cm
1	청국장 1뭉치
1	낙지 중사이즈
1	고추장 삼인분기준
1	진간장 삼인분기준
1	설탕 삼인분기준
1	참기름 삼인분기준
1	사과식초 삼인분기준
1	사이다 삼인분기준
1	우스타소스 삼인분기준
1	간마늘 삼인분기준
1	연두부 팩
1	알배추중
1	육수 쌀뜨물+멸치육수
1	소금 입맛에맞게
1	케챱 자기양껏
1	설탕 +1큰술
1	안데스마카분말
1	아기대접
1	토마토 홀토마토 가능
1	체다치즈간것
1	현미 유
1	당근 반에 반에
1	갈은 파인애플
1	송송 썬 쪽파 소량
1	닭中
1	흑설탕 간이 좀 심심한
1	돼지등심 2덩어리
1	마른 밀가루
